"А.", "1. Қарақалпақ әлипбесиниң биринши ҳәриби. «А» десең аяғын, «Т» десең таяғын көтереди (кқ.х.н.). 2. линг. Қарақалпақ тилинде ашық, жуўан даўыслы езиўлик сес. Тил тутасы менен кейин шегинип, тил түбиниң жутқыншақ дийўалына жақынласыўы, тил артының көтерилиўи, тилдиң алдынғы бөлиминиң түсиңки ҳалда болыўы, жақтың кең ашылыўы арқалы а фонемасы жасалады (Ҳәзирги қарақалпақ тили. Фонетика). 3. Дәнекер. Сапаров мен боламан, а мынаў — жолдас Федотов (Ш.Сейтов). 4. Ой-пикирди санап көрсеткенде биринши, әўелги дегенди билдиреди. Даралық санлар екиге бөлинеди: а) түбир санлар; б) дөренди санлар (Ҳәзирги қарақалпақ тили); 5. т.с. «Әй!», «Ҳәй!» сөзлерине мәнилес, биреўдиң нәзерин аўдарыў ушын айтылатуғын сес. А, патшайым, патшайым, Кетти мениң талайым (Қарақалпақ фольклоры); А, ал, моллекең енди рәўият айтады, — деп Аман оған жақынлай түсти (М.Нызанов). 6. Қорққанда яки қатты албырағанда айтылатуғын сес. А-а-а-а! Мисли терең суўға сүңгип, деми таўсылғанда суў бетине «зоңқ» етип шыққан адам киби бир замат ойлар теңизиниң қушағынан босанған қария әлленемирде өзине келди (К.Кәримов). 7. Таңланыў пайытында айтылатуғын сес. Япырмай, а! Ойламаған ўақыя ғой мынаў! (М.Нызанов); А-а, айтарың бар ма? (К.Султанов); 8. Сораў мәнисинде қолланылатуғын таңлақ. Журтқа қайсы бетиң менен қарайсаң, а? (М.Шолохов); Келген бийлердиң бийноқыясын айтып таныстырыўды умытпайсыз ғой, а? (Т.Қайыпбергенов).
"А витамини." "мед. А витамини адам көзиниң қәбилетин жақсылайды (Фармакология).";
"А дегенде.","Дәслеп, әўел. А дегенде аяғын көтереди (Қарақалпақ фольклоры)";
А дегеннен. Бирден, тосаттан. А дегеннен жаныўар тикке шапты топылымға (Қарақалпақ фольклоры).
А дегенше. Жылдам, тез, ҳәпзаматта. А дегенше аттың шаны аспанға көтерилди (Қарақалпақ фольклоры).
«А» десе «Мә» дейтуғын. аўызеки. а) Қарсыласып айтыса кететуғын, дәс бермейтуғын, бетке шабар. Оның «а» десе «мә» дейтуғын қыңыр минези бар; б) Тапқыр, зийрек. Ол «а» десе «мә» деп жылдам жуўап табатығын зийрек оқыўшы.
А, Қудай., Аллаға сыйыныў, жалбарыныў, тәўбеге келиў. А, Қудай, тоба, жала бәлесинен сақлайгөр! (Қарақалпақ фольклоры); Күни-түни Алладан рәхмет тилеп, а-Қудай менен жасап, бүгинги жарқын күнлерге жетип, жасларга билген-түйгенин нәсиятлап отыр (Г.Есемуратова).
АБАД қ. Абат.
АБАДАН кел. Жеткиликли, мол, көп, қурғын, баршылық. Халық шағлап мустақил Өзбекстанда, Дүнья тыныш, еллер абадан болсын (И.Юсупов). Әдира қалғыр туўған жер, Болмаған соң абадан (Жийен жыраў).
АБАДАНЛАСТЫРЫЎ абаданласыў фейилиниң өзгелик дәрежеси.
АБАДАНЛАСЫЎ ф. Қурғынласыў, молшылыққа ерисиў, байыў, гүллениў, өсип жетисиў. Бизиң мақсетимиз күннен-күнге абаданласыў (газетадан).
АБАДАНЛЫҚ ат. Молшылық, тоқшылық, барлық, қурғынлық, жетискенлик. Бахыт, абаданлық жолдасың болып, Жайнасын келешек заманың сениң (И.Юсупов). Абаданлық ҳәм гүллеңген ураны, Халқымыздың кәлеп алған ерки бул (И.Юсупов).
АБАДАНШЫЛЫҚ ат. Молшылық, жетискенлик, қурғын дәўир, абаданлық. Арық мерген жигитлери менен аң аўлап, ели-халқы абаданшылықта жасап, жақсы турмыс кеширипти (кқ.х.е.).
АБАЖУР ат. Күшли жақтылық көзди (шағылдырмаўы) қамастырмаўы ҳәм тийисли орынға ғана топланып түсиўи ушын лампаның үстине орнатылған (гезлеме, қағаз т. б. нәрселерден жасалған) қаплама, шыра қалпақ.
АБАЙ ат. Қорғаныш, сақлық, ес, абай-сиясат. Сен билмейсең мениң жайым, Оның менен тең қудайым, Керек емес бос абайың, Тек тур, — деди Айдос баба (Бердақ).
АБАЙЛАМАЙ р. Сезбей, серлемей, билмей. Оксананың қайсы есикке кирип кеткенин абайламай да қалдым (М.Нызанов). Дәлибай болса атасының келгенин де, не айтып турғанын да абайламай, қызлардың изинен еле қарап тур (Г.Есемуратова).
АБАЙЛАЎ ф. Серлеў, сезиў, сақ болыў. Неде болса абайла, ондайға үйир болма, «аш қулақтан тыныш қулақ» деген, балам, аўлақ жүр, аўлақ! (Г.Есемуратова). Оны жаңа абайладық (М.Нызанов).
АБАЙЛЫ кел. Дыққатлы, серли, әсте-ақырын, жай менен, сақ. Жигит, абайлы бол, бул сондай бийик, Мингениңди өзиң билмей қаларсаң (И.Юсупов). Лекин, цемент түсиргенде өзиң абайлы бол (М.Нызанов).
АБАЙ-СИЯСАТ ат. Көзабаға қыр көрсетиўшилик. Шопанларға келип, абай-сиясат қылып, түсингенлерине нәсият айтып, ханнан келген жасаўыл не деп турыпты (Ө.Хожаниязов).
АБАЙСЫЗ р. Аңламастан, байқаўсыз, байқамастан, дыққатсыз, серсиз, аңсыз, билместен, ғапылда, аңлаўсыз. Таўдан бир шақырымдай өтти ме, өтпеди ме, абайсыз киятырған келиншек селк ете қалды (Ш.Сейтов). Сонда абайсыз келип демде, Биреў көзин басты әсте (И.Юсупов).
АБАЙСЫЗДА р. Аңсызда, аңлаўсызда, ойламағанда, ғапылда, билместен, байқаўсызда, ойламаған жерден. — Урыс та, урыс! Түсинбестей ҳеш нәрсеси жоқ, Айсултан, — дейди Толыбай ағам, — жаў деген нәлетий абайсызда жуп жағадан бирден тутты дә! (Г.Есемуратова). Өзиниң айтыўынша, ол томар гөўлеп атырғанда абайсызда аяқларын балта менен шаўып алыпты (Ә.Шамуратов).
АБАЙСЫЗЛАЎ р. Серсизлеў, байқанқырамаў, гүмансыздан, билинкиремеў, ғапылда. Алдындағы инилери абайсызлаў турғанда, Көк желкеге салады (Бердақ).
АБАҚ ат. Жылымның етеги, шети, жийеги. Ара-тура салған жылым, абағым, Майлағанда үйип келер қабағын (С.Нурымбетов).
АБАТ кел. Баршылық, молшылық, тоқшылық, қурғынлық, қурғынлылық, жуқналылық, жеткиликлилик, мол, бар, ағыл-тегил, есап-сансыз, таусылмайтуғын. Жийенге ҳақ нәзер салды, Мал дүньясы абат болды (Бердақ). Еки дүньясы бирдей абат болсын жигиттиң! (Т.Қайыпбергенов).
АББАЗЫ ат. Бурынғы Хийўа ханлығының тусындағы пул бирлиги. Бәршеси еки аббазы. Байға болмас көби-азы, Болсын бийшара разы, Ҳақысын бергил шерменде (Өтеш шайыр).
Аббаз шайы — ески пул бирлиги. Бес жыл жүрдим аббаз шайы тиллаға, Бул дүньяға шыққанымнан не пайда (Омар шайыр).
АББРЕВИАТУРА ат. Сөзлердиң жазыўдағы шәртли түрде қысқартылыўы, сондай-ақ, еки ямаса бир неше сөзлерден қысқартылып алынған сөз. Мысалы: ҚМУ, АҚШ, БМШ, МПЖ, ТашМАУ.
АБЗАЛ I р. Артықмаш. жақсы, дурыс, тәўир. Бул күйиктен фронтқа кеткеним абзал ғой (К.Султанов). Ҳәр туўылған перзент қымбат биз ушын, Ол пүткил дүньяның мүлкинен абзал (И.Юсупов).
АБЗАЛ II ат. Қурал-сайман, ер-турман. Атасы Байбөри балам атқа минер деп нийет етип соқтырып қойған он қараға турарлық ат абзалы бар («Алпамыс»).
АБЗАЛЛЫҚ Артықмашлық. Пақса жайлардың абзаллығы — қыста суўықты, жазда ыссыны ишке өткермейди (М.Нызанов).
АБЗАЛЫРАҚ кел. Мақулырақ, дурысырақ, жақсырақ, артықмашырақ. Ырасында да оны кеўлим күсеп турғандай болса да, жеккеликтиң дәрисин абзалырақ көрдим... (Т.Қайыпбергенов). Оған дүньяда Рүстемнен мәрт, Рүстемнен абзалырақ инсан жоқ еди (М.Нызанов).
АБЗАЦ ат. Текст басындағы яки оның айырым пикир билдирилген бөлегиндеги биринши сөздиң биринши ҳәрибин жазыўда оңға қарай жасалған сәл шегинис, таза жолдан басланған жазыў, бир таза жолдан екинши таза жолға шекемги аралық, жазыўдағы ең дәслепки жол. Абзацтан жазыў.
АБИТУРИЕНТ ат. Жоқары оқыў орнына кириўши, ҳүжжетин енди ғана тапсырған оқыўшы.
АБОНЕМЕНТ ат. Бир нәрседен пайдаланыў ушын алынған ҳүжжет, келисим бойынша бир нәрсени шәртли ўақыт ишинде тийисли баҳасы менен пайдаланыў ҳуқықы. Театр абонементи. Автобус абонементи.
АБОНЕНТ ат. Абонементке ийе болған адам, абонементи бар киси. Телефонның абоненти.
АБОРТ ат. Баланы ўақтынан бурын операция жолы менен алып таслаў усылы, бойдан түсириў жолы.
АБСОЛЮТ I ат. Идеалистлик философия түсинигинде әлемниң мәңгилик өзгермейтуғын дәслепки негизи (руўх, сана).
АБСОЛЮТ II кел. Турақлы, тыянаклы.
АБСОЛЮТ III ат. Идеалистлик философияда ҳәмме нәрсениң мәңги ҳәм өзгермес негизиниң ҳақыйқатлығы.
АБСОЛЮТИЗМ ат. Мәмлекетлик бир адамның шексиз басқарыў формасы.
АБСОЛЮТЛИК кел. Шексиз, шекленбеген, пүткиллей, шексизлик, патшалық.
АБСТРАКЦИЯ ат. Заттың белгисине, кәсийетине қарамастан ойлап шығарыў.
АБЫЗӘМЗӘМ ат. Зәмзәм суўы — мусылманлардың теберик деп есаплайтуғын Кәбаның жанындағы қудықтың суўы. Абызәмзәм янлы шийрин суўың бар. Ўатан жерин абат еткен дәрьясаң. (С.Нурымбетов). Абызәмзәмниң суўындай биреўлердиң таза муҳаббатын урладың сен нәлетий урыс (Ө.Хожаниязов).
АБЫЛАЙСАҢ ат. 1. Парсыша абинәйсан — нәйсан (апрель) айында жаўған жаўын, бәҳәр жаўыны, нөсер. 2. Миф. Қазақ, қарақалпақ халықларында гезлесетуғын аңызларда дүзде өлген Абылайсаң батырдың денесин жуўыў ушын жаўған жаўын. 3. Сел болып аққан көз жасы. Абылайсаң жамғырдай. Көзиниң жасы мөлтилдеп, Етегине куяды (А.Дабылов).
АБЫНЫЎ ф. Қаптырылыў, сүриниў, кеплениў, тапланыў, ет бетинен түсиў. Муширип қақаң етип, ердиң үстинен секирип, аттың жалына абынып кетти (К.Султанов), Қалғанларымыз ошаққа абынып, молламдөгерек болып отырмыз (К.Султанов).
АБЫРЖЫ кел. Муздың ҳәлсиреген ўақты, қолайсыз, ҳәлсиз, қәўипли. Муз ҳәлсиреп, жол абыржы болғаннан берли үйине келгенди де қойды (А.Бегимов). Муз бир қатып беккемлеспей турып, жыллы болып кетсе, абыржы болып үстинен адам жүре алмайды (Қ.Ирманов).
АБЫРЖЫЎ ф. Гүдиклениў, гүманланыў, тынышсызланыў, енжарланыў. Ол өзиниң абыржыў ойларын Маман менен ортакласпады (Т.Қайыпбергенов). Зоя достының биймезгил ўақытта уйқылап жатқанына абыржыў ойлары пайда болды (А.Бекимбетов). Қара көзлерде абыржыў пайда болды (Т.Қайыпбергенов).
АБЫРАЙ ат. 1. Атак, даңқ, мәртебе. Колхозшылар арасында, район алдында искерлик күтә абырай (Қ.Досанов). 2. Адамгершилик, қәдир-қымбат, уят. Адам болсаң абырай изле, Отырар орныңды гөзле, Тиллериңди тартып сөйле, Алмаң, — деди Айдос баба (Бердақ). 3. Еле де, оңлы, жақсы, қолай, дурыс, сәтли, кеўилдегидей. Абырай, таяк жеген баланын денесине дақ түспеген екен (Қ. Айымбетов). Шертип қалмак кетти пәрең, Әкең сениң Есет герең, Болыс болсаң адам жер ең, абырай ақсақал болғаның (Бердақ). ◊ Абырай барда — қәдирли ўақытта, ертерек, ўақтында, алдын алып, күн бурын, гөжени төгип алмастан бурын. Қамшы басып атына, Бурылмастан артына, Абырай барда аўылға, Атының басын бурады (Бердақ). Телефонның трубкасын усы абырайымның барында жыллы орнына апарып қойдым (Ө.Айжанов). Абырай төгиў — қәдирин кетириў, абырайын қашырыў, баҳасын түсириў, абырайсызланыў, қәдирсизлениў. Ат суўытып жеткенде, абырайды төктиң бе («Қырққыз»). Аўзын урадай ашқаны, Абырайының қашқаны (Бердақ). Абырай-атақ — адамгершилик, қәдир-қымбат, уят, даңқ, дәреже, мәртебе. Ол өзиниң тунғыш перзенти болған қызы Соняны аўылдың үлкен байларының бири — ийшан Қулбайға берип, өзиниң абырай-атағын тағы да жоқары көтереди (С.Айний).
АБЫРАЙЛЫ кел. Даңклы, атаклы, қәдирли, мәртебели, кәтерели, сыйлы, ҳурметли, ҳуқықлы. Шофёр еди абырайлы, ҳурмет грамотасын алған (Ш.Артык). Бул аўылымыздың абырайлы ақсақалы Өтеп молла деген (К.Султанов).
АБЫР-САБЫР р. Ала топалаң, апыр-тапыр, патырат, асығыс-үсигис, ерсили-қарсылы, тәртипсиз. Бул не деген абыр-сабыр?
АБЫСЫН ат. Еки ағайинли жигиттиң үлкениниң келиншеги кишкенесиниң келиншегине абысын болады. Бизиң абысын ғәптың посгеллесин айтады (К.Султанов). Ағайин татыў болса мал көп болады, абысын татыў болса ас көп болады (кқ.х.н.).
АБЫСЫН-АЖЫН ат. Туўысқан аға-инили адамлардың, урыўлас ағайинлердиң хаяллары бири-бирине абысын-ажын болады. Уўайым қуртты-аў диңкемди, Қайғы басты-аў еңсемди, Қалай таслап кетемен, абысын-ажын ел сени (Ө.Хожаниязов). «Күйеў бала келетуғын кусайды деп абысын-ажынның сыпсыны шыққан ўақытта «Қайыптың қызы қашып кетипти» деген хабар сап ете қалды (К.Султанов).
АВАНГАРД ат. Алдынғы, бастағы, биринши, жол көрсеткиш, үлги көрсетиўши, атланыс жасағанда әскерлердиң ең алдынғы тобы. Өзи исшең басқаларға авангард (Ә.Шамуратов).
АВАНС ат. Ислеген ис ҳақысының ушынан алыў, толық емес, белгили муғдары, расчёттан бурынырақ алатуғын акша. Ал авансты аз алсаң, табельщикке өкпелеп келеди (Б.Исмайлов). Аванс ақшасын аларда таяр, Бундай жалқаўларға зат бермеў керек (С.Нурымбетов).
АВАНТЮРА ат. Ҳәдийсе, хийлекерлик, хийлекерлик сиясат, ҳәдийселерге түсиў, ҳәр қыйлы жолларға түсиў. Әскерий авантюра, сиясий авантюра.
АВАНТЮРИЗМ ат. Авантюра жолына түсиўшилик.
АВАРИЯ ат. 1. Машина механизминиң бир жериниң бузылыўы, бузылыў, қыйралыў, сәтсизлик. 2. Бахытсыз ҳәдийсе, апат, қәўип. Аварияға ушыраў. Машинаны авариясыз айдаў.
АВГУСТ ат. Календар жылының сегизинши айы.
АВИАБАЗА ат. Складлары, оңлаў устаханалары ҳәм өзлерине тийисли үскенелер менен тәмийинленген бөлимлери бар аэродром.
АВИАМОДЕЛИЗМ ат. Планер ҳәм ушыўшы самолёт модельлериниң қурылысы ҳәм ушырылыўы.
АВИАМОДЕЛИСТ ат. Авиамоделизм иси менен шуғылланыўшы адам.
АВИАМОДЕЛЬ ат. Ушыўшы аппараттың модели.
АВИАПОЧТА ат. Почтаны ҳаўа жолы менен жеткериў, аманаттың ҳаўа жолы арқалы жиберилиўи.
АВИАТОР ат. Лётчик, ушқыш, ушыўшы, ушыў менен шуғылланыўшы, ҳаўа-жол қатнасында ислеўши.
АВИАЦИЯ ат. Ҳаўада жүриў қуралы, ҳаўадағы ушыўдың ҳәрекет етиў усылы. Үлкен қысқы палаткаға да жаңа авиация мектебин питкерген жас лётчиклер ҳәм штурманлар жыйналған еди (Н.Дәўқараев).
АВТОБАЗА ат. Автомобильлер сақланатуғын, буйыртпа бойынша жумсаўға машиналарды беретуғын транспорт мәкемеси.
АВТОБИОГРАФИЯ ат. Өмирбаян, өз өмирбаяны. — Уғылжанның жалғыз атынан басқа ҳеш бир автобиографиясына тийисли мағлыўматының болмағаны излеўди бираз қыйынластырыўы мүмкин (А.Бекимбетов).
АВТОБУС ат. Адамларды тасыйтуғын көп орынлы автомобиль. Узақ жолды қысқартып, автобусқа жеңгизген (Т.Сейтмамутов). Трамвайы, автобусы дөңгелеп, дөңгелек тур бир-бирине минбелеп (М.Дәрибаев).
АВТОГРАФ ат. Автордың өз қолы менен жазылған қолтаңбасы, өзиниң қойған қолы. Ширкеў дийўалларында өткен әсирлерде жазылған рус солдатларының толып атырған автограф жазыўлары бар (Қ.Айымбетов).
АВТОЗАВОД ат. Автомобиль заводы, автомобильлер соғылатуғын завод, автомобиль ислеп шығаратуғын жер, орын.
АВТОКОЛОННА ат. Алыс жолға шыққанда бирге жүретуғын машиналар топары. Үшинши күни түнде фронт линиясына душпанның автоколоннасы жақынлап киятыр деген хабар алдық (Н.Дәўқараев).
АВТОЛ ат. Автомашина, автомобиль тракторларды ҳәрекетке келтиретуғын, қурылысларын майлайтуғын майдың түри, машина майы.
АВТОЛАВКА ат. Көшпели дүкән, автомашинаның ишине жайғастырылған, қәлеген жерге барып саўда ислеп беретуғын дүкән. Иним усындайын бар да, автолавка бекитсе мен де ислеймен (Қ.Жуманиязов).
АВТОМАТ ат. Ишки механизмлердиң күши менен өзинен-өзи жумыс апара алатуғын қурал, өзинше ислейтуғын аппарат, әспаб. Телефон-автомат.
АВТОМАТЛАСТЫРЫЎ ф. Өндирис орынларында айырым жумысларды өз-өзинен ислене беретуғын етиў, өз-өзинен ислеп беретуғын әспабларды орнатыў.
АВТОМАШИНА ат. Автомобиль, автобус, жүк тасыйтуғын ямаса жеңил машина. ГАЗ-69 маркалы жеңил автомашина алға қарай зуўлап кетти (А.Бекимбетов). Душпанның 15 самолёти, 5 танк, 14 автомашинасы жоқ етилди (Т.Қайыпбергенов).
АВТОМОБИЛЬ ат. Адамларды, ҳәр түрли жүклерди тасыйтуғын машина, транспорт. ...районға баратуғын автомобиль жолының дәрбентине жолаўшылар биринен соң бири келе баслады (Ө.Хожаниязов).
АВТОНОМИЯ ат. Белгили бир халықтың өзин өзи басқарыў ҳуқықы, миллий ҳуқықы.
АВТОНОМИЯЛЫ кел. Өз еркине ийе, өзин-өзи басқарыў ҳуқықы бар республика. 1924-жылдың октябринде Қарақалпақстан автономиялы областы дүзилди (Д.Ешимбетов).
АВТОПОРТРЕТ ат. Художниктиң өзи тәрепинен исленген өзиниң (портрети) сүўрети.
АВТОР ат. Илимий ҳәм әдебий шығармалардың ҳәм т. б. мийнетлердиң ийеси, дөретиўшиси. Баспасөз басқармасы болмай табы, Отырды буйрық жазып авторларға (И.Юсупов).
АВТОРЕФЕРАТ ат. Қандай да бир илимий изертлеўдиң автор тәрепинен ең қысқа етип жазылған түри.
АВТОРИТЕТ қ. абырай.
АВТОРЛЫҚ ат. Илимий, әдебий мийнет, дөретиўшилик, автор болыў. Жақсы жыр дөретсем, Авторлықтан да бас тартар едим (Г.Есемуратова).
АВТОРУЧКА ат. Сыясы пероға өз-өзинен қуйылып туратуғын ручка.
АГЕНТ ат. Басқа бир елдиң жасырын тапсырмасы менен келген адам, ўәкил, елши, жасырын тыңшы. ... англичан империалистлериниң агентлери болған түркмен феодаллары Бозатаўды жаўызлық пенен шапты (Б.Исмайлов).
АГЕНТЛИК ат. Қандай да бир шөлкемлестирилген мәмлекетлик мәкеме.
АГЕНТУРА ат. Жасырын мағлыўматлар жыйнаў ушын шөлкемлестирилген елшилик хызмет.
АГИТАТОР ат. Көпшилик арасында үгит-нәсият жумысын жүргизиўши адам. Усы бригадада басқалар менен жумыс ислеп агитаторлықты да алып баратуғын Атамурат. — Әне, агитатор киятыр екен, — деди соның арасында бир колхозшы (Т.Қайыпбергенов).
АГИТАЦИЯ ат. Үгит-нәсият.
АГИТПУНКТ ат. Үгит-нәсият иси менен шуғылланатуғын жер, адамлар арасында сиясий массалық жумысын жүргизитуғын жергиликли мәкеме.
АГРАРЛЫҚ кел. Жерди пайдаланыўға ҳәм ийелеўге тийисли. Аграрлық реформа. Аграрлық мәселе.
АГРЕГАТ ат. Бир неше түрдеги машиналардың бирикпеси, қурамалы машиналарда ҳәр түрли детальлардың бирикпеси, ҳәр түрли типтеги бир ямаса бир неше машиналардың биригип улыўмалық иске қосылыўы.
АГРЕССОР ат. Басып алыўшы, басқыншы.
АГРОНОМ ат. Агрономия бойынша кәниге, маман, аўыл хожалық ислери бойынша кәнигеликти ийелеген киси. Әлий аға бир неше жыллардан берли «Кегейли» совхозының бир участкасында агроном болып ислейди (Ө.Хожаниязов).
АГРОНОМИЯ ат. Жерди ислеў ҳәм аўыл хожалығы ҳаққында илим. Агрономиялық лабораториялар дүзилди (О.Бердимуратов).
АГРОТЕХНИКА ат. Аўыл хожалық егинлерин ислеўдиң системасы, дийқаншылық ҳәм оларды раўажландырыў шаралары, илажлары. Барлық агротехника жетискенликлерин кеңнен қолланыў зәрүр (О.Бердимуратов).
АГРОХИМИЯ ат. Өсимликлерди азықландырыў, оларды (жақсы жағдайда) раўажландырыў туўралы илим, өсимликлерди түрли зыянлы нәрселерден қорғаў ҳәм т. б. илажлар көриў усылы.
АГРОХИМИЯЛЫҚ кел. Агрохимияға тийисли. Агрохимиялық лабораториялар дүзилди (О.Бердимуратов).
АҒА ат. 1. Әке, ата. Ата баласын жибергиси келмеди, бала ағасын жибергиси келмеди (Қ.Ирманов). 2. Еки, үш ағайинли туўысқанлардың үлкенлери. Туўысқан ағасының мехрибан жүзин көргенде кишкене Орынбек қолын шаппатлап ғорбаң-ғорбаң етип қойды (Т.Қайыпбергенов). 3. Ел ағасы, отағасы, жасы үлкен, көптин көрген, кәткуда. Уллы бабамыз Майкы бий, Оның улы Жайылған бий, Жайылған улы Нағатай бий, журтқа аға болған екен (Бердақ). Қарақалпақта қалалардың ағасы, Көрмегенге әрман екен Қоңырат (И.Юсупов). 4. Қарақалпақ турмысында хаяллардың өз ерин нағыз аты менен айтылмағанда ҳәр түрли мәнислерде айтылады. Жаў тез арада жеңилер ме екен ағасы, — деп сол ўақытта ерине тигилип (К.Султанов). 5. Жасы үлкен адамға атының изине қосып ҳурмет мәнисинде айтылады. Мәселен, Қурбанбай аға.
АҒА-АПА ат. Әке-шеше, туўған-туўысқан, үлкен-киши. Күндизинде аға-апаларымыз атызларда ислейди (А.Бекимбетов).
АҒА-БЕГЛЕР ат. Жасы үлкен, жасы кишилер, ҳурметли отағасылар, халайықлар, ел-журтлар, жасы үлкен, жасы киши яр-дослар. — Әне аға-беглер, ендиги гәп сизлерден (Қ.Аралбаев). Өзиңиздики болса дейсең, Аға-беглер барып көрсең (Өтеш шайыр). Аға-беглер, тартса жат журтқа несип, Душпанлар қуўанар көкейин кесип (Бердақ). Аға-беглер сыртым пүтин, ишим жанып болды түтин, Асырып залым өзиниң ҳәддин. Ҳеш бир рәхим қылған емес (Бердақ). Аға-беглер тыңласаң сөз. Мен сорлыға салыңлар көз, Жигирма тоғыз ҳәм отыз. Келген, келгинди өмирим (Бердақ).
АҒАБЕК ат. 1. Басқарыўшы, шөлкемлестириўши, басшылық етиўши киси. 2. Меншикли ат, исим.
АҒАБИЙ ат. 1. г. с. Ҳәмел, бийлик. 2. Ойынның түри, отырыспаларда көпшиликтиң ишинен биреўин аға сайлайды, ойын соның басшылығында алып барылады, сол адам не айтса сөзсиз орынланыўы тийис. Халықтың үрп-әдетинен қалып кеткен «ағабий» ойынлары ойналды (Қ.Айымбетов).
АҒА-ЖЕҢГЕ ат. Өзинен үлкен ағасы ҳәм оның хаялы, жасы үлкен, жасы киши туўысқанлары. Қосыбай тубалап, толғанып, ақыры шапанды сандыктың төрине таслады да, бас елши өзи болып, аға-жеңгесиниң рийзалығын өзи алып келди (К.Султанов).
АҒА-ИНИ ат. 1. Туўысқанлық қатнастағы ул перзентлер. Туўысқан еки жигит, ағасы менен иниси. Артымда аға-иним жоқ, Жүрегимнен өтип жүр оқ (Бердақ). 2. Дос-яран, жақын қатнастағы адамлар. Оның арқа сүйери, туўысқан-туўғанлары, пүткил коллективи, аға-ини курдаслары (Ө.Айжанов).
АҒАЙ ат. Өзинен жасы үлкен киси, атын билмеген жасы үлкенге хабарласыў ушын қолланылатуғын қаратпа сөз, сыпайылық мәнисинде жасы үлкенге мүрәжат. Алламберген ағай абырайлы хожалыққа айланды (Ж.Аймурзаев). Бул аўыл сақшысы Ерназар ағайдың хаялы Гүлпарша жеңгей екен (Ә.Шамуратов).
АҒАЙИН ат. Туўған-туўысқан, урыўлас, ата-бабалары туўысқан адамлар. Ағайиниң көп болса адам тиймес, көсеўиң узын болса қолың күймес (кқ.х.н.). Қызға жүдә сулыў үш ағайинли жигит ашық болады (З.Насруллаева). Себеби Есенгелди менен Қосыбай ар-намысы шерик ағайин еди (К.Султанов).
АҒАЙИН-ТУЎҒАН ат. Туўған-туўысқан, тамыр-таныс, урыўлас. — Ағайин-туўғанлардың қолында үш-төрт жанлық бар, бир бузаўлы сыйыр бар. Соларды саттырмасаң басқа не? — деди шын кеўли менен (Ө.Айжанов). Ағайин-туўғанлар менен мунласты (Қ.Ирманов).
АҒАЙИНШИЛИК ат. Туўысқаншылық, жақыншылық, қәўендершилик. Ийшан Қулбай менен Шақул арасындағы ағайиншилик қатнас үзилди (С.Айний).
АҒАЛЫҚ ат. Жасы үлкенлик, ғамхорлық, жол басшылық, қәўендерлик. Ескен желдей өте берди балалық, Жигит болдым кем-кем келди ағалық (Т.Жумамуратов). Оның ағалық жүреги сениң менен бирге еди (Ж.Аймурзаев).
АҒАРАҢЛАЎ ф. Бир нәрсениң шала-шарпы көриниўи, узақтан бозараңлап көзге түсиўи, бозарып көриниў, елеслеў. Күн нурына шағылысып, қардай ағараңлайды (Айбек). Ағараңлап таң атып киятыр (Ө.Хожаниязов).
АҒАРБУЛАҚ кел. Молшылық, асып-тасыўшылық, таусылмайтуғын. Фермамыз ағарбулақ май болады (К.Султанов).
АҒАРҒАН ат. 1. Қатық, сүт, айран. Ағарғанды көл қылады саўыны, Қорасына сыймай кетер таўыры. Қара қойдың териси сабынлап жуўсаң ағармас (Қ.Айымбетов). 2. Ағарып көриниў, елеслеў, ақ болыў, тазарыў, жақсыланыў. Мийнет пенен ағарған, жалғыз қыл жоқ сақал-шаштан (А.Дабылов). Анаў отырыпты Қалмурат Мууса, Кеўли ҳеш ағармас қырқ шайып жуўса (Бердақ).
АҒАРМАЙ ат. Ағартылған май, ақ май, пахта майы.
АҒАРТЫЎ I ф. Ақ етиў, ҳәклеў, тазалаў, жуўыў. Ыссы қуяш ағартып жибeрген қалпағын шаққан кийип шығып кетти (К.Султанов).
АҒАРТЫЎ II ф. Саўатландырыў, түсиндириў, оқытыў, саўатын ашыў, билимлендириў. Халық бәрҳама әдиўлейди сениндей, Ағартыўдың тунғыш қарлығашларын (И.Юсупов). Шайыр сөзи менен оқытыўшының кеўлин, көзқарасын ағартады (Г.Есемуратов).
АҒАРТЫЎШЫ ат. 1. Ақ етиўши, ҳәклеўши, тазалаўшы. 2. Ағартыў жумысын жүргизиўши, халық арасында үгит-нәсият апарыўшы, саўатландырыў иси менен шуғылланыўшы.
АҒАРЫЎ ф. 1. Ақ болыў, тазарыў, ақ өниў, ашылыў, дениў, жақсыланыў, өңип кетиў, таң саз бериў, пидә болыў, тозыў, көп жумсалыў. Күйик пенен шаш ағарды. Өттиң бе бастан өмирим (Бердақ). Ашылды пахта ағарып, Мол өним берсе жарқын гүз (Б. Қайыпназаров). 2. Өмири өтиў, тиришилик етиў. Жасынан көлде көзи ағарған балықшының баласы (А. Султанов). 3. Қәниге болған, маман болған. Аўқат писириў менен көзи ағарған (Р. Тагор). 4. Тиришилик, өмир сүриў. Қоса ағарып қарағым, Алғаның менен дүньяда, Бахытлы дәўран сүриңиз («Ер Зийўар»). 5. Саўатланыў, билимлениў, оқытылыў. Есер керек уйғармаға, Билим керек ағармаға, Исти сулыў шығармаға, Қәнигели шебер дәркар (С. Мәжит улы).
АҒАСЫ ат. Еки ағайинли жигиттиң үлкени, жасы үлкени, кәткуда, басшы. Мине Гүлбий қызлары менен ойласып болып, жигитлердиң ағасы Турым менен Қәлменге келип сыбырласты (К. Султанов).
АҒАСЫЗ кел. Атасы жоқ, жасы үлкени жоқ, кәткудасы жоқ, ғамхорсыз, қәўендерсиз. Ел ағасыз болмас, тон жағасыз болмас (ққ.х.н.).
АҒАЎЫЗ кел. Писпеген, шала, ўақты жетпеген, шийки, ўақты толмаған. Сен қарақалпақ, қазақ болғанда, Кетпенлеп егин еккенде, Кетпенлеп еккен егиниң, Ортада ағаўыз қалғанда (Күнхожа).
АҒАШ ат. Терек, әдетте, теректиң үлкейгени, қуўрағы, қурылыс ҳәм хожалық ислеринде пайдаланылатуғын шийки заттың түрине айтылады. Қонып ғарғадай ағашқа, Дүньяның мәўсимин көрдим (Өтеш шайыр). Ағаш ергенектиң екеўи де табалдырыққа шекем қатысқа сырғып тур (К. Султанов). Оң қапталда ағаш кәт (Н. Дәўқараев).
АҒЗА ат. 1. Мүше. Адам ямаса ҳайўан ағзасы. 2. Қандай да бир топар, аймақ ҳәм т. б. жасаўшы, оған тийисли адам. Шаңарақ ағзасы. 3. Қандай да бир мәкеме, шөлкем, жыйын ағзасы. Кафедра ағзасы. Илимий семинар ағзасы.
АҒЗАМ ат. Уллы мәртебели, уллы дәрежели. Қуда қәлесе патша ағзам пуқараларына мийримин салар (К. Султанов).
АҒЛА кел. Жақсы, артықмаш, айрықша, артық, зияда, зыят. Сүйсең мийриң қанып ол интизарың, Бул дүнья бейиштен ағла көринди (Бердақ). — Бул ақылың бәринен де ағла болған екен (Қ. Айымбетов). Өзине бир мыйық тартқаны мың тилла бергеннен ағла болып отырған жигитлер қызлардың ажарына мың сан рет сығалады (К. Султанов).
АҒЫЗЫЎ ф. Суйықлықты шығарыў, төгиў. Ғайры биреўлерди етип қурдасың, Жүрме ағызып дилбарыңның көз жасын (Бердақ). Турды бақша толқынлап, Гүмис суўлар ағызып (Т. Сейтжанов). Жанға жайлы ағызады тил майын, Қызық сөзди түсиниўге дым қайым (И. Юсупов).

АҒЫЛ-ТЕГИЛ кел. Молшылық, мол-молақай, көп, дым көп, жеткиликли. Ишкени алдында, ишпегени артында: ағыл-тегил дәўлеттиң пуўына семиреди (Н. Берекешов). Буннан басқа да оның сүтли сыйыры болып, май менен сүт ағыл-тегил еди (С. Айний).

АҒЫЛЫЎ I ф. 1. Изи үзилмеў, төгилиў, молайыў. 2. Шубырыў, ығылыў. Келген күнниң өзинде-ақ ол әйнек алдында отырып, көшеде үзликсиз ағылып баратырған адамларға қызығып қарайтуғын еди (Р. Тагор).

АҒЫЛЫЎ II ф. Өтип турыў, жүрип турыў. Бардары бар гүл жапырағын жамылған, сымлар бойлап ағылған (И. Қурбанбаев).

АҒЫМ ат. Бағыт, бағдар, ыңғай, тәреп, таман.

АҒЫС ат. Суйықлықтағы ҳәрекет, қыймыл, суў ағысы. ... «көк жон» болып ағысты өрлеп жүзгенмен, Жарға асылып талай порғық үзгенмен (К. Султанов). Үшеўи тағы да қосылып, төмен қарай ағыс пенен ақырын ағып баратыр (Ж. Аймурзаев).

АҒЫЎ ф. 1. Төгилиў, қуйылыў, ығылыў, ығыў. 2. Суўдың белгили бағдардағы ҳәрекеti, қыймылы. Ақдәрьядан суў ағады салмаға, Яр киятыр салмаadan суў алмаға (ққ.х.қ.).

АҒЫЎ-ҚАРАСЫ ат. Дүньяға шығып көргени, бары, биргениси, жалғызы. Жаман деп айтсаң да байдың баласын, Биреўдиң көзиниң ағыў-қарасы (Омар).

АДА БОЛЫЎ ф. Таўсылыў, тамам болыў, сап болыў, жоқ болыў. Бар өмирим болды ада, Өттиң бе қурған өмирим (Бердақ). Ада болмас айта берсең, Зарлы өмирди етсең дәстан (Ә. Шамуратов).

АДАҚ АРБА ат. Аяқ арба (балаларды жүриўге үйрететуғын ағаштан исленген буйым). «Адақ арба» айдап жүрген баланың, Қуўандырар жүзи жайнап турғаны, Аўдарып тур ықласын ананың, Апыл-тапыл жүрип адым урғаны (Т. Әбдимуратов). Сениң балаңа адақ арба соғаман (Т. Қайыпбергенов).

АДАЛАЎ ф. Тамамлаў, таўысыў, түгесиў, жоқ етиў. Тәўекел етип аллаға, Шубар атыңды тапсырдың, Айтар сөзиңди адалап («Алпамыс»).

АДАМ ат. 1. Ойлаў ҳәм сөйлеў қәбилети бар, турмысқа керекли өндирис қуралларын ислей алатуғын ҳәм ол қуралларды жәмийетлик мийнет процесинде пайдалана алатуғын жан ийеси, киси, инсан. Бир мәҳәлде сыртқы есик ашылып, бир адам кирип келе берди (Ә. Шамуратов). 2. Улыўма адам баласы, адамзат. Түркмен феодаллары Бозатаўды адам айтқысыз етип шабады (Б. Исмайлов). 3. Көпшилик, барлық, журт-халық. Гедейлер ҳүкиметин орнатыў ушын қанша адам қурбан болды (К. Султанов). ◊ Адам бойы — адам бойы шенли аралық, қашықлық, тереңлик, бийиклик, узынлық. Адам бойы жерлерге, Апарып салдық қазанды (С. Мәжитов). ◊ Адам бенде — адамның туқымы, адам атаўлы. Үйде адам бенде жоқ. ◊ Адам ўғлы — адам баласы, адамның туқымы, адамзат. Адам ўғлы бәри бирдейин болмас, Бириниң гүли солса, бириники солмас (Бердақ). ◊ Адам қуны — а) ески тәртип бойынша өлтирилген адам ушын өлтирген адам тәрепинен өндирилетуғын дүнья-мал. б). Қымбат, таптырмайтуғын, баҳасыз, баҳасы табылмайтуғын, баҳасы жоқ, ең қәдирли. Адам қуны ақ дәри берип, Гүлзарды тирилткен екен (Бердақ).

АДАМ АТА ат. Адам әлайҳиссалам. Диний исеним бойынша Алла тәрепинен жаратылған жер жүзиндеги ең биринши адам ҳәм адамзаттың атасы. Адам ата менен Ҳаўа өнени (Әўенени) топырақтан бина етеди (К. Султанов).

АДАМГЕРШИЛИК ат. Мүнәсибетлилик, сиз-бизлик, өз ара сыйласық, дос-яранлық, саналылық, көргенлилик, ҳүжданлылық. Сыртқы пишиннен нағыз адамгершиликли ...жүрек соғып турғанлығын билиў қыйынға түспеди (И. Юсупов). Атақлы гуманист жазыўшылар адамға адамгершиликли қатнас жасаў уқсаған әдиўли идеяларды көтерип шығыў менен белгили (Б. Исмайлов).

АДАМЗАТ ат. Барлық адам баласы, пүткил адам, қандай адам болмасын барлығы. Таўды, тасты жел бузар, адамзатты сөз бузар (ққ.х.н.). Адамзат ҳәм эки түрли, Бири батыр, бири қорқақ, Батырман деп көп мақтанса, Сол адамның өзи қорқақ (С. Мәжитов).

АДАМСЫЗ кел. Адамы жоқ, адам келмейтуғын. Бул дүньяға ол өкпели де емес, бәлки қуўанышлы, өйткеni ҳәр күни үй адамсыз болмайды (Ө. Хожаниязов).

АДАМХОР кел. Адам қумар, асаў, жабайы, адам өлтиретуғын, қәўипли, жыртқыш, қутырған. Адамхордай көзлерине қан толған, Шашлары мысалы жабағы турған (Ә. Шамуратов).

АДАСЫЎ ф. 1. Жаңылысыў, қәтелесиў, жолдан шығыў. Ақмақ ғайыр адастың, Күнде жүрер жолыңнан («Ер Зийўар»). 2. Жол таппаў, жолdan шығыў, билмей қалыў. Адамзат ай болмаса адасады, көңилди сөйлеспесең кир басады (ққ.х.қ.). Булардың қасындағы аңшы ийт қоянды көре сала қуўған еди, жете алмай адасып қалды (К. Султанов).

АДВОКАТ ат. Нызам хызметкери, биреўдиң қылмылы иси бойынша суд алдында қорғаўшы, ақлаўшы, жақлаўшы.

АДРЕС ат. Туратуғын жер, мәкан, мәнзил. Конверттиң сыртындағы жибериўшиниң адресин оқысам «Каримов Абылдан» депти (А. Бекимбетов). 2. Биреўге қаратылған сөз, зат. Буның өзи де мениң адресиме болған критика (Т. Нәжимов).

АДРЕСАТ ат. 1. Хат ямаса бир заттың тапсырылатуғын адамы, ийеси. Көп хатлардың арасында айырым адресат белгисиз болып шықты (А. Бекимбетов). Адресат табылмағанлықтан хат қайтарылды (А. Бекимбетов). 2. Юбилей жасындағы адамға ямаса мекемелерге берилетуғын қутлықлаў хаты.

АДЫМ ат. 1. Қәдем, адам жүргенде алға қарай тасланған қәдеминдеги эки аяқтың арасы (аралық жер). Дәрриў алға қарай алты-жети адым атты (Қ. Айымбетов). 2. Жетискенлик. Бирақ бул тек дәслепки адымлар ғана еди (Ә. Шамуратов).

АДЫМ-АДЫМ р. Әсте-әсте, әсте-ақырын, әсте жүрис, жай менен. Үшеўи шанаға минип әстелеп қасқа ябының адым-адым жүриси менен теңизге қарай кетти (М. Абдраймов).

АДЫР I кел. Тегис емес, жол түспеген, ысылмаған. Төбешик, дөңпешик, пәсли-бәлентли жерлер, жердиң гедир-будырлы орынлары. Адыр-адыр таўлардан, Ардақлай берип қашады, Гүдир-гүдир қумлардан, Гүдирлейди басады («Мәспатша»).

АДЫР II кел. Өжет, қайтпас адамның минезине байланыслы сөз.

АДЫРАЙЫЎ ф. Елериў, таңланыў, көзин шеннен тыс өзгеше етип қараў, үрейлениў, ашыўланып қараў. Қурбан көкши баласына адырайып бир қарады да, Палманның сөзине қалай жуўап қайтарыўдың жолын изледи (М. Абдраймов).

АДЫРАҚ (адырық көз) кел. Әдеттегиден үлкенерек, адырайған, көзи бақаншақтай. Көзи үрккен тананың көзиндей адырақ көз бир қыз келdi (А. Бегимов). — Жоқ, бундай емес, — деп есик жақта бир беткей отырған адырақ көзли, жалпақ бет, ақ куба жигиt жуўап берди (К. Султанов).

АДЫР-БУДЫР кел. Жөнли-жөнсиз, қалай болса солай, әйтеўир, тегис емес. Қыздың жолы нәзик, оған адыр-будыр сөз айтыўға болмайды (М. Абдраймов).

АЖАР ат. Келбет, шырай, түр, түс, сымбат. Бетинде өткир ажары, бейиш суўын ишкендей (Қ. Мақсетов).

АЖДАРҲА қ. айдарҳа.

АЖЫРАСЫЎ ф. 1. Айра түсиў, тарап кетиў, айырылысыў, айырылып қалыў, бөлеклениў, қол үзиў. Балалардан ажырасқаннан соң Турым ийтлер шабаланған жерге жақынлап келди де, суўынлап жыйналған пишенниң тасасынан сығалады (К. Султанов). Ҳәсирет-қайғы зил басып, ақылынан ажырасып (А. Дабылов). 2. Ерли-зайыплылардың некесин бузып, айырылысыўы.

АЖЫРАТЫЛЫЎ ф. 1. Бөлип шығарыў, бөлеклениў, айырылыў, дараланыў. 2. Бөлеклеў, айырыў. — Ҳәзир китапханаға секретарь менен барың, милиция басқармасынан бизлер ушын көп китаплар, журналлар ажыратыпты (А. Бекимбетов).

АЖЫРЫҚ ат. Тамыры жайылып өсетуғын көп жыллық жабайы майда шөп. Изимди тағы билмесин деп ажырықтың иши менен үйге қайттым (Ж. Аймурзаев). ... үйне шекемги ажырық басып жататуғын аралық ажырықлыққа айланыпты (Т. Қайыпбергенов).

АЗ р. 1. Жеткиликсиз, көп емес, барлы-жоқлы, аз ғана, азғантай. Бир қатар жолдаслар менен сөйлесип қарасам күш аз дейди (К. Султанов). Ол аз ғана тунжырап отырды (К. Султанов). Жасы да аз болған жоқ (Т. Қайыпбергенов). 2. Аз ғана р. Аз ўақыт, кемли күн, азғантай, азынаўлақ, шамалы. Азамат ердиң белгиси аз ғана сөйлеп, көп тыңлар, арғымақ аттың белгиси аз ғана отлап, көп жуўсар (ққ.х.н.). 3. Азғантай р. Аз, азлаў, көп емес, шамалы, азынаўлaқ. Азғантай ўақыт. Азғантай нәрсе. ◊ Аз сан — аз муғдар, шамалы, онша көп емес т. б. Әкесиниң аз сандары жыйған малы буларды жарытпайды... (Қ. Айымбетов).

АЗА ат. Туўысқан, жақын-жуўық қайтыс болыўына байланыслы қайғырыў, матам тутыў. Урыс — өлиге аза, тириге — тамаша деген екен (А. Бекимбетов). Таңды досларым жараны, Ҳеш қашырмады арасын, Кийинип үстине қараны, Көп жыласып туттым аза (Бердақ). ◊ Аза тон — аза ушын кийген қара, көк кийим. Аза тонын жамылып, Ата-анамнан айырылып (Бердақ). ◊ Аза тутыў — матам тутыў, азалаў, қара кийиў. Қырқ күнге шекем басында қырқ моллаға қуран шықтыраман, жылына шекем қара кийемен, аза тутаман, — деди (Қ. Айымбетов). Аза тутып турғандай жасаўыллардың түслери суўық, көштиң алдында бөгенели төлеген арба (К. Султанов).

АЗАДА кел. Тазалықлы, тақ-туйнақтай, дыққыяз. Нарзан булақлары қандай азада, Сениң көўлиң янды, тынық ҳәм таза (И. Юсупов). Азада қызлардың қойны, Жәннеттиң бағына мегзер (Әжинияз).

АЗАДАЛЫҚ Тазалық, дыққыязлық. — Не деген азадалық! Балаларың мисли аққуўлардай... (Т. Қайыпбергенов).

АЗ-АЗЛАП р. Азғантай, кем-кемлеп, аз-аздан, азырақтан, кемирек, әсте-ақырын, бирим-бирим, бирте-бирте. Әдеп газета шығарыла баслап, соңынан аз-азлап оқыў қурал китаплары шығарылып мийнеткеш қарақалпақ балалары өз ана тилинде оқыўға еристи (Қ. Ирманов). ... аршаны турған жеринде сүмбе менен бузып, ишиндеги дүньясын бирим-бирим, аз-азлап тасысам ба екен (А. Бекимбетов).

АЗАЙҒАНДАЙ кел. Азырақ, көп емес, азайып қалғандай. Қудаң болыс, сен ақсақал, Азайғандай көп ғалмағал (Бердақ).

АЗАЙТЫЎ азайыў фейилиниң өзгелик дәрежеси.

АЗАЙЫЎ ф. Аз қалыў, кемиў, таўсылыў, кемейиў. Жумыстың түри көп болған менен ислейтуғын адамлардың саны азайып баратыр (Т. Қайыпбергенов). — Ҳаў, бул шопанға не болды, неге келмейди деп излеп келсе, қой азайып қалған, шопан болса өзгерип кетипти (Қ. Айымбетов).

АЗАМАТ ат. 1. Кемалға келген ер адам. Омар шайыр оны өз тағдири ушын гүресиўши азамат сыпатында тарийиплейди (З. Насруллаева). 2. Адамгершилиги бар, сана-сезимли, ҳурметли адам. Азамат ердиң белгиси, аз ғана сөйлеп көп тыңлар, арғымақ аттың белгиси, аз ғана отлап көп жуўсар (ққ.х.қ.). — Туўры тутсаң нийетиңди, Халыққа бурсаң бетиңди, Сыйласаң ғарип жетимди, Шын азамат боладурсаң (Бердақ). 3. Адам аты, исим.

АЗАМАТЛЫҚ кел. Ерлик, батырлық, ис меңгере алатуғын, өз ўазыйпасын атқара билетуғын. Жас баланың ерлик, азаматлық исине көўли толған капитан Султанның маңлайынан сүйип алды (А. Бекимбетов). Иске таяр турыў — азаматлық ис, Мәрт болсаң ел ушын жумса жигер-күш (Х. Сейтов).

АЗАМАТШЫЛЫҚ ат. Ерлик, саналылық, адамгершилик, мәртлик. — Бәрекелла, бәрекелла, әне, сизлердиң нағыз азаматшылығыңыз, әлбетте, бул айтқанларыңыз — күтә әҳмийетли нәрсе (А. Бекимбетов).

АЗАН ат. 1. Таң атар мезгил, ерте ўақыт. Алламберген аға азанғы чайды ишип отырғанда мен де кирип барған едим (Ж. Аймурзаев). Азанғы шық пенен ақ пишенди сәскеге шекем орып қайтады (К. Султанов). 2. дин. Елатты намазға шақырғанда ямаса туўылған нәрестеге ат қойғанда айтылатуғын намаздың кириспе бөлими. — Азан айтып Алла деп, Ертели кеш бақырар («Ер Зийўар»). Мәзин намазшам намазының азанын жаңа ғана айтты (Л. Н. Толстой).

АЗАН-ҒАЗАН р. Ўы-шуў, бақырыс, ала топалаң, тәртипсиз, қалай болса солай, бийтәртип. Маллар да... мөниреп аўылдың арасын азан-ғазан қылды (М. Абдраймов). Муз ыққаннан бери аўыл арасы азан-ғазан болды (М. Абдраймов). Мөниреп киятырған әруана сыйырлардың даўысы бийдиң басын азан-ғазан етти... (К. Султанов).

АЗАНДА р. 1. Ерте, ерте күн шығыў менен. Азанда айдадым шақлы арбаңды, Сәскеде жеткердиң суйық жарманды (ққ.х.қ.). Азанда таң сәҳәрден, жолға сегиз атлы барлаўға жиберилди («Жас ленинши» г.). 2. Ерртең таң атыў менен.

АЗАНЛЫ БЕРЛИ р. Күни менен, азаннан бери, күн бойына. Апам да азанлы берли жумған аўзын ашқан жоқ (К. Смамутов). Азанлы берли жамбасы жерге тийген жоқ (Н. Берекешов).

АЗАНЛЫ-КЕШЛИ р. Мезгили менен, азанда да, кеште де, бәрҳама. Қас қарып, шарап ишиўге, Тарақлап белден қыспаўға, Азанлы-кешли түспеўге, Сәрҳәўизиң тур Күлен болыс (Бердақ).

АЗАННАН р. Ертеден. Қалғанын ертең азаннан баслап анықлаўды өзинше мақул көрди (А. Бекимбетов).

АЗАНЫ-КЕШ р. Күни менен, күн узақ, азаннан кешке шекем. Еки пешимиз қайырылыўлы, билек сыбанып, жең түринип дегендей азаны-кеш атыздамыз (Ө. Хожаниязов). Хаяллары таппай ермек, Әңгиме дүкән азаны-кеш (Б. Исмайлов).

АЗАП ат. Ақырет, ыза, қорлық, кемлик. Азап көрди ҳаял-қизлар бурын да, Езилди гүң болып байдың қолында (С. Нурымбетов). ◊ Азап бериў — азаплаў, қыйнаў, жөнсиз сөгиў, ақыретлеў. Мен жүргенде бурыл еди сақалы, Азап берди Изимбеттиң Камалы (Өтеш ҳәм Омар). ◊ Азап шегиў — қайғы-ҳәсиретлениў, азапланыў, жаны қыйналыў, жәбирлениў, қорланыў, қорлық көриў. Бул дүнья керекүр өлгенше бенде, Азаплар шегемен залымнан күнде (Бердақ). Жумагүл азап шекти, ол көп ўақыттан берли тап буныңдай болып жан азабын тартпаған еди (Ө. Айжанов). ◊ Азап көриў — жәбирлениў, қорланыў, қыйналыў, қыйыншылыққа ушыраў. Шеше, мен аяғымнан азар шегип, азап көрип жүрмен (Ө. Хожаниязов).

АЗАП-АҚЫРЕТ ат. Қыйыншылық, жаманлық, зуллымлық, қайғы-ҳәсирет, ыза, қорлық, зорлық-зомбылық. Хурлиманның бақсы болғанын Қарақумның ийшаны еситип, шақыртып алып Бердаққа көп азап-ақыретлер береди (Қ. Айымбетов).

АЗАПЛАНЫЎ азаплаў фейилиниң өзлик дәрежеси.

АЗАПЛАЎ ф. Қыйнаў, зорлық көрсетиў, жәбирлеў, азап бериў, қорлаў, зорлық етиў. Жоқ... гүмансыз, ҳақ қызды саўал-жуўапқа тутып азаплаўыңызға жол қоймайман (Р. Тагор). Бирақ батырды азаплаў да, зиндан да, дар да қорқыта алмады (Қ. Мақсетов).

АЗАПЛЫ кел. Қыйын, аўыр, қайғылы, қайғы-ҳәсиретли, машақатлы. Бердақ буған себеп етип, тастай түнекте жабыққанлығын, өзине заманлас жәмийеттеги аўыр ҳәм азаплы өмирди, еркин пикирлердиң қуўдаланыўын айтады (Б. Исмайлов).

АЗАР ат. Азап-ақырет, қыйыншылық. Бундай азарға көниўге болмайды (М. Горький). ◊ Азар шегиў — қыйналыў, азапланыў, ақыретлениў. Мен буннан азар шегип, зордан жүрмен (Қ. Жуманиязов). ◊ Азар бериў — қыйнаў, азап бериў, ақыретлеў. Азар бермей оятып, Келгендеги жумысын, Айдосқа булар айтады (Бердақ). Келген разведчиклерден еки адам жеңил жараланған, бирақ жүриўге жаралары азар берерлик емес (Қ. Досанов).

АЗАР-БЕЗЕР: азар-безер болыў ф. Қыйналыў, жан жуўытпаў, жақынлатпаў, бетлетпеў, шыжа-пыжа болыў, күйиниў, парт болыў. Бала болса гә өс-туссиз қалып, гә бирден денесине ийне шаншылғандай азар-безер болып жатыр (А. Бекимбетов). Мәлпей Айдананың сөзинен кейин азар-безер болып, парты шықты (Ө. Айжанов).

АЗАРЛАНЫЎ ф. Қыйналыў, азапланыў, ақыретлениў. Султан шаштәрез Оразбайдың азарланыўын сезбегендей барлық зорды топас жүзли пәкиге салып, өскен шашты жоңышқадай жапыра берди (А. Бекимбетов).

АЗАРЛЫ кел. Азаплы, аўыр, шыдамастай. Азарлы сөзлер айтады, ол ашыўланып үйине келип ҳаялын сабайды (Қ. Айымбетов).

АЗАРСЫЗ кел. Бийазар, қыйнамайтуғын, жақсы, көўил қалдырмайтуғын, жөнсизлиги жоқ, зыянсыз, кесентсиз. Әкем өз өмиринде ҳеш кимниң де зейнине тиймейтуғын азарсыз адамлардың бири еди (К. Смамутов).

АЗАТ ат. Еркин, ғәрезсиз, бостан, өз ерки өзинде, қолы бос. Жақсылық хабар алып келген Өтемурат еди, Ерназардың азат болғанына аяғы сайқа тиймейди (К. Султанов). ... үйге әкелип баспарыма аз ғанасын салдым, енди мен үй жумысынан да азатпан (Ә. Шамуратов).

АЗАТ ЕТИЎ ф. Еркин етиў, бостанлыққа шығарыў, еркти өзине бериў, басын босатыў. Олардың тийкарғы ўазыйпасы адамларды байлардың өмири менен оның әмелдарларының зулымынан азат етиў (С. Айний).

АЗАТ ЕТИЎШИ ат. Өз еркине жибериўши, бостанлыққа шығарыўшы, ерк бериўши, ҳуқықын алып бериўши. Корея менен Қытайдың азат етиўши армиясы басқыншыларды Кореядан қуўа баслаған (Ж. Аймурзаев).

АЗАТЛЫҚ ат. Бостанлық, дарқанлық, еркинлик. Ақты гүўлеп азатлықтың дәрьясы, Ҳәддиң жоқ байлаўға шалқар сағасы (К. Султанов).

АЗБАЎ ф. Адаспаў, жаңылыспаў, дегбирден саспаў, өзгермеў, албырақламаў, айнымаў. Мен оған жолдан азба деп урысаман (К. Султанов). Адамнан азған жабайы жыртқыш, қанға қумар залым (Қ. Досанов).

АЗБЫРАЙ ат. Қурал-асбап, қурал-сайман, керек-жарақ. Жумыслардың азбырайы өз ўақтында сай болды (Ж. Аймурзаев).

АЗҒАН ф. Айныған, азған, өзгерген, бузылған. Фашист — адамнан азған жабайы жыртқыш, қанға қумар залым (Қ. Досанов).

АЗҒЫН кел. 1. Жүдеў, арық, ети кетип сүйегине тақалған, болдырған, көринишсиз, жаман. Бетинде қан жоқ, азғын (Т. Қайыпбергенов). 2. Айныған, бузылған, өзгерген. Қысылғанда қол бермеген, тарыққанда жәрдем етпеген азғын төлди жүндей түтсе қайтеди! (К. Султанов). Бабаларға дус келипти, Сонындай бир азғын заман (С. Мәжитов).

АЗҒЫНЛАЎ кел. Арықлаў, жүдеўлеў, көринишлеў, етсизлеў.

АЗҒЫРТЫЎ азғырыў фейилиниң өзгелик дәрежеси.

АЗҒЫРЫЎ ф. Айнытыў, үгитлеў, бузыў, сөз бериў. Алданып турыпсаң, шыннан берилип, Азғырып сөзине бабаның ерип («Мәспатша»). Көпшилик арайын азғырып, ақыры Сарыгүлдиң де ўәдесин алды (К. Султанов).

АЗДАЙ р. Азырақ уқсаған, жеткиликли еместей, жетпегендей. Көсеў қылып қойғаны аздай, хан елимизди талатады (Т. Қайыпбергенов). Мениң бурынғы дәртим аздай, әкемниң егил-тегил болып жылаўы дәрт үстине дәрт жамап жүрегимди парра-парра етип жаралады (Ө. Хожаниязов).

АЗДАН р. Аз-аздан, кем-кемнен, бирден емес, кейинирек, соңынан, биримлеп. Аздан соң умытып қалған қармақларымды алыўға келсем, әкем үйде жоқ екен (К. Смамутов). Аздан соң Мысқал пери оянып қараса, қасында бир жигит сулап жатыр (Қ. Айымбетов).

АЗДЫРЫЎ азыў фейилиниң өзгелик дәрежеси.

АЗЛАП р. Азырақ, азы-кем, ебиндей, көп болмаса да. Ишимизде Сәмендер деген бир жигит бар, ол сол ўақытта азлап қосық шығаратуғын ҳәм қарақалпақ намаларын да жақсы билетуғын еди. — Сени азлап таныйман, азы-кем билемен... (Ө. Хожаниязов).

АЗЛАЎ р. Азырақ, кемирек, шамалы, азы-кем, сәл, болар-болмас. Бул маған азлаў балам, — деди қарры (газетадан).

АЗ-МАЗ р. Қурттай, шамалы, азырақ. Аз-маз жылынып алсақ қалай болар екен, — деди ол (А. Әлиев). Қыз маған аз-маз қарап турғанша жаңағы келиншек пенен шығып кетти (Г. Изимбетов).

АЗНА ат. Адамлар отырыў ушын қайықтың үстиндеги көсе тартылған ағашы. Бир киси, Егор ма деймен, аяғын азнаға тиреди («Сәлем Октябрь» Т.). Отыз кемениң азнасы — сөз халықтың қазнасы (ққ.х.н.). Рәўшан Бориске қарсы қайықтың ортаңғы азнасында отырды (Ж. Аймурзаев).

АЗНАДАЙ кел. Азнаға уқсаған, уқсас, яңлы, сыяқлы. Азнадай ақ марқаң шекерден татлы, Бекире, сүйениң зейнимди тартты (Қ. Султанов).

АЗНАЛЫ кел. Азнасы бар, азна орнатылған. Дәрьяның бул жери бир неше азналы кеме қатар жүргендей кең (Қ. Досанов).

АЗНАТЫЎ азнаў фейилиниң өзгелик дәрежеси.

АЗНАЎ ф. Киснеў, малдың шуўлаўы, қайғылы даўыс шығарыў. Ат қалғанын аңлап, Нала тартып азнады («Алпамыс»).

АЗОТ ат. Тегин, дәри сияқты пайдаланылатуғын химиялық элемент. Азоттың, фосфордың ҳәр гектарға қанша екенин айтып отырмайман (Қ. Досанов). Шама менен үш гектар сүрилди, қый, азот керегинше берилди (Т. Сейтжанов).

АЗОТ-ФОСФОР ат. Химиялық элементлер, жерди күшейтиў ушын қолланылатуғын минерал тегинлер. Суйық азоt-фосфор тегинлери өсимликлердиң мол зүрәәт топлаўына... (О. Бердимуратов).

АЗСЫНЫЎ ф. Кемиссиниў, назырқаныў, көўли питпеў. Азсынып турсыз ба аға, жигитлердиң де табысын көремиз (К. Султанов). Айлықты азсынып даўласыўшыны екеўлеп шыдатпай баратыр (Н. Берекешов).

АЗШЫЛЫҚ ат. Аз санлы, аз муғдар. Ел қурылды шақапланды журтшылық, Хызметкерлер әдеп қылды азшылық (Қ. Ирманов).

АЗЫ-КЕМ р. Азырақ, шамалы, көп емес. Нәтийжеде азы-кем қыйналарман (А. Әлиев).

АЗЫ-КӨБИ р. Жәми, бәри, ҳәммеси, бары-жоғы.

АЗЫҚ ат. Аўқат болатуғын нәрселер. Алты қыз минип арбаға, азығын салып дорбаға, Айтыў-мереке бармаға, қызлар талап еткен екен (Бердақ). Бир сүйгениң алты ай азық болмас па, Қыздыр мерекеңди қызлар үйге кир (ққ.х.қ.).

АЗЫҚ-АЎҚАТ ат. Тамақ ушын керек-жарақ затлар, ишип-жем. Тоғыз күн арадан өткенде, Меспатша азық-аўқатты ада етти («Меспатша»). Хуржан апасына азық-аўқат әкелип дежурныйға тапсырғанын айтып, Шүкирҗан менен хошласып кабинеттен шықты (А. Бекимбетов).

АЗЫҚЛАНДЫРЫЎ азықланыў фейилиниң өзгелик дәрежеси.

АЗЫҚЛАНЫЎ ф. Аўқатланыў, азық-аўқат ғамлаў, азық алыў. Жер ҳаўадан азықланады, бойына күш жыйнайды (Қ. Досанов). Күнлерден бир күн олар азықланып, тоғайға қыдырып қайтыў ушын жолға шығыпты (ққ.х.е.).

АЗЫҚЛЫ кел. Азықланған, күтинген, ишип-жейтуғыны бар, азық алған, азығы бар. Арқаланып азықлы, Асты бийик ол таўдан, Жолға шығып шырағым, Көрдик талай азапты (Жийен жыраў).

АЗЫҚСЫЗ кел. Азық-аўқатсыз, аш, нәпақасыз, ишип-жемсиз. Жерлеримиз болды аяқ, Өспекти ашып жедик таяқ, Мурап болып өңкей саяқ, Қыс азықсыз қалдық быйыл (Бердақ).

АЗЫҚ-ТҮЛИК ат. Азық-аўқат, керек-жарақ. Белдаршылар ҳәм оның бала-шағалары изли-изинен келип, азық-түликлерин арбаға салып атыр (К. Султанов). Екеўиниң де үстинде еле тозыўы жете қоймаған әскерий кийимлер, қолларында азық-түлиги (Қ. Досанов).

АЗЫҚШЫ ат. Азық бериўши, азық тарқатыўшы, азықты жеткериўши, азық тасыўшы. Азықшыны ишке киргизбей, бенделерге қараўыллар үлестиретуғын еди (Т. Қайыпбергенов).

АЗЫМШЫҚ кел. Әйтеўир, бир талай, орташа, кескинсиз, аз емес, бираз, тәўирақ, бир қыйлы. Биз бул жерге азымшық мийнет еткенимиз жоқ (Ө. Хожаниязов). Былшыйған деп бетиңди, Азымшық емес сын тақты («Қырқ қыз»).

АЗЫНАЎЛАҚ р. Аз ғана, көп емес, жарым-жарты, шамалы, болap-болмас, кемирек. ...азынаўлақ күн генералдың жеринде ерксиз жумыс ислейди (Қ. Досанов).

АЗЫП-ТОЗЫЎ ф. Болдырыў, жүдеп қалыў, мой бериў, албыраў. Күни-түни тыным таппай зыр жүўирип жүрген зәбердес келиншек төрт-бес айдың ишинде-ақ азып-тозып қалды (А. Бекимбетов).

АЗЫРАҚ кел. Аз ғана, шамалы, кишкене, көп емес. Рухсат бергил азырақ, Арзымды айтып өлейин («Қырқ қыз»). Тамақтан айырып туқымға сақлаған азырақ арпа-жазлық бар еди, — деди Турымбет (Н. Дәўқараев).

АЗЫЎ I ат. Таңлай тис, үлкен тис, өткир, мықлы, аўыздың эки қапталында аўқат жеў ушын ең кереклиси. — Азыў тислеринен әлле қашан айырылып қалған (Ж. Аймурзаев).

АЗЫЎ II ф. Болдырыў, жүдеў, арықлаў, бузылыў. Заман қысметинен сарғайдым аздым, Болар ма деп жақты күнлер халық ушын (Бердақ). Ақ көўиллиниң аты азбайды, тоны тозбайды (ққ.х.н.).

АЗЫЎДАЙ кел. Азыўға уқсаған, азыў сыяқлы мықлы. Жетимлерден ҳәм бий, бай балаларынан қай-нақай азыўдай елиў атлы (Т. Қайыпбергенов).

АЗЫЎ-КӨБИ қ. азы-көби.

АЗЫЎЛАСЫЎ ф. Айқасыў, урысыў, қарсыласыў, ащыласыў, душпан менен сынасыў, тислесиў, шайқасыў. Ҳеш ўақытта шошқа шошқаны, Азыўласып жарған емес (Бердақ).

АЗЫЎЛЫ кел. Жаман, тислеўик, жаўыз, өткир, қәўипли. Бийбигүл қыз азыўлыға болды саз, Шайырлыққа не бир сөзлер келди гез (Омар). Жолбарыс болмаса нәҳән бир азыўлы қабан болыўы керек (А. Бегимов).

АЗЫЎ-ТОЗЫЎ ф. Болдырыў, азып-тозыў, арықлаў, қыйыншылыққа, қапашылыққа ушыраў. Жол бойы қулағын, мурнын, аяғын суўыққа алдырып, азып-тозып Хийўаға барып кирди (Қ. Ирманов).

АЙ I ат. астр. Асман денеси, жердиң жолдасы, белгили бир муғдар ишинде түнге жарық берип туратуғын аспан кеңислигиндеги дене. «Есиме түсер мениң, Суў бойына келгениң, «Ай не ушын жалғыз» деп, сырлы саўал бергениң... (И. Юсупов). Таў үстинен көтерилип өрмелеп, Дөңгеленип күтип турды бүкир ай (Ө. Хожаниязов). ◊ Айға шабыў — өршелениў, жулқыныў, көтерилиў, бетерлениў. Халық газабы айға шапса сендеги, Айға шаптың арысландай ақырып (Қ. Айымбетов). ◊ Ай киби — айдай арыў, кемиссиз, күндей сулыў, көркем, сымбатлы. Он төрттен туўған ай киби, Келер саллана-саллана (ққ.х.қ.). ◊ Ай көкси — өңири, жарқын жүзи, келбети. Ай көксин желписе жеңис байрағы, Атызда ақ алтын өмирдиң сәни (Т. Сейтжанов).

АЙ II ат. Ўақыт, мүддет, белгили бир муғдар аралығы. Усылайынша арадан үш ай өтти (Р. Тагор). Дәрўазаның қапысын бир жыл төрт ай соқтырды («Қырқ қыз»). ◊ Ай сайын — ҳәр айда, айма-ай, тынбастан. Военкоматқа барған екен, майыплығы ушын да ай сайын бирнеме беретуғын болыпты (Ө. Хожаниязов).

АЙБАЛТА ат. Балтаның қурал орнына қолланылатуғын түри, әдетте, патшалар қолына алып отыратуғын арнаўлы қуралы, жарақ. Сол ўақытлары Суртайша, Айбалтасы қолында, Ағарып турды орнынан («Қырқ қыз»).

АЙБАНА ат. Қәўендер, арқа сүйер, тирениш, қорғаныш, абай, сүйениш, тирек.

АЙБАРАҚ ат. Бада-бад, айбат, абай-сиясат. Қолға услап жаў-жарағын, Салып буған айбарағын (Бердақ). — Шырағым-аў, бурын арысландай алыстан айбарақ урып келетуғын еди (К. Султанов).

АЙБАТ ат. Түр-түс, қәҳәр, салтанат. Айбатына қарасаң, Арыслан да қорққандай (А. Дабылов). ◊ Айбат етиў — абай етиў, дәпиниў, ҳүким сүриў. Бузаў ийтлерге айбат етти (Ө. Айжанов).

АЙБАТЛАНЫЎ ф. Ғайрат көрсетиў, қәҳәрлениў, түсин суўытыў.

АЙБАТЛЫ кел. Ғайратлы, қәҳәрли. Атам айбатлы киси еди (С. Салиев).

АЙБЫНЫЎ ф. Тартыныў, батына алмаў, қорқыў. Айдарлы ушан кеме айдаған дарғашылар да айбынып өтеди (К. Султанов).

АЙҒАБАҒАР ат. Айға, күнге қарай бет бурып өсетуғын егинниң түри (күнбағар).

АЙҒАБАҒАРДАЙ кел. Айғабағарға уқсаған. ...нурлы сәўлеге ашық айғабағардай еки жастың жамалы жарқ етип ашылды (К. Султанов).

АЙҒАҚ ат. Белги, гүўа, дәлил, көринис. Асфальт жолың, ығбалыңның айғағы... (И. Юсупов). Оның үстине жыйылған айғақ затлар, кеткен излер (Қ. Ирманов).

АЙҒАҚЛЫ кел. Дәлиллеўди талап етпейтуғын гүўалық ретинде туратуғын зат, ўәж.

АЙҒАҚ-САЙҒАҚ кел. Қалай болса солай, қыйыр-шыйыр, тәртипсиз, кир-кир. Керегеси айғақ-сайғақ қыйсайған бес қанат қара үй (К. Султанов).

АЙҒЫЗ-АЙҒЫЗ кел. Кир-кир, патас, жуўылмаған, айқуш-уйқуш. Жүзине айғыз-айғыз әжим енди (К. Султанов).

АЙҒЫЗЛАНЫЎ ф. Дараланыў, қорырыў. Айбергенниң бети жағал-жағал болып айғызланып қатқан (С. Мәжитов).

АЙҒЫР ат. Үйирде пишилмеген еркек жылқы. Атың айғыр болса, жат та қайғыр (ққ.х.н.).

АЙДА ф. Жүргиз, алдыңа сал, жолға сал. Не де болса бахытыңнан көрерсең, айда аўылыңа (Ө. Хожаниязов).

АЙДА-ЖЫЛДА р. Анда-санда, нақан-саяқ, ара-тура. Аўыл үйдиң қонағы айда-жылда бир келеди (ққ.х.н.).

АЙДАЙ кел. Ай сыяқлы, жақсы, сулыў, жуда жақсы. Жарқырайды бетиң айдай, Туўған анаң сениң қандай (Бердақ). ◊ Айдай күтиў — асығыслық пенен, шыдамсызлық пенен күтиў.

АЙДАЛА ат. Алаңлық, ашықлық, елсизлик, адамсыз қула дүз. Көўли толып өз исине Жуманның, Айдалада көкти гезди қыялы (Т. Сейтжанов).

АЙДАЛЫЎ ф. 1. Сүргинге кетиў, киси алдына түсиў. 2. Жер сүриў, айдаў. 3. Түйек айдаў.

АЙДАР ат. Белги, жас балалардың төбесине қойылатуғын бир тал шаш, тулым. Маманның қалпағын алып айдарынан бир сүйди (Т. Қайыпбергенов).

АЙДАРЛЫ кел. Сәнли, салтанатлы, атақлы, айдары бар. ...айдарлы ушан кеме айдаған дарғашылар да айбынып өтеди (К. Султанов).

АЙДАРХА ат. 1. сөйл. Әпсана-ертеклерде ушырасатуғын үлкен жылан. 2. аўыс. Душпан, жаўыз. ◊ Айдархасы жутады — жоқ қылыў, жеў. ◊ Айдарханың қанын шашыў — тамам қылыў, өлтириў.

АЙДАРХАДАЙ кел. Айбатлы, жабайы, қорқынышлы. Мартен печьлер аўзын кеңнен ашады, Айдархадай ысқырып, от шашады (И. Юсупов).

АЙДАСПА ат. Берип алысыў, қатнас жасаў, жарыс. Дәстурхан жайылып чайнек айдаспа басланды (К. Султанов).

АЙДАТЫЎ айдаў фейилиниң өзгелик дәрежеси.

АЙДАЎ ф. Алдына салыў, қуўыў, ағылыў, сүриў, меңгериў. Көп адамды салып жолға, Қазыўға айдады бәрҳа (Бердақ). Фашистлердиң айдаўына түскеннен кейин ғана дүньяға көзқарасын биледи (Г. Есемуратов).

АЙДАЎЛЫ кел. Көп, бир топар, толы (мал). Айдаўлы малға жесирин сатып алыў (К. Султанов).

АЙДАЎШЫ ат. Меңгериўши, басқарыўши. Ол механик айдаўшылар курсын питкерипти (Т. Жумамуратов).

АЙДАХАЙ р. Тез, тезлик пенен, дәрриў, жалма-жан. Бир күнлери уллы сүрен тасланды, Айдахай бир колхозласыў басланды (И. Юсупов).

АЙДЫНЛЫ қ. айдынды.

АЙДЫН ат. Ашықлық, көлат, жазықлық, тегислик, туўры жол, ашық, таза, кеңислик. Айдын көлден пайда жоқ, Ғаз болмаса келинде («Ер Зийўар»). Ер Айқыз ҳәммеден бурын айдын шалқар ашық майданға шықты (А. Бегимов). Айдын атызлар ақ алтын пахтаның жасыл жапырақларын жамылған (Ж. Аймурзаев).

АЙДЫНЛЫ ат. Гезлемениң, шыттың түри, қосалы, өзгеше нағыслы, қосалы шыт, көбинесе ҳаял-қызлар басына орайды. Турдыгүл айдынлы көйлегиниң жеңи менен көзин сыпырды (Т. Қайыпбергенов). Гейде айдынлыңның жийегин тислеп, Кеттиң көзден таса жийделик бетке (И. Юсупов).

АЙДЫН-ШАЛҚАР кел. Үлкен, ушы-қыйыры жоқ келатлық. Мына канал айдын-шалқар көлге усар, Гүмис суўы сағасынан молға усар (Т. Сейтжанов).

АЙ-ЖАЙ: ай-жай болыў ф. Жап-жақсы, ойдағыдай, тым-тырыс, тынышлық, бәри өз орнында. ...ал тоғайлар, атызлар далалықлар ай-жай болып, жасыл гилемин жамылып көркейип шыға келеди (Р. Тагор).

АЙ-ЖУЛДЫЗ ат. Ай, жулдыз, аспан т.б. аспан денелерин улыўмаластырып аталыўы. Ярым сениң ақ жүзиңе ай-жулдызлар таласады (Ш. Мәмбетмуратов).

АЙ ЖҮЗЛИ кел. Айрықша сулыў, ай менен күндей. Ай жүзли, пал сөзли, дилбарым неге келмеди (Әжинияз). Ай жүзи күндей нурланып, Жүреги халлас урған қыз (Б. Қайыпназаров).

АЙҚАЙ ат. Бақырыс, бада-бад, шаўқым, кезаба. Шыдай алмай жигитлер қуры айқай салады («Қырқ қыз»).

АЙҚАРА: айқара жамылыў ф. Кeселеп, қыя, кере. Постынын айқара жамылып.

АЙҚАС ат. Урыс, жекпе-жек, жәнжел, гүрес. Жаңа турмыс ушын айқас жолында, Жүр едим, ол маған жолықты сонда (И. Юсупов). Қоблан Көбикли менен жекпе-жек айқасқа түседи (Н. Дәўқараев).

АЙҚАСЛАЎ ф. Қабатлаў, бириниң үстине бирин қойыў, қаўсырыў. Жас төллерди көтерип ол байқаслап, Жайлы услап эки қолын айқаслап (С. Нурымбетов).

АЙҚАСТЫРЫЎ ф. 1. Қабатластырыў, бириниң үстине бирин қойыў, көсе тартыў, қосыў. Айқастырып қолға қолын, Хошласты да кетти Гүлим (А. Шамуратов). 2. Уйқылаў, көз илиндириў. Таң алдына шекем кирпик айқастырмай жатып, бир мәҳәлде көзимниң илинип кеткенин де билмей қалыппан (Ө. Хожаниязов).

АЙҚАСЫЎ ф. 1. Гүресиў, тебелесиў, қарсыласыў, жекпе-жекке шығыў. Өлим менен айқасып талай қурбанларды көрген суўық жүрек жаўынгермен ғой (К. Султанов). 2. Көсе тартылыў, етлесиў, кесисиў, атанақ түсиў. Мүйизлери айқасып, Ҳеш бири жол бермеди (И. Юсупов).

АЙҚУЛАҚ ат. астр. 1. Нур ҳәм суў тамшыларынан пайда болатуғын формасы реңли ярым ай тақылеттеги атмосфералық қубылыс. 2. Адамлардың, жанлы-жаныўарлардың қулағының артқы сүйек формасы.

АЙҚУЛАҚЛЫ кел. Айқулағы бар, айқулаққа ийе. Айқулақлы сазан алып шақырсаң, Сол Дәў кемпир келер еди-аў үйге де (К. Султанов).

АЙҚУЛАҚТАЙ кел. Айқулаққа уқсаған, яңлы. Аспандағы айқулақтай қубылды (И. Юсупов).

АЙҚУЛАШ ат. Ойынның аты, ески оюнлардың бир түри. Айқулаш, айқулаш, Айға қарап қулаш аш (ққ.х.қ.).

АЙҚУШ-УЙҚУШ кел. Тәртипсиз, қалай болса солай, әйтеўир, көсесине, узынына. Айқуш-уйқуш тартылған сым темир (Н. Дәўқараев).

АЙҚЫН кел. Ашық, анық, белгили, қайнақай, нақма-нақ. Булған оның мынадай шын даналық сөзлери айқын дәлил (И. Сагитов). Оның мулайым ғамхоршыл жағымлы жайнаған жүзинде... белгилери айқын көринип турды (А. Бекимбетов).

АЙҚЫНЛАНЫЎ айқынлаў фейилиниң өзлик дәрежеси.

АЙҚЫНЛАСТЫРЫЎ ф. Анықластырыў, ҳақыйқатластырыў. Булардың барлығы Шолпанның образын айқынластырып, типик қаҳарман дәрежесиne көтериди (Г. Есемуратов).

АЙҚЫНЛАСЫЎ ф. Анықланыў, бир жолға, бир бағдарға түсиў, анық болыў. Ондағы реалистлик бағдар айқынласты ҳәм әдебияттың тийкарғы сүўретлеў методы сыпатында қәлиплести (Б. Исмайлов).

АЙҚЫНЛАЎ қ. анықлаў.

АЙҚЫНЛЫҚ ат. Анықлық, шынлық, ҳақыйқатлық, дурыслық. Жийен жыраўдың қосықларының көркемлиги, сүўретлеўлериниң айқынлығы... (әд. хрест.).

АЙҚЫРА қ. айқара.

АЙҚЫРЫЎ ф. Бақырыў, қышқырыў. Мине завод биресе берди айқырып (Т. Сейтжанов).

АЙЛАНА ат. Қыр-дегерек, әтирап, жан-жақ, төрт тәреп. Бизин командир бизди көзи менен бир шолып айланаға қарады (әд. жыйн.). Айланасына үлкен мазмун топлаўы менен улыўма әдебиятымыздың жолын баслап жүрди (Г.Есемуратов). Айлана жийек қарайды (ққ.х.қ,.)

АЙЛАНБА ат. Бурылыс, жолдың айланып өтетуғын жери. Танк жолдың айланбасына келгенде... (Қ. Досанов). Таўға өрмелеген айланба жолда, Барар жүйрик газик тоғайға қарап (И. Юсупов).

АЙЛАНБАЛЫ кел. Айланатуғын, айланып атылатуғын. Айланбалы есик.

АЙЛАНДЫРЫЎ ф. Аўмастырыў, айырбаслаў, қыйсайтыў, бир затты екинши бир затка өткериў. Алып шығып машинасын, Айландырып бурды басын (Ш. Артық).

АЙЛАНШЫҚЛАЎ ф. Узаққа кете алмаў, иркилиў, гүйбенлеў, гидириў. Кемпир айланшықлап буларға қарай береди (А. Бекимбетов).

АЙЛАНЫС ат. Кирис-шығыс, есап-санақ. Ақша айланысы.

АЙЛАНЫСЫЎ ф. Кирисиў, ҳәрекет етиў, қайырқомлық ислеў. Арыў гүришин салыўға айланысқанда тағы есик қағылды (Ө. Хожаниязов).

АЙЛАНЫЎ ф. 1. Дөңгелениў, бир нәрсениң өз әтирапында айланыўы. 2. Дегереклеў, төрт тәрепинен қоса жүрип өтиў. 3. Өзгериў, дениў. Рахманийдан көрген түслер, оңға айланып бизин ислер (А. Дабылов).

АЙЛАНЫШ кел. Узақ, бурыў, шарым, айланшық. Айланышта болса жол жақсы (ққ.х.н.).

АЙЛАП р. Айлар бойы, көп ўақытлар. Сонлықтан суў тасыў мәўсиминде қайыққа мүтәж аўыл бир-бирине еки-үш айлап қатнаса алмады (К. Султанов).

АЙЛАС ат. Бирге, бир ўақытта, бир ўақытлы. Айлас қатын — муңлас (ққ. х. н.).

АЙЛАЎ ат. Ат жарысының белгили бир муғдардағы шаўып келетуғын ямаса шаўып өтетуғын жер өлшеми. Еки айлаў, бес айлаў.

АЙЛЫ кел. Айы бар, ай жарығы түскен түн, айлы түн. Тумлы-тусын түрли гүл басқан, Суп-сулыў, айлы көшеде (Б. Қайыпназаров). ♦ Айлы түн — ай жарығы түскен түн. Ол көкирегин жайқыйтып ашып, күпә-күндиз көз алды булдыр, айлы түн тас қараңғы болған ўақытларын бир дәс умытқан тәризли, маңлайын самалға тосып, маңқыйып киятыр (Ө. Хожаниязов).

АЙЛЫҚ ат. 1. Ақша, пул, ис ҳақы. Ведомость бойынша айлық алыў. 2. Ўақыт, мезгил, муғдар. Жаманға түн де қараңғы, күн де қараңғы, ошақтың үш-пүшы үш айлық жол (ққ. х. е.).

АЙЛЫҚЛЫ кел. Айлығы мол, айлығы бар, айлығы көп.

АЙЛЫҚШЫ ат. Айлыққа ислеўши, айлық алыўшы. Миллионлаған дийқанлар алпаўытларға барып, күнликши, айлықшы болып аз ҳақы менен ис қылатуғын еди (К. Ирманов).

АЙМА-АЙ р. Ай сайын, ҳәр айда. Күн сайын көркейип, өсип айма-ай, Өшпес бахыт нурын шаша баслады (С. Нурымбетов).

АЙМАҚ ат. Бир беткей жер, әтирап, дөгерек, өз алдына бир бөлекленген көлемли жер, бир топар қонысласқан халық, Айналайын, аймағым, шөл легенде суўсыным (ққ. х. к.). Қызды орады мамыққа, Бағыў ушын май, қаймаққа, Билдирмей аўыл-аймаққа, Өз ислерин еткен екен (Бердақ).

АЙМАЛАЎ ф. Әлпешлеў, еркелетиў, жубатыў, алдастырыў, сыйпалаў, қәдирлеў. Сол уядан түлегенмен, ушқанман, Талай даўыл аймалаған төсимди (И. Юсупов). Ҳал-жағдай сорап меннен, аймалады өз анамдай (И.Юсупов). ...оның атлас көйлегинде балқып турған көкирегин аймалады (Айбек).

АЙМАНДАЙ кел. Тап-таза, пәкизе, кеўилдегидей, теп-тегис, бир тегис, тап-тақыр, мыстай. Үйдиң дөгереги аймандай, тап-таза етип қойылды, ...(газетадан).

АЙНА ат. 1. Бир нәрсениң көринисин қайта сәўлелендиретуғын зат, буйым. Айна керек болса жүзиң көриўге, Суў да керек жасап өмир сүриўге (Әд. ал.). 2. Жайға жақтыландырыў ҳәм ҳаўасын тазалаў ушын қолланылатуғын қурылыс буйымы. Айна алдында қоңыр тартса да, халық алдында жүзлерин жарқын (Г.Есемуратов). Инженердиң айнасынан, Түнлерде сөнбес жақты (И.Юсупов).

АЙНАДАЙ кел. 1. Таза, тап-таза, гирбинсиз, гүмансыз, Уялған тек турмас дегендей етигиниң тумсығы менен сырлы еденниң айнадай жүзин қыршыды (А.Бекимбетов). 2. Айнаға усаған, айна яңлы.

АЙНАЛА қ. айлана.

АЙНАЛАЙЫН қ. айнанайын.

АЙНАЛДЫРЫЎ қ. айландырыў.

АЙНАЛМА қ. айланба.

АЙНАЛШЫҚЛАЎ қ. айланшықлаў.

АЙНАЛЫ кел. Айнасы бар, айна салынған, айна орнатылған. Қапталындағы айналы сандық пенен оның үстиндеги қаршынның нағыслары қолдан терип байлаған гүлдастедей жалт-жулт етеди (К.Султанов).

АЙНАЛЫП-ҮЙИРИЛИЎ ф. Қайырқомлық көрсетиў, ғамхорлық етиў, күтимин бериў. Қапталына келген ақ тазыны айналып-үйирилип, еки көзин сыйпап тур (К.Султанов).

АЙНАЛЫСЫЎ қ. айланысыў.

АЙНАЛЫЎ қ. айланыў.

АЙНАЛЫШ қ. айланыш.

АЙНАНАЙЫН т. с. Адамның биреўди жақсы көрип өзине тартыў сезими. Айнанайын, аппағым, Қозы жүнли қалпағым (Қ.Айымбетов). Перзентиндей күлип оған дер елжиреп: айнанайын (И.Юсупов).

АЙНА-ТАРАҚ ат. Ҳаял-қызлардың керек жарағы, айнасы, тарағы т. б. затлары. Айна менен тарақ бар, Алмасаң да қарап қал (ққ.х.н.).

АЙ НУРЫ ат. Ай сәўлеси, ай жарығы. Екеўи де қумар етер түн гезип, Ай нурына жүзи гүл-гүл жаныпты (Т.Сейтжанов).

АЙНЫМАҒАН кел. Дәл өзи, усаған, тап өзиндей, өзгермеген.

АЙНЫМАС ф. Өзгермейтуғын, бир турысында туратуғын, айнымайтуғын, өзгермес, беккем. Көптин бири болып Ақшолпан фронтқа кетер алдында Палман менен байласқан айнымас ўәдени берик услайды (Г.Есемуратов).

АЙНЫМАЎ ф. Өзгермеў, өз қәддинде турыў, дәл өзиндей болып қалыў, бузылмаў. Ҳаўаның суўықлығы да аямаўыздың айнымаған бир күни болып тур («Әмиўдәрья» ж.). Келбети келискен ақ жүзли, қара көзли, сиңлисинен айнымай қалған (А.Бекимбетов).

АЙНЫТЫЎ ф. Өзгертиў, бузыў, сөз бериў, басқа жаққа дөндириў. Ҳаялын айнытып жүргени де ырас, өтинишимизди питирмесең көрермиздағы, деп кеткени де ырас (Қ.Ирманов).

АЙНЫЎ ф. Өзгериў, танып шығыў, сөзинде турмаў, айнып кетиў, бузылыў. Ашыған қамырдай айнып тура қалады (Ж.Аймурзаев).

АЙ-ПАЙ: ай-пайына қарамаў р. Әйле-пәйлесине қарамаў, олай-булайына қарамаў, тезлетиў. Айтбайдың ай-пайына қаратпай: — Ақ патшаның ҳәмирине муўапық мәрдикарға алындың, жақында кетесең, — деди (М.Дәрибаев).

АЙПАП-ЖАЙПАЎ р. Басқылаў, жайпап таслаў, бүлдириў.

АЙРАҚ-ТАЙРАҚ кел. Қалай болса солай, әйтеўир, парықсыз, ретсиз, тәртипсиз, жөнли-жөнсиз. Сонлықтан оны айрақ-тайрақ етип жазылған қолжазбалар қорқытты (Ю.Леонтичев).

АЙРАЛЫҚ ат. Жудалық, интизарлық. Күтилмеген айралықтың азабы, Қайыспастай жас кеўилге дәрт салды (И.Юсупов). Еки ашық бир қосылып жүре алмай, Айралықтан бири-бирин көре алмай (А.Дабылов).

АЙРАН ат. Ағарғанның бир түри, қатықты писип майын алғаннан кейингиси. Айран тилеп келипсең, шелегиңди жасырма (ққ.х.н.).

АЙРАН-ШАЛАП ат. Ағарғанның түри, қатық, сүт, суў қосылған ағарған. Күни менен жол қаққан жолаўшылар айран-шалапқа қайыл (Х.Сейтов). Буяқтағы көрген қорлық-азап шай орнына ишкен айран-шалапты, Кушақласып айтатуғын күн қайда? (Күнхожа).

АЙРЫ ат. Темир жаба, еки ямаса үш-төрт тисли, айры тис, ушы еки айры. Чайды қой, пәтирди қой, қолыңа айры, арқан ал (Әжинияз). ♦ Айры киби — айры сыяқлы, мегзес. Айыўға мегзейди еки бармағы, Айры киби сүйри еки бармағы (Омар). Айры өркеш — айры өркешке усаған. Айры өркеш, келбетиң зор, Көп жас минип қурыпты тор, Қартайғанда болыпсаң қор, Заманында түйе екенсең (Күнхожа).

АЙРЫҚША р. Өз алдына, ерекше, бир бөлек, өзгеше, кеўил аўдарарлық, бөлекше. Батыр туўған атадан, Айрықша туўған анадан, Айдос деген бабамыз, Ханды көзге илмеди (Бердақ). Көпшиликтиң арасынан әлле биреўдин даўысы айрықша шықты (Ө.Айжанов).

АЙРЫҚШАЛЫҚ ат. Өзиншелик, өзгешелик, басқалардан айырылып турыўшылық, бөлекше бир қәсиет. Дәстанның көлеми, айрықшалығына, атқаратуғын жыраўдың творчестволық өзгешеликлерине байланысқан болады (Қ.Мақсетов).

АЙЫРЫЛМАС кел. Айырылмайтуғын, беккем, өзгермейтуғын, ажыралмас, бөлекленбейтуғын, тығыз. Шамурат пенен Гриша айырылмас дос еди (Қ.Досанов), Суртайшадан бул қайғымды алыңлар, Айырылмас басына қайғы салыңлар («Қырқ қыз). Бәдбахыт жигит бий болса, аўызы айырылмас парадан (Қ.Айымбетов). Айырылмастай достыңа қайырылмастай сөз айтпа (ққ.х.н.).

АЙЫРЫЛСА ф. Айырылып қалса, егер айырылып қалған жағдайда. Ол жигит кетти тезбе-тез, Усы болсын деп бир сөз, Жастан айырылса деп көз, Бир ойды ойлаған екен (Бердақ).

АЙЫРЫЛЫСЫЎ ф. Бөлеклениў, ажырасыў, ҳәр ким өз алдына кетиў. Ертеңги айырылысыў екеўимизге де аңсатқа түсип киятырған жоқ (Г.Изимбетов). Көрсе қызар минезим жоқ, Ханзада, — деп Әжинияз кем-кем ашылыса баслады, — туўры келиўге қасымдағы жолдасларымнан айырылыса алмадым (К.Султанов).

АЙЫРЫЛЫЎ ф. 1. Айра түсиў, ажырасыў, бөлеклениў, намыссызланыў, жеккелениў, еки тәрепке кетиў. Апаннан айырылып ишим жанады (ққ.х.к.). Айырылды жарлылар суў менен жерден, Нан сорап тентиреп жөнелди елден (әд. аль.). «Маркс» жаптың көпирине жетпей-ақ, арқа бетке айырылған арба жол менен туўры Андреев атындағы колхоздың 3-бригадасына қарап жүрди (А.Бекимбетов). 2. Жок болыў, өлиў, тамам болыў. Сум душпанлар түсип мениң арама, Арысландай жан ағамнан айырылдым («Қырқ қыз»). Денемиз қақ-қақ жарылды, Табанымыз айырылды (әд. хресг.). 3. Айрықша қуўаныў, кеўиллениў. ...жаңағы Сержан жүреги тарса айырылып, соның хабарын айтыўға келген ғой (Т.Қайыпбергенов). 4. Ес-түси кетиў, есинен айырылыў. «Ўақ!» деген даўыс шыққаннан-ақ Тимур ес-түстен айырылып қалды (А.Бекимбетов). ...көл ишинде айырыла көзге түсетуғын аппақ сән берип турды (Т.Қайыпбергенов).

АЙСЫЗ кел. Ай батқанда, ай туўмай турғанда, қараңғыда. Айсыз түнде жол жүриў қандай қыйын (Ө.Айжанов). Айсыз қараңғы түнлердиң бири еди (әд. хрест.).

АЙТ I ф. Сөйле. Мейли, бирақ тез айт. (А.Әлиев).

АЙТ II ат. Байрам, мереке, той-тамаша. Айтлар айтлап, тойлар тойлап жүргенде, Бизиң елдиң келинисең деген сөз. Ата-анам қулағымнан кетпейди («Алпамыс»). Маржан шытақ орнатқанда, Салланып айтқа шыққанда, Жибектен сайлап таққанда, Шашбаўларын үзип қойды (ққ.х.к.).

АЙТА-АЙТА ф. Қайта-қайта айта бериў, тәкирарлап айтыў. Басында болмаса тағын, Айта-айта талар жағың (Бердақ). Оқып шықтым қайта-қайта, Жүрдим оны айта-айта, Көп ойладым деп пе кәте, Тарийхын билмеген едим (Бердақ).

АЙТАЖАҚ кел. Айтатуғын, бурыннан айтыў ушын таярлап жүрген. Айтажақ сөзин бирден айттырмаған соң Атамурат дәслеп албыраса да, соң өзин бийледи (Т.Қайыпбергенов). Патша қылышын шабыўға таярлап, айтажақ сөзинди тезирек айт, — дейди (ққ.х.е.).

АЙТАҚЫР ат. 1. Алаңлық, далалық, майданлық, кең жазықлық. Ушы айтақыр — ушы қыйры менен шет-шебирине көз жеткисиз, Шелпеклиниң даласы (Ө.Хожаниязов). 2. Жоқшылық, кемтарлық.

АЙТАР ф. Айтатуғын, айтажақ. Ғарры Шерипке айтар сөзин айтып болды (Қ.Ирманов). Айтарымды айттым да, өзимди әўелгиден бир қанша жеңил сездим (Ө.Хожаниязов).

АЙТАР-АЙТПАС р. Еки ойлы, гүмилжи, иркилип қалыў, ойланыў. «Аға» деп гүмилжип айтар-айтпастан... (Б.Исмайлов).

АЙТАР АЎЫЗ ат. Дерлик, айтарлық. Ақсақалдың еситер қулаққа айтар аўызға уят бул сөзинен пүткил халық жеркенди (әд. хрест.).

АЙТАРЛЫҚ ат. Айтатуғын, айтажақ, жүдә жақсы кеўилдегидей. Келипсиз батыр булманға, Айтарлығың бар ма ханға? — деп бир саўал қойған екен (Бердақ).

АЙТАРЛЫҚТАЙ кел. Сондай, кеўилдегидей, айтыўға турарлық, сөз етиўге арзығандай, жүдә ойдағыдай. Ол Қәмекбайды айтарлықтай жақсы көрмейди (Ж.Аймурзаев). Келген хожалықлардың аўҳалы айтарлықтай болмады (Ж.Аймурзаев). Аз емес, бизде де көп жетискенлик, Айтарлықтай салтанатлы күн келгенде (И.Юсупов).

АЙТАТУҒЫН кел. Айтажақ, айтыў керек, айтайын деген. Ол ҳаплығып айтатуғын сөзлерин дурыслап айта алмай атыр (Ө.Хожаниязов).

АЙТҚАНДАЙ т. с. Айтпақшы, айтпашақ, айтып қалдырғандай, көбинесе кириспе сөз ретинде қолланылады. М.Горький айтқандай — сөз сағасы фольклорда (Қ.Айымбетов). — Айтқандай, усы Медет сен неге почта болып ислемейсең, еки бастан қолың бос, саған сол қайым ғой (Ө.Хожаниязов).

АЙТҚЫЗЫЎ айтыў фейилиниң өзгелик дәрежеси.

АЙТҚЫЛ ф. Айт, айтатуғын гәпиңди айта бер, айтсеш, айтсаң-а. Ойлап Бердимурат айтқыл сөзиңди, Көтермей лап етип куры өзинди, Қызартпағай сениң биреў жүзиңди, қолдан келсе хызмет еткил халық ушын (Бердақ).

АЙТҚЫСЫЗ кел. Айтып болмастай, айта алмастай, айтатуғыны жоқ, жаман, болмайтуғын. Адамзатқа айтқысыз ўақыя болды. Енди маған бир ҳәдийсе көринди (Омар). Сатылған бий аталықлар мийнеткеш халыққа адам айтқысыз зулымлықлар иследи (И.Сагитов).

АЙТҚЫШ кел. Айта беретуғын, айтып бериўши, дағазалап турыўшы, айтыўға қуштар адам. «Нәўпир айтқыш» ортада бирден жарқ етер, Шаппат қырғаўылдай түргелип кетер (И.Юсупов).

АЙТЛАЎ ф. Айт айтлаў, той тойлаў, мерекелерге барыў. Айтлар айтлап, тойлар тойлап жүргенде, Бизиң елдиң келинисең деген сөз, Ата-анам қулағымнан кетпейди («Алпамыс»).

АЙТПАКЛЫҚ ф. Айтыў кереклик, айтыўға тийислилик, айтыў лазымлық, дәрқарлық. Анда бул сөзди халайық, Айтпақлық бизге ылайық, Барлығын жәрия қылайық. Өтти қызықлы күнлерим (Бердақ).

АЙТПАКШЫ I м. с. Айтқандай, айтпашақ, умытыппан-аў, айтатуғын сөзи бар. — Айтпақшы, оның жырын сен тыңламақшы, мен айтпақшы едим-аў, — деп Палўанның есине түсип (Ө.Айжанов). Айтпақшы, сен бизиң арзаны умытып кеткениң жоқ па? — деп Сержан оның сөзин бөлди (Т.Қайыпбергенов).

АЙТПАКШЫ II ф. Айтажак, айтатуғын. — Мен де усы мәселе жөнинде айтпақшы едим, бирақ ол меннен бурын айтты (Ө.Хожаниязов).

АЙТПАС: айтпас сөз кел. Айтпайтуғын, айтажақ емес. Айтпас сөз усы еди, Айттырыўшы сен кеўлиме (Әжинияз).

АЙТСА ф. Айт фейилиниң шәрт формасы.

АЙТТЫРЫЎ ф. Айт фейилиниң өзгелик дәрежеси.

АЙТЫЛЫЎ ф. Сөйлениў, гәп болыў, хабарланыў. Айтылды бул косық сизге, Ашыўланба енди бизге, 

АЙЛАП р. Айлар бойы, көп ўақытлар. Сонлықтан суў тасыў мәўсиминде қайыққа мүтәж аўыл бир-бирине еки-үш айлап қатнаса алмады (К. Султанов).

АЙЛАС ат. Бирге, бир ўақытта, бир ўақытлы. Айлас қатын — муңлас (ққ. х. н.).

АЙЛАЎ ат. Ат жарысының белгили бир муғдардағы шаўып келетуғын ямаса шаўып өтетуғын жер өлшеми. Еки айлаў, бес айлаў.

АЙЛЫ кел. Айы бар, ай жарығы түскен түн, айлы түн. Тумлы-тусын түрли гүл басқан, Суп-сулыў, айлы көшеде (Б. Қайыпназаров). ♦ Айлы түн — ай жарығы түскен түн. Ол көкирегин жайқыйтып ашып, күпә-күндиз көз алды булдыр, айлы түн тас қараңғы болған ўақытларын бир дәс умытқан тәризли, маңлайын самалға тосып, маңқыйып киятыр (Ө. Хожаниязов).

АЙЛЫҚ ат. 1. Ақша, пул, ис ҳақы. Ведомость бойынша айлық алыў. 2. Ўақыт, мезгил, муғдар. Жаманға түн де қараңғы, күн де қараңғы, ошақтың үш-пүшы үш айлық жол (ққ. х. е.).

АЙЛЫҚЛЫ кел. Айлығы мол, айлығы бар, айлығы көп.

АЙЛЫҚШЫ ат. Айлыққа ислеўши, айлық алыўшы. Миллионлаған дийқанлар алпаўытларға барып, күнликши, айлықшы болып аз ҳақы менен ис қылатуғын еди (К. Ирманов).

АЙМА-АЙ р. Ай сайын, ҳәр айда. Күн сайын көркейип, өсип айма-ай, Өшпес бахыт нурын шаша баслады (С. Нурымбетов).

АЙМАҚ ат. Бир беткей жер, әтирап, дөгерек, өз алдына бир бөлекленген көлемли жер, бир топар қонысласқан халық, Айналайын, аймағым, шөл легенде суўсыным (ққ. х. к.). Қызды орады мамыққа, Бағыў ушын май, қаймаққа, Билдирмей аўыл-аймаққа, Өз ислерин еткен екен (Бердақ).

АЙМАЛАЎ ф. Әлпешлеў, еркелетиў, жубатыў, алдастырыў, сыйпалаў, қәдирлеў. Сол уядан түлегенмен, ушқанман, Талай даўыл аймалаған төсимди (И. Юсупов). Ҳал-жағдай сорап меннен, аймалады өз анамдай (И. Юсупов). ...оның атлас көйлегинде балқып турған көкирегин аймалады (Айбек).

АЙМАНДАЙ кел. Тап-таза, пәкизе, кеўилдегидей, теп-тегис, бир тегис, тап-тақыр, мыстай. Үйдиң дөгереги аймандай, тап-таза етип қойылды, ...(газетадан).

АЙНА ат. 1. Бир нәрсениң көринисин қайта сәўлелендиретуғын зат, буйым. Айна керек болса жүзиң көриўге, Суў да керек жасап өмир сүриўге (Әд. ал.). 2. Жайға жақтыландырыў ҳәм ҳаўасын тазалаў ушын қолланылатуғын қурылыс буйымы. Айна алдында қоңыр тартса да, халық алдында жүзлерин жарқын (Г. Есемуратов). Инженердиң айнасынан, Түнлерде сөнбес жақты (И. Юсупов).

АЙНАДАЙ кел. 1. Таза, тап-таза, гирбинсиз, гүмансыз, Уялған тек турмас дегендей етигиниң тумсығы менен сырлы еденниң айнадай жүзин қыршыды (А. Бекимбетов). 2. Айнаға усаған, айна яңлы.

АЙНАЛА қ. айлана.

АЙНАЛАЙЫН қ. айнанайын.

АЙНАЛДЫРЫЎ қ. айландырыў.

АЙНАЛМА қ. айланба.

АЙНАЛШЫҚЛАЎ қ. айланшықлаў.

АЙНАЛЫ кел. Айнасы бар, айна салынған, айна орнатылған. Қапталындағы айналы сандық пенен оның үстиндеги қаршынның нағыслары қолдан терип байлаған гүлдастедей жалт-жулт етеди (К. Султанов).

АЙНАЛЫП-ҮЙИРИЛИЎ ф. Қайырқомлық көрсетиў, ғамхорлық етиў, күтимин бериў. Қапталына келген ақ тазыны айналып-үйририп, еки көзин сыйпап тур (К. Султанов).

АЙНАЛЫСЫЎ қ. айланысыў.

АЙНАЛЫЎ қ. айланыў.

АЙНАЛЫШ қ. айланыш.

АЙNАNАЙЫN т. с. Адамның биреўди жақсы көрип өзине тартыў сезими. Айнанайын, аппағым, Қозы жүнли қалпағым (Қ. Айымбетов). Перзентиндей күлип оған дер елжиреп: айнанайын (И. Юсупов).

АЙНА-ТАРАҚ ат. Ҳаял-қызлардың керек жарағы, айнасы, тарағы т. б. затлары. Айна менен тарақ бар, Алмасаң да қарап қал (ққ. х. н.).

АЙ НУРЫ ат. Ай сәўлеси, ай жарығы. Екеўи де қумар етер түн гезип, Ай нурына жүзи гүл-гүл жаныпты (Т. Сейтжанов).

АЙНЫМАҒАН кел. Дәл өзи, усаған, тап өзиндей, өзгермеген.

АЙНЫМАС ф. Өзгермейтуғын, бир турысында туратуғын, айнымайтуғын, өзгермес, беккем. Көптин бири болып Ақшолпан фронтқа кетер алдында Палман менен байласқан айнымас ўәдени берик услайды (Г. Есемуратов).

АЙНЫМАЎ ф. Өзгермеў, өз қәддинде турыў, дәл өзиндей болып қалыў, бузылмаў. Ҳаўаның суўықлығы да аямаўыздың айнымаған бир күни болып тур («Әмиўдәрья» ж.). Келбети келискен ақ жүзли, қара көзли, сиңлисинен айнымай қалған (А. Бекимбетов).

АЙНЫТЫЎ ф. Өзгертиў, бузыў, сөз бериў, басқа жаққа дөндириў. Ҳаялын айнытып жүргени де ырас, өтинишимизди питирмесең көрермиздағы, деп кеткени де ырас (Қ. Ирманов).
АЙНЫЎ ф. Өзгериў, танып шығыў, сөзинде турмаў, айнып кетиў, бузылыў. Ашыған қамырдай айнып тура қалады (Ж. Аймурзаев).

АЙ-ПАЙ: ай-пайына қарамаў р. Әйле-пәйлесине қарамаў, олай-булайына қарамаў, тезлетиў. Айтбайдың ай-пайына қаратпай: — Ақ патшаның ҳәмирине муўапық мәрдикарға алындың, жақында кетесең, — деди (М. Дәрибаев).

АЙПАП-ЖАЙПАЎ р. Басқылаў, жайпап таслаў, бүлдириў.

АЙРАҚ-ТАЙРАҚ кел. Қалай болса солай, әйтеўир, парықсыз, ретсиз, тәртипсиз, жөнли-жөнсиз. Сонлықтан оны айрақ-тайрақ етип жазылған қолжазбалар қорқытты (Ю. Леонтичев).

АЙРАЛЫҚ ат. Жудалық, интизарлық. Күтилмеген айралықтың азабы, Қайыспастай жас кеўилге дәрт салды (И. Юсупов). Еки ашық бир қосылып жүре алмай, Айралықтан бири-бирин көре алмай (А. Дабылов).

АЙРАН ат. Ағарғанның бир түри, қатықты писип майын алғаннан кейингиси. Айран тилеп келипсең, шелегиңди жасырма (ққ. х. н.).

АЙРАН-ШАЛАП ат. Ағарғанның түри, қатық, сүт, суў қосылған ағарған. Күни менен жол қаққан жолаўшылар айран-шалапқа қайыл (Х. Сейтов). Буяқтағы көрген қорлық-азап шай орнына ишкен айран-шалапты, Кушақласып айтатуғын күн қайда? (Күнхожа).

АЙРЫ ат. Темир жаба, еки ямаса үш-төрт тисли, айры тис, ушы еки айры. Чайды қой, пәтирди қой, қолыңа айры, арқан ал (Әжинияз). ♦ Айры киби — айры сыяқлы, мегзес. Айыўға мегзейди еки бармағы, Айры киби сүйри еки бармағы (Омар). Айры өркеш — айры өркешке усаған. Айры өркеш, келбетиң зор, Көп жас минип қурыпты тор, Қартайғанда болыпсаң қор, Заманында түйе екенсең (Күнхожа).

АЙРЫҚША р. Өз алдына, ерекше, бир бөлек, өзгеше, кеўил аўдарарлық, бөлекше. Батыр туўған атадан, Айрықша туўған анадан, Айдос деген бабамыз, Ханды көзге илмеди (Бердақ). Көпшиликтиң арасынан әлле биреўдин даўысы айрықша шықты (Ө. Айжанов).

АЙРЫҚШАЛЫҚ ат. Өзиншелик, өзгешелик, басқалардан айырылып турыўшылық, бөлекше бир қәсиет. Дәстанның көлеми, айрықшалығына, атқаратуғын жыраўдың творчестволық өзгешеликлерине байланысқан болады (Қ. Мақсетов).

АЙЫРЫЛМАС кел. Айырылмайтуғын, беккем, өзгермейтуғын, ажыралмас, бөлекленбейтуғын, тығыз. Шамурат пенен Гриша айырылмас дос еди (Қ. Досанов), Суртайшадан бул қайғымды алыңлар, Айырылмас басына қайғы салыңлар («Қырқ қыз). Бәдбахыт жигит бий болса, аўызы айырылмас парадан (Қ. Айымбетов). Айырылмастай достыңа қайырылмастай сөз айтпа (ққ. х. н.).

АЙЫРЫЛСА ф. Айырылып қалса, егер айырылып қалған жағдайда. Ол жигит кетти тезбе-тез, Усы болсын деп бир сөз, Жастан айырылса деп көз, Бир ойды ойлаған екен (Бердақ).

АЙЫРЫЛЫСЫЎ ф. Бөлеклениў, ажырасыў, ҳәр ким өз алдына кетиў. Ертеңги айырылысыў екеўимизге де аңсатқа түсип киятырған жоқ (Г. Изимбетов). Көрсе қызар минезим жоқ, Ханзада, — деп Әжинияз кем-кем ашылыса баслады, — туўры келиўге қасымдағы жолдасларымнан айырылыса алмадым (К. Султанов).

АЙЫРЫЛЫЎ ф. 1. Айра түсиў, ажырасыў, бөлеклениў, намыссызланыў, жеккелениў, еки тәрепке кетиў. Апаннан айырылып ишим жанады (ққ. х. к.). Айырылды жарлылар суў менен жерден, Нан сорап тентиреп жөнелди елден (әд. аль.). «Маркс» жаптың көпирине жетпей-ақ, арқа бетке айырылған арба жол менен туўры Андреев атындағы колхоздың 3-бригадасына қарап жүрди (А. Бекимбетов). 2. Жок болыў, өлиў, тамам болыў. Сум душпанлар түсип мениң арама, Арысландай жан ағамнан айырылдым («Қырқ қыз»). Денемиз қақ-қақ жарылды, Табанымыз айырылды (әд. хресг.). 3. Айрықша қуўаныў, кеўиллениў. ...жаңағы Сержан жүреги тарса айырылып, соның хабарын айтыўға келген ғой (Т. Қайыпбергенов). 4. Ес-түси кетиў, есинен айырылыў. «Ўақ!» деген даўыс шыққаннан-ақ Тимур ес-түстен айырылып қалды (А. Бекимбетов). ...көл ишинде айырыла көзге түсетуғын аппақ сән берип турды (Т. Қайыпбергенов).

АЙСЫЗ кел. Ай батқанда, ай туўмай турғанда, қараңғыда. Айсыз түнде жол жүриў қандай қыйын (Ө. Айжанов). Айсыз қараңғы түнлердиң бири еди (әд. хрест.).

АЙТ I ф. Сөйле. Мейли, бирақ тез айт. (А. Әлиев).

АЙТ II ат. Байрам, мереке, той-тамаша. Айтлар айтлап, тойлар тойлап жүргенде, Бизиң елдиң келинисең деген сөз. Ата-анам қулағымнан кетпейди («Алпамыс»). Маржан шытақ орнатқанда, Салланып айтқа шыққанда, Жибектен сайлап таққанда, Шашбаўларын үзип қойды (ққ. х. к.).

АЙТА-АЙТА ф. Қайта-қайта айта бериў, тәкирарлап айтыў. Басында болмаса тағын, Айта-айта талар жағың (Бердақ). Оқып шықтым қайта-қайта, Жүрдим оны айта-айта, Көп ойладым деп пе кәте, Тарийхын билмеген едим (Бердақ).

АЙТАЖАҚ кел. Айтатуғын, бурыннан айтыў ушын таярлап жүрген. Айтажақ сөзин бирден айттырмаған соң Атамурат дәслеп албыраса да, соң өзин бийледи (Т. Қайыпбергенов). Патша қылышын шабыўға таярлап, айтажақ сөзинди тезирек айт, — дейди (ққ. х. е.).

АЙТАҚЫР ат. 1. Алаңлық, далалық, майданлық, кең жазықлық. Ушы айтақыр — ушы қыйры менен шет-шебирине көз жеткисиз, Шелпеклиниң даласы (Ө. Хожаниязов). 2. Жоқшылық, кемтарлық.

АЙТАР ф. Айтатуғын, айтажақ. Ғарры Шерипке айтар сөзин айтып болды (Қ. Ирманов). Айтарымды айттым да, өзимди әўелгиден бир қанша жеңил сездим (Ө. Хожаниязов).

АЙТАР-АЙТПАС р. Еки ойлы, гүмилжи, иркилип қалыў, ойланыў. «Аға» деп гүмилжип айтар-айтпастан... (Б. Исмайлов).

АЙТАР АЎЫЗ ат. Дерлик, айтарлық. Ақсақалдың еситер қулаққа айтар аўызға уят бул сөзинен пүткил халық жеркенди (әд. хрест.).

АЙТАРЛЫҚ ат. Айтатуғын, айтажақ, жүдә жақсы кеўилдегидей. Келипсиз батыр булманға, Айтарлығың бар ма ханға? — деп бир саўал қойған екен (Бердақ).

АЙТАРЛЫҚТАЙ кел. Сондай, кеўилдегидей, айтыўға турарлық, сөз етиўге арзығандай, жүдә ойдағыдай. Ол Қәмекбайды айтарлықтай жақсы көрмейди (Ж. Аймурзаев). Келген хожалықлардың аўҳалы айтарлықтай болмады (Ж. Аймурзаев). Аз емес, бизде де көп жетискенлик, Айтарлықтай салтанатлы күн келгенде (И. Юсупов).

АЙТАТУҒЫН кел. Айтажақ, айтыў керек, айтайын деген. Ол ҳаплығып айтатуғын сөзлерин дурыслап айта алмай атыр (Ө. Хожаниязов).

АЙТҚАНДАЙ т. с. Айтпақшы, айтпашақ, айтып қалдырғандай, көбинесе кириспе сөз ретинде қолланылады. М. Горький айтқандай — сөз сағасы фольклорда (Қ. Айымбетов). — Айтқандай, усы Медет сен неге почта болып ислемейсең, еки бастан қолың бос, саған сол қайым ғой (Ө. Хожаниязов).

АЙТҚЫЗЫЎ айтыў фейилиниң өзгелик дәрежеси.

АЙТҚЫЛ ф. Айт, айтатуғын гәпиңди айта бер, айтсеш, айтсаң-а. Ойлап Бердимурат айтқыл сөзиңди, Көтермей лап етип куры өзинди, Қызартпағай сениң биреў жүзиңди, қолдан келсе хызмет еткил халық ушын (Бердақ).

АЙТҚЫСЫЗ кел. Айтып болмастай, айта алмастай, айтатуғыны жоқ, жаман, болмайтуғын. Адамзатқа айтқысыз ўақыя болды. Енди маған бир ҳәдийсе көринди (Омар). Сатылған бий аталықлар мийнеткеш халыққа адам айтқысыз зулымлықлар иследи (И. Сагитов).

АЙТҚЫШ кел. Айта беретуғын, айтып бериўши, дағазалап турыўшы, айтыўға қуштар адам. «Нәўпир айтқыш» ортада бирден жарқ етер, Шаппат қырғаўылдай түргелип кетер (И. Юсупов).

АЙТЛАЎ ф. Айт айтлаў, той тойлаў, мерекелерге барыў. Айтлар айтлап, тойлар тойлап жүргенде, Бизиң елдиң келинисең деген сөз, Ата-анам қулағымнан кетпейди («Алпамыс»).

АЙТПАКЛЫҚ ф. Айтыў кереклик, айтыўға тийислилик, айтыў лазымлық, дәрқарлық. Анда бул сөзди халайық, Айтпақлық бизге ылайық, Барлығын жәрия қылайық. Өтти қызықлы күнлерим (Бердақ).

АЙТПАКШЫ I м. с. Айтқандай, айтпашақ, умытыппан-аў, айтатуғын сөзи бар. — Айтпақшы, оның жырын сен тыңламақшы, мен айтпақшы едим-аў, — деп Палўанның есине түсип (Ө. Айжанов). Айтпақшы, сен бизиң арзаны умытып кеткениң жоқ па? — деп Сержан оның сөзин бөлди (Т. Қайыпбергенов).

АЙТПАКШЫ II ф. Айтажак, айтатуғын. — Мен де усы мәселе жөнинде айтпақшы едим, бирақ ол меннен бурын айтты (Ө. Хожаниязов).

АЙТПАС: айтпас сөз кел. Айтпайтуғын, айтажақ емес. Айтпас сөз усы еди, Айттырыўшы сен кеўлиме (Әжинияз).

АЙТСА ф. Айт фейилиниң шәрт формасы.

АЙТТЫРЫЎ ф. Айт фейилиниң өзгелик дәрежеси.

АЙТЫЛЫЎ ф. Сөйлениў, гәп болыў, хабарланыў. Айтылды бул косық сизге, Ашыўланба енди бизге, Шығарайын айтып сизге, Билесең бе, Өтеш мүйтен (Бердақ). Айтылған сөҙдиң булжымай орынланыўын талап етти (ққ. р. с.).

АЙТЫМ ат. Тойларда, беташарларда, қыз-жигит отырыспаларында айтыстың түрлери, өли өлген жерде жоқлаў (айтым) айтып жылаў т. б. жағдайларда қолланылатуғын сөз. Айтым айтқан қайниңди, сыйла, сыйлама өзиң бил (ққ. х. с. ж.). — Қәне, айтым айтатуғынларыңыз бар ма? («Әмиўдәрья» ж.).

АЙТЫНЫЎ ф. 1. Өз-өзинен сөйлениў, өзи менен өзи болыў. 2. Кеўлиндеги зарын шығарыў, дебдиўин басыў, иштеги дәртти тарқатыў. Екеўи де жүрегиндеги қайғы-шер ҳәсиретин ҳәм сарсық дебдиўин айтынып жылады (К. Султанов).

АЙТЫС ат. Фольклорлық жанр. Усындай ҳәзил айтыстан кейин Бердақ пенен Өтеш шайыр екеўи қатты дос болады (И. Сагитов).

АЙТЫСЫЎ ф. Ўәжлесиў, дәлиллесиў, бир-биреўге жуўап қайтарысыў, сөйлесиў. Үшеўи узақ ўақыт айтысады, жеңисе алмайды (ққ. х. е.). Арза жазаман, азап бергени ушын айтысаман (Ж. Аймурзаев). Чай ошаққа малдың тезегин тандырдай қалап, дөгереклеп боз балалар жаңылтпаш, жумбақ айтысып отыр (К. Султанов).

АЙТЫЎ ф. Сөйлеў, хабарлаў, мәлимлеў, сөйлеп бериў, айтып бериў. Ала-ғула демеңиз, атын айтып қоймаңыз (Қ. Айымбетов). «Мен де турман оның не» деп сора бир, Тениз айтар «сүнгип маржан ала бил» (И. Юсупов). Оразгүл бир нәрсе айтқысы келди... (Т. Қайыпбергенов).

АЙТЫЎ-БАЙРАМ ат. Той-мереке, той-тамаша, ўақты хошлық.

АЙТЫЎЛЫ кел. Атақлы, аты шыққан, даңқлы, дабаралы. Толыбайдың Нәдири, Айтыўлы ең атақлы, Палўанлардың бири еди (А. Дабылов).

АЙТЫЎШЫ ат. 1. Сөйлеўши, сөйлеп бериўши. Айтыўшы ақыллы болса, тыңлаўшы да дана болады (ққ. х. н.). Еситкенин асырып, бөрттирип айтыўшылар да жоқ емес: Қайыптың үййине күйеў бала — Ержан келген қусайды (К. Султанов). 2. Той-мерекелердиң хабарын жеткериўши.

АЙТЫЎЫНША р. Оның сөзине қарағанда, соның хабарлаўынша, хабарлаўы бойынша. Сараның айтыўынша, ийшан Қулбай маллары ҳәм қатынларын дәрьяның жағасына алып келгенде, тек бир ғана кеме бар екен, қулласы (С. Айний). Оннан соң жаңағы ғазын даўлап келген пуқараның айтыўынша, бул жақта мерген көп болса керек (К. Султанов).

АЙҲАЙ к. ҲАЙ-ҲАЙ т. с. Бәрекелла, япырмай. Сәўир сәнли қыс, жаўза жары қыс, Айҳай саратан сеннен де қорқаман (ққ.х.н.). Айҳай бир топ сағыйралар, қашан есиң енер сениң (С. Мәжитов).

АЙШЫ-ӘШИРЕТ ат. Ўақты хошлық, ойын-күлки, мәслик, той-тамаша. Қыз бенен отырсаң қупыя жайда, Айшы-әширет етсең тилла сарайда (Әжинияз). Дүньяның айшы-әширети, Жесең жанның рәҳәти, Жәннетке мегзер сыпаты, Бостаныңнан Кулен болыс (Бердақ).

АЙШЫҚ ат. Бурынғы ўақларда, ҳаял-қызлардың безениў ушын өңирине тағатуғын затларының бир түри. Қубылжытып нағыс ойған алқымдағы айшық сүйек, Сүйнементтей саўры бетке омыраўдан түсти қулап (И. Юсупов).

АЙШЫЛЫҚ кел. Бир айлық, бир ай шамасындағы ўақыт. Айшылық жолды атлаған, Қара торы тулпары («Қырқ қыз»). Мен де сыбыр-сыбыр турдым да қаштым, Алты айшылық жол астым (ққ.х.қ.).

АЙЫ ат. 1. Күни, ўақты, мезгили. Салқын тартқан гүз айының таңы оның шаршаған ыссы денесине жағымлы тийди (А. Бекимбетов). Март айының төбеси көриниўден Наўрыздың қары жаўды. 2. Жағдайы, шамасы, тәғдири, адамлар арасындағы бир-биреўге болған мүнәсибет. Халықтың хан алды айын, Дәртлер күн сайын уласып (Бердақ). Не де болса меннен айы алынды («Мәспатша»). Шаршады, айы алынды, Булдырап алды көзиниң (Б. Қайыпназаров).

АЙЫҒЫЎ ф. Дүзелиў, тәўир болыў, жазылыў, келеге келиў, жақсарыў, қәддине келиў. Көп кешикпей ол усы аўырыўынан айықты (Ө.Айжанов). Мүлгип отырған Еримбет шоршып түсип, мәсликтен айықты (Қ.Айымбетов). – Ярым, турың жайдан, жатқаның қула майдан, айығың уйқыдан («Мәспатша»),

АЙЫ-КҮНИ ат. Ўақты, мезгили. Көриңлер бул ҳасыл затты, Еситиңлер илтифатты, Қәдир ақшам толғатты, Айы-күни толған екен (Бердақ). Бирақ, оған дейин айы-күни жақынлап қалған еди, аўылда жас босаныў қолайсыз болғанлықтан Шымбай қаласындағы туўыў үйине кетти (Ө.Айжанов).

АЙЫҚТЫРЫЎ айығыў фейилиниң өзгелик дәрежеси.

АЙЫЛ ат. Телетиннен исленген, минис көлигин ертлегенде оның белинен шалатуғын (орайтуғын ямаса белинен байлайтуғын), ердиң аўмаўы ушын оны беккемлеп көликтиң арқасына таңып қойыў ушын арналған қурал-сайманлардың бири. Атларға ерди салайық, Айылды беккем шалайық («Қырқ қыз») Артқы айылдың батқанын ийеси билмес, ат билер (ққ.х.н.). ◊ Айылын жыймаў — тартынбаў, дәрпенбеў, қорықпаў, сескенбеў, уалмаў, жыйналмаў. Әкемде үн жоқ, айыбын әбден мойнына алған сыяқлы, оның менен апам айылын жыймады (К.Смамутов).

АЙЫЛДЫРЫЎ айыў фейилиниң өзгелик дәрежеси.

АЙЫЛЛАЎ ф. Айыл тартыў, айыл менен шалыў, беккемлеў. ...еки жерден айыллап, беккем ертлеп алады («Мәспатша»).

АЙЫЛЫЎ айыў фейилиниң өзлик дәрежеси.

АЙЫП ат. Ерсилик, гүнақарлық, ҳәдден тыс ҳәрекет, келиспейтуғын ис, қәтеси, гүнасы, кемиси, ҳәрекет, жаман ис, жаман қылық, жаман әдет, жазығы, қылмыс. Ағалар сөзимди көрмеңлер айып, Кисини айтпайман сыртынан сайып... (Бердақ). Ҳаў, гүбелек, мақтанасаң шалқайып, Билмей турып кемис тапсаң бул — айып (И.Юсупов). Адасқанның айыбы жоқ, қайтып үйирин тапқан соң (ққ.х.н.). Бир айыбы базар жайдың жаңасы (Т.Сейтжанов). ...айыбы ушын кеширим сораған (А.Бекимбетов).

АЙЫПДАР ат. Айыплы, гүналы, қылмыслы, гүнақар. Айыпдар адам.

АЙЫПКЕР ат. Гүналы, айыплы, қылмыслы, айыпдар. Жоқ мен айыпсыз айыпкермен (А.Бекимбетов).

АЙЫПКЕРЛИК ат. Гүнақарлық, айыбы барлық, қылмыслылық.

АЙЫПЛАНЫЎ ф. Гүналы болыў, қылмысланыў, ат тағылыў. Хан алдында айыпланып, Қанлы дарға қайымланған (А.Дабылов). Қылмыс заңының 59-статьясының 8-тармағы менен айыпланған азамат Дәўлетбай Пиреке улы менен... (Қ.Ирманов).

АЙЫПЛАЎ ф. Гүналы етиў, жазықлы етиў, қылмыслы деп есаплаў. Китабы өтпей жатса магазинде, Айыплап оқыўшыны күнде сөкти (И.Юсупов). Ал, биз болсақ оның кеўлиндеги қайғы-ҳәсиретлерин билип алмастан бурын оны айыплап отырмыз (Р.Тагор).

АЙЫПЛЫ кел. Гүналы, жазықлы, қылмыслы. Молланың ҳукими орынланып, айыплы балалар паллаққа асылып атыр (Ә.Шамуратов). Бирақ, өзин ол ушын айыплыман деп есапламайды (А.Бекимбетов).

АЙЫПСЫЗ кел. Гүнасыз, жазықсыз, айыбы жоқ, қылмыссыз. Алыс жерге сапар тартсаң, жаманларға жолдас болма, айыпсыз адам болмас, өз айыбыңа жыла («Мәспатша»). Жоқ, мен айыпсыз айыпкермен (А.Бекимбетов).

АЙЫР АҒАШ ат. Айыр ағаштан исленген сырық, жер өлшейтуғын ағаш. Қыстың өзи жети ағайын, Айыр ағаш пенен сегиз (ққ.х.н.).

АЙЫР БАҚАН ат. Еки ағашты айқастырып көмилген белги, ушы айры болып турады. Айыр бақанды қурды, Оған бирин асылдырды, Қасына жүўен илдирди, Бир ырымды еткен екен (Бердақ).

АЙЫРМА ат. Парық, өзгешелик, басқалық, белги. Ал, мениң хат деген хатларымның да булардан ҳеш айырмасы жоқ (Ә.Шамуратов).

АЙЫРМАШЫЛЫҚ ат. Өзгешелик, басқашалық, айрықшалық... Ол үнлеслик пенен үйлесиў арасындағы айырмашылықты абайламады (Р.Тагор). Сондай-ақ, намаларда айырмашылық бар (Н.Дәўқараев).

АЙЫРЫМ р. Бөлек, өз алдына, базыбир, гейбир, некан саяқ. Қарақалпақ жерине хизметке келген, келип ислеген айырым рус адамлары да үлкени үйрениў менен шуғыллана баслады (Б.Исмайлов). Ҳәр кимниң хожалығы айырым, өзлерине дәрек бөлмеси болады (Т.Қайыпбергенов).

АЙЫРЫЎ ф. Бөлиў, еки жаққа жибериў, сортлаў, жақсы-жаманын, ақ-қарасын, ҳағын-наҳағын билиў, шигинин айырыў, басқа бағдар алыў, жыртыў, өзгеше бир түс алыў. Екеўин айырып байлады да, асығып үйге кирди (Т.Қайыпбергенов). ...қамысты қақ айырып таяў басып Айқыз киятыр (А.Бегимов). Қара түнди қақ айырған жулдызым, Суў түбинен шыққан ҳасыл кундызым («Қырқ қыз»). Дәрбийке баласы Хожамберген екеўи кепшик толы дәнди ала бүйреги менен ушығынан айырып геўзеп отыр (К.Султанов). ◊ Ақ-қарасын айырыў — анықлаў, ҳаклығына шығыў. Айырып ақ-қарасын мәселениң, Темирдей принципке тутты рас (И.Юсупов). Бет пердесин айырыў — маскара етиў. Бет пердесин айырып, етиў керек маскара (Әд. хрест.). Айра түсиў — айырылыў, бир нәрседен айырылып қалыў, жуда болыў, зарығыў, көрисе алмаў. Базыбиреўлер айра түсти, Сүйгиликли сәўер ярдан (Ж.Аймурзаев).

АЙЫЎ ат. 1. Жабайы ҳайўан. Жалғызлық пенен азлықтың, дәўири кетти келмеске, Бөлинсең бөри айырылған, Адамды айыў жемес пе?! (И.Юсупов). 2. Дүзеў, жазыў, оңлаў, жеңиў.

АЙЫЎДАЙ кел. Айыўға усаған, айыў сыяқлы, жыртқыштай, жабайыдай. Мениң атым басқа бир атты көрсе айыўдай ақырып киснейтуғын жылқы еди (Әд. жыйн.). Шоңқайған айыўдай қара зил қабақты арқалап суў тасып, ақ отаўға қарай қайқаңлап баратырған келиншеклер... (К.Султанов).

АЙ-ЯЙ т. с. Танланыў, сүйсиниў, қайыл болыў, қайыл қылыў, өкиниш. Ай-яй сол бир жүз терек, Жиберместен түслик асқа (И.Юсупов).

АКАДЕМИК ат. Илимий атақ, ең жоқары илимий дәреже, Илимлер академиясының ҳақыйқый ағзасы. Академик Айбек шайыр, Ғафурдай, Ҳәр бир сөзи тобылғының торындай (К.Султанов).

АКАДЕМИЯ ат. Ең жоқарғы илимий мәкеме. Илимлер академиясының сессиясы.

АКАЦИЯ ат. Теректиң бир түри, гүллейди, ақ гүлли ҳәм жақсы ийис береди. Мухаббаттың урығындай, өсти бир түп акация (И.Юсупов). Акация арасын сайран етип, Үй бетиңе қайрылдың адым басып (Ж.Аймурзаев).

АККОРДЕОН ат. Музыкалык саз әсбабы. Аккордеон шертиў.

АККРЕДИТИВ ат. Аманат кассасында ақшасы бар адам, сол ақшасынан басқа аймақтағы қалаларда жүргенде пайдалана бериўге болатуғын ақша ҳужжети, яғный ақша ийесиниң қолына алып кететуғын ҳуқықый қағазы.

АККУМУЛЯТОР ат. Электр ямаса ток күшин сақлап, үнемлеп пайдаланатуғын әсбап (қурал). Автомашинаның аккумуляторы.

АКРОБАТ ат. Циркте гимнастика көрсетиўши спортшы, жеке адамның өз күши арқалы орынлайтуғын усылы.

АКСИОМА ат. Ҳеш бир дәлиллеўди талап етпейтуғын илимий шынлық.

АКТ I ат. Ҳужжеттиң бир түри. Гүўалық ушын дүзилген акт, айыплаў ямаса қабыллаў ушын дүзилген акт.

АКТ II ат. Пьесалардағы қойылған ўақыялардың бөлимшелери.

АКТЁР ат. Сахнада түрли шеберлик пенен унамлы ямаса унамсыз образларды бериўши адам, артист. Ә.Өтепов — талантлы драматург, режиссёр ҳәм актёр (Ә.Насруллаев). Сен актёр адамға ҳеш усамайсаң, Актёр жетелейди жаңа өмирге (И.Юсупов).

АКТИВ ат. 1. Иссен, талапшаң, шаққан, қызғын пәт пенен ис жүргизиўши киси, белсенди. Ўазыйпалы исти қараўға, кеште жыйналысты колхоз активи (Т.Сейтжанов). Колхозласыў дәўиринде Рейпназар жүдә актив жумыс ислеген жигит, өзи муғаллим (С.Хожаниязов). 2. Бас қоспа, басқарыўшы, басшы хизметкер, қызғын, талапшаң, искерлик пенен жақсы жумыс алып барыўшы адамлар. Бул жыйналысқа аўыл активлери менен бригадирлери ғана шақырылған (К.Султанов). Күн еңкейип көлеңке үлкейе бергенде, колхоз правлениесиниң кабинетине активлер, колхозшылар жыйнала баслады (Ө.Айжанов).

АКТИВЛЕСИЎ ф. Қызғынласыў, шаққанласыў, жан ендириў, белсене кирисиў, ҳәрекетти күшейтиў.

АКТИВЛЕСТИРИЎ ф. Қызғынластырыў, шаққанластырыў, пәт ендириў, шаққанлықты күшейтиў.

АКТИВЛИК ат. Шаққанлық, пәтлилик, жан ендириўшилик, белсендилик.

АКТОВЫЙ ат. Үлкен, арнаўлы, жыйналыслар, концертлер өткериўге қолайластырып салынған бөлме, өжире. Қыз бенен екеўимиз актовый залдан шықтық та, бос бир аудиторияға бардық (Г.Изимбетов).

АКТРИСА ат. Театр сахнасында ҳәр түрли пьесаларда ойнаўшы, қосық айтыўшы, түрли рольлерди атқарыўшы ҳаял. «Актрисаның ығбалы» (И.Юсупов).

АКТУАЛЬ кел. Әҳмийетли, қәжетли, керекли. ...ҳәзирги ўақытта да актуальлығын жойытпаған (Қ.Мақсетов).

АКУШЕР/АКУШЕРКА ат. Нәрестениң дүньяға келиў процесинде медициналық жәрдем көрсетиўши шпакер.

АКЦЕНТ ат. Өз ана тилиниң сеслик өзгешеликлерин басқа тилде сөйлеў пайытында да сақлап сөйлеў. ... қысынбаң, жақсы болып кетеди, — деди врач қыз жергиликли тилде акцент менен сөйлеп (А.Бекимбетов).

АҚ кел. 1. Аппақ, гүриштей, жақсы, таза. Йошып кеўлиң шадлық артып, Ақ қағазға қәлем тартып (Ә.Шамуратов). Дурыс айырыў ушын ақты, қараны, Илгир зейин сыншы керек (И.Юсупов). Шығыр айдап, төгин жайып, Исте ҳәмме аксақ, майып, Ақ шығып азық молайып, Шарўалар мәс гезер келсе (С.Мәжитов). 2. Ҳақ, ҳадал, жаманлығы жоқ, кеўлинде гирбини жоқ, қылмыссыз, айыпсыз. 3. Ағарған, асқатық. 4. Дақ, гирбин, кир. Көзге ақ түсиў. Баҳа бермей ақ-қараға, Түспей ақ қараңғы жыраға (А.Дабылов). ◊ Ақ ениў — ақ түсиў, шашы ағарыў, бирең-саран ақ шашлардың пайда болыўы. Сақалына ақ ене баслаған адам кәрўан басшыға қарады (Б.Сейтеков). Ақ енип қалыпты сақал-мурт, шашқа. Мийнеткеш усы екен яранлар (Бердақ). Ақ түсиў — дақ түсиў, кир түсиў. Тек сеннен айра түскенде, Мен боларман ғамға бенде, Шашларыма ақ түскенде, «Умытты деп еллер мени, Қыйнамасын желлер мени (И.Юсупов). Ақ патша — Қазакстан ҳәм Орта Азияда жасаўшы түрк тиллес халықлардың көпшилиги Россия Императорын Ақ патша деп атаған. Ақ патшаның ҳәмирине муўапық мәрдикарға алындың, жақында кетесең (әд. хрес.). Ақ патшаны қулатты, Тажы-тахтын сулатты (Д.Қасымов). Ақ түйе — бийкарлаў, мойынламаў, көрген-билгенин айтпаў мәнисинде жумсалады. Ақ түйени көрдиң бе? — деп сорады жолаўшыдан өликти көмип атырған ўрылар. (ққ.х.е.) Ақ түйедей — ақ түйеге усаған, ақ түйеге мегзес. Қара боран, ашшы аяз, Жерлер мийтин болып қатқан, Тоғайлар да жамылып қар. Ақ түйедей шөгип жатқан (Ж.Аймурзаев).

АҚАБА ат. Сырқынды, қалдық, қалғынды суў.

АҚАБАДАЙ кел. Ақаба сыяқлы, ақабаға усаған. Бир мәҳәлде нама қулактың курышын қандырғандай-ақ, қуяр жерине жете алмаған ақабадай кем-кемнен пәсейип барып, жинишкерип сызылып тынды (Ө.Хожаниязов).

АҚАЙЫЎ ф. Ширениў, шери шығыў, қайқайыў, писент етпеў, менсинбеў.

АҚАТПА ат. Арқаўына ақ жипек атып (ериси жип), қызыл жип пенен араластырып исленген шатыраш түриндеги шыт, таўар. Ақатпа белбеўди жипек шапанның сыртынан буўып... (А.Дабылов).

АҚБАС ат. Шөптиң түри, тикенсиз, ушында домалақ ақ үпилдириги гүлдей болып туратуғын өсимлик. Ромашка гүли тәризли. Қызыл шеңгел, ақ шеңгел, Ақбас пенен жантақтан (А.Дабылов). Көзиме ақбас, жантақ, қарабарақ, сора шеңгелден басқа ҳеш нәрсе көринбеди (Ж.Аймурзаев).

АҚБАСЛЫҚ кел. Ақбас шөплердиң көп өскен жери. Адам билмес ақбаслықта жатырман, Керек болсам өзиң излеп таўып ал (ққ.х.к.).

АҚ БАСҚУР ат. Қара үйдиң өзине тийисли тийкарғы баў-шуўларының бири. Ал, енди буның баў-шуўы, сыртқы жанбаў, ишки жанбаў, ақ басқур, қызыл басқур, бел жип, оны ақтан табыў, қулласы, үйге керек-жарақты табыў керек болды (Қ.Айымбетов). Бурынғы қамыс қос пенен алды-артына шыпта жапқан үйлер атаўдың сыйқын қашырса, ақ басқурлы ақ отаўлар келген соң атаў жарқ ете қалды (К.Султанов).

АҚ БИЙДАЙ ат. Бийдайдың сорты. Ақ бийдайы турып сулы сепкеннен, Таза салы турып шигин еккеннен. Жөнсиз қырқ күн қайғы-ўайым шеккеннен, Денсаўлықта бир күн шадлық жақсырақ (Бердақ).

АҚ БИЛЕК I кел. Толық, жумыры, ақ, сулыў формалы билек. Ақ билегиң болмаса, Алты жерден қас қойып, Билезик салмақ не пайда (Қ.Айымбетов). Дастық қылып ақ билегин қыз қасында жатыр еди (ққ. х.қ.).

АҚ БИЛЕК II бот. Собықлылар туқымласына киретуғын, бийиклиги 40-70 сантиметрге жететуғын, көп жыллық денели жабайы өсимлик. Акбилектин Қарақалпақстанда 34 түри өседи (Ў.Шербаев).

АҚ БОЗ кел. Түри, түси, ақ сур көбинесе аттың түрине айтады. Ақ боз аттан түсип атырған достын көрди (Қ.Досанов). Ақ боз бедеўлерге туўрылап баратыр (Н.Бөрекешов).

АҚ БОЗЛАҚ кел. Аппақ, шырайлы, толық келбетли, ақ формалы, жақсы. Ақ бозлақ, сулыўшықтан келген, жоталы жигит еди (Ж.Аймурзаев). Ондағы Жийенгүл апай сулыўшықтан келген, ақ бозлақ ашық маңлай, керме кастан келген келиншек еди (Ж.Аймурзаев).

АҚБӨКЕН ат. Кийиктиң бир түри. ... Марал, ақбөкен қусаған аңларды ғана қалдырып, саў-саламат елине қайтады (ққ.х.е.).

АҚДУР кел. Ақ, ҳақыйқат, ҳадал, таза, пәк, ҳақ, жақсы, ең жақсысы. Талап ислеп тап дүньяны, Сүттен ақдур билсең аны (Бердақ).

АҚ ЕГИН ат. Жазлық, тез писетуғын егинниң түри. ... олардың жапларының сағасын байлап таслап, ақ егин, көк егин дегеннен бос қалдыратуғын еди (А.Бегимов). Ал, басқалары ақ егинди егип, егини пискеннен кейин орып жыйнап түйеклеп, қырманла қызыллап атырған ўақытта... (Қ.Айымбетов).

АҚ ЖАҒАЛ кел. Ала, ылақтың, қозының түрине қарай атаў, бас бетинде меңи бар. Жапырақ мүйиз ақ жағал, Ол да келди суў бетке (И.Юсупов).

АҚ ЖАРЫЛҚАЎ ф. Жақсылық, қуўаныш, тилегин бериў. Ақ жарылқап күн туўды (Қ.Айымбетов). Көрисермиз ақыры, Ақ жарылқап күн туўса (Жийен жыраў).

АҚИЙ кел. Жүдә бий, шер, өзин жоқары санайтуғын адам. Астында бар торы аты, Белинде гәүҳар полаты, Болыстың қуйрық қанаты, Ақсақалың ақий екен (Әжинияз).

АҚҚӨЗ кел. Гөдек, аңқаў, ҳадал, ҳеш нәрсе көрмеген. Мундай аўыр аққөз батырларды сол замандағы Хийўа ханы Испандияр хан өлтирткен (Қ.Ирманов).

АҚКИРЕЎКЕ кел. Ақшыл, ақ сур. Ақкиреўке саўытым, Ысқатым деп кийгенмен, Үстимдеги ақ көйлек, Кепиним деп кийгенмен («Қоблан»).

АҚ ҚАПШЫҚ кел. Октябрь революциясының орнаў алдында Қарақалпақстанда белгили дәрежеде ҳәр қыйлы қыйыншылықлар, ашлық, әптадалық турмысты кеширген халықтың сол жыллары белгиленген атамасы. Ақ қапшық жылы ашлыққа шыдай алмай Мойнақ бетке көшип кеткен еди (Н.Дәўқараев). Бул манда ақ қапшық ҳәдийсесин бастан өткердик (А.Бегимов).

АҚ-ҚАРА. Ақ-қарасын айырыў р. Дурыс-надурысын билиў, ҳақ-наҳағын айырыў, анықлаў. Айырып ақ-қарасын мәселениң, Темирдей принципке тутты ырас (И.Юсупов). ◊ Көздиң ағы-қарасындай — қәдирли, ҳүрметли. Көздиң ағы-қарасындай, Ўатан десе қуўат енер (Ә.Шамуратов).

АҚҚАС: аққас көйлек, кел. Таўардың бир түри, арнаўлы, қәдирли түри, бурынлары қарақалпақ ҳаял-кызлардың алып койып кийетуғын белгили кийимлериниң бири есабында саналатуғын, арнап өзгешерек етип тигилген көйлеги болған. ... аққас көйлек дегенлерим де бар, ... (А.Бегимов).

АҚҚАШ: Аққаш бийшек бот. Гүзде писетуғын қаўынның бир түри. 

АҚҚУБА кел. Жүзи, келбети ақ, ақ рең. Саятхан аққубадан келген, ... сымбатлы ҳаял (А.Бегимов). Тал шыбықтай бойшаң аққуба, шашы бөксесине түскен, жасы жигирма беслер шамасындағы бир ҳаял кирип келди (Н.Бөрекешов). 

АҚҚУЛА ат. Қырмандағы айдалып, тазаланған дәнниң қыр дөгереклеп кәлбир менен ҳәр жеринен аз муғдардағы алынған бөлеги. Аққуласын былай шетке шығарып қойды (Н.Дәўқараев). 

АҚ ҚУР ат. Қара үйге дәркар қурал-сайманлардың бири. Қара үйдиң белбеўи, қызылдан жипек салып ортасы ақ етип тоқылған. Ақ қурлы бир үйдиң алдына барып, Хожанияз қайқының үййини сорағлап, Ҳәр ким өз атыны арбаға бағлап, үйге таман кәдем урды яранлар (Әжинияз). 

АҚҚУЎАҚ кел. Ақсур, қансыз сур, әжептәўир. – Қосыбай, мына балаң нағыз найсап болар, — деди Есберген ашыўға буўлығып аўыз жағының қат-қат өжимли, аққуўақланған арық бетлери жыбырласып (К.Султанов). 

АҚЛАЙ р. Белгисиз ўақта, алдынан, күн бурын, алдын ала, әўел бастан. Ендиги қалған өмиримизде екеўимиз ақлай қуда болайық, сениң қызың болса, мениң улым болса, екеўимиз шыннан қуда болайық жора, — деди («Алпамыс»). 

АҚЛАМАЎ ф. Еткен мийнет, зийнетлерин өтемеў, көрсеткен жақсылық, ҳүрметлерди босқа жибериў, өтемеў. Бул исенимди ол ақламай қалған емес, планын орынлап, көп көзине айрықша түсип тур (Ө.Айжанов). Сол перзентиң еткен зийнетиңди ақламаса қәйтерсең (К.Султанов). 

АҚЛАНЫЎ ф. 1. Тазаланыў, гүнадан пәк болыў, айыбы жоғын дәлиллеў. Әкең ақланып, партия катарына қайтарып алыныпты («Әмиў гүллери»). 2. Жайды ҳәк пенен агартыў Мектеп тас гербиш пенен салынған, сырты ҳәк пенен ақланған (Ж.Аймурзаев),

АҚЛАР ат. Ақ гвардияшылар, Кеңес ҳукиметине қарсы саўашқа катнасқанлар, контрреволюционерлер. Кеңес ҳукиметиниң душпаны. Ақлар дегеним — патшаны, байды қуўатлаўшы, ақ гвардияшылар (К.Султанов).

АҚЛАЎ ф. 1. Пәк етиў, гүнадан айырыў, тазартыў. Жумсалса күшиң-қарыўың, Ақлайсаң халықтың үмитин (Б.Қайыпназаров). 2. Агартыў, ҳәклев.

АҚЛАЎШЫ ат. Суд системасының арнаўлы хизметкери, айыпкерди ақлаўшы, жазасын қалай болмасын жеңиллетиўши.

АҚЛЫ кел. 1. Ағы бар, дақ түскен, көзиниң гүли бар. Бердақ айтар дағлы екенин, Залымларға бағлы екенин, Бир көзиниң ақлы екенин, Фәрип-кәсерге пана бер (Бердақ). 2. Ақылы, еси, ҳуўышы, кеўли, қыялы. Кирпиги ништердур жанға шегилмиш, Көргенлердиң ақлы ҳайран көринди (ққ.х.қ.).

АҚЛЫҚ ат. Баласының ямаса қызының баласы. Бердақ Жийен жыраўдың ақлығы Өтеш шайыр менен заманлас дос болған (И.Сагитов). Ақ киймешек киймесе, Аппақ ақлық сүймесе (А.Дабылов).

АҚМАҚ ат. Ақылсыз, ақылы жоқ, бийдәүлет, надан. Әкем жалт қарап, селк ете қалды: — Маған жеңил тийип тур дейсең бе, ақмақ! — деп қатты бақырып жиберди (К.Смамутов). Көпке жетер шеккен налаң, Ақмақ болса туўған балаң (Әжинияз).

АҚМАҚЛЫҚ ат. Ақылсызлық, ойсызлық, тәртипсизлик. Ақмақлығы болмаса, Ҳеш нәрседен Айдос бий, Қайғысы жоқ ер еди (Бердақ).

АҚМАҚШЫЛЫҚ ат. Акмақлық, надурыслық, бийбастақлық, жөнсизлик, тәртипсизлик. Ақмақшылық етип ақылсыз бенде, Нийети кәмбил шерлериңнен айырылдың («Қырқ қыз»). ... бул не қылған ақмақшылық,... (А.Бегимов).

АҚ МАМЫҚ кел. Аппақ, жуп-жумсақ, иллә менен пиллә, ақ пахта, ҳасыл жипек, ҳасыл зат. Улды туўған ҳаялымды, Ақ мамыққа орайын (ққ.поэз.ант.). Ақ мамығы көзге сүрме, Пахта деген бир егин бар (И.Юсупов).

АҚ МАҢЛАЙ кел. Маңлайы жазық, маңлайы аппақ, минсиз, суп-сулыў, хеш жериниң мини жоқ. Торсық шеке ақ маңлай, Күтә қызық сөзлери (Х.Тәжимуратов). Қызлардың ишинде көп отырып қалғаны да, жап-жас нәўшедейлери де таўыстай суп-сулыў, жүзимниң суўындай қыпша бел, ақ маңлайы да бар (Ө.Хожаниязов).

АҚМАРҚА ат. Балықтың түри. Ақмарқа, суўенниң ҳәр бири қойдай, Теңизде ылақа жүзеди қойдай (А.Бегимов). Үлкенлиги табалдырықтай жарқыраған гил ақмарқа екен (К.Султанов).

АҚ МАЯ ат. Урғашы түйе, ақ түрли түйе. Атқа шыққан ақ маялы Айжамал, Ол да сендей емес Бийбигүл (Әжинияз).

АҚ ОРДА ат. Үскенеси жағынан хеш қандай кемшилиги жоқ, киси таң қаларлық етип үскенеленген, ақ кийиз бенен жабылған 6–8 қанатлы қара үй, бурынлары бийлер ел басқарып отыратуғын арнаўлы үй. Жылама үкем жылама, Той сеники яр-яр, Тоқсан баслы ақ орда, Үй сеники яр-яр (ққ.х.с.ж.).

АҚ ОТАЎ ат. Ақ ордаға қарағанда кишилеў, ақ кийиз бенен жабылған 4–6 қанатлы қара үй. Патша қалды мақул көрип, Ақ отаўдың артын түрип, Қырқ қыз бенен дәўран сүрип, Ретме-рет қушқан екен (Бердақ).

АҚ ОТАЎЛЫ кел. Ақ отаўы бар, құдиретли, қурғынлы, өзин-өзи мол тәмийинлейтуғын хожалық. Дәслепки жыллары «Мерген атаў», оннан кейин «Балықшы атаў» аталған бул жерге гүйзелген шаңарақлар жыйналса, енди пайда қуўған ақ отаўлы байлар көшин таслады (К.Султанов).

АҚ ПАХТА ат. Пахта, ғалўашадан шыққан ақ пахта. Көз алдыңда елеслейди ақ пахта, Бир қанасын қойыпты ол сақлап та (Г.Есемуратов). Усы павильонның кең есигинен кирип барсаңыз ашылған ақ пахталар сизди биринши болып күтип алады (Қ.Досанов).

АҚ ПӘТИЯ ат. Алғыс, тилек, шын жүректен пәтия, рахмет. Ақ пәтия бериң деп, Биз турыппыз интизар («Ер Зийўар»). — Сөйтип не де болса усы ислердиң тәғдирин, өзиң шеш балам, — деп Есенге ақ пәтия берип, дүньядан өтипти (Қ.Айымбетов).

АҚ ПЕЙИЛ кел. Ақ көкирек, кеўли ашық, жаман пикирсиз. Ол саўдыраған ақ көкирек, ақ пейил кәйўаны ҳаял (Ө.Хожаниязов).

АҚ ПОРЫҚ ат. Көлде өсетуғын ақ тамыр, қамыстың, теректиң тамыры сыяқлы. Алтын күн айдаланы аңлығандай, Ақ порық аяк созып кең көлинен (Г.Есемуратов).

АҚ ПУШТА ат. Етиктиң түри, революциядан бурын жақсы етип, курымнан тигилген түри. Ақ пушта етик кийе алмай, Төсекли жерде жата алмай (Сарыбай шайыр).

АҚПЫШАҚ ат. Урыўдың аты. Мүйтен, қоңырат, қытай, қыпшақ, кенегес маңғыт, ақпышақ, Бәри алты урыў қарақалпақ сол жерден көшкенде айырылған екен (Бердақ).

АҚРАП к. ахрап.

АҚСАҒЫМ ат. Таң атар ўақыт, аспан жақтыланып, сағым жерге жайыла баслаған ўақыт. Таң гезинде ақсағымның, ойнағанын көрдиң бе сен (И.Юсупов).

АҚСАЗАН ат. Балықтың аты, түри. Барып көрсек қазаға, Ақшабақ пенен ақсазан, Сыйғанынша толыпты (әд. хрест.).

АҚСАЙ ат. Жерди босатыў ҳәм сүриў ушын ат жегип бир адам басқарып жүреди, трактордың плугына уқсас, оннан кишилеў, ғалўаша қарығының бир қапталынан (жалынан) жүрип өтетуғын механизмниң түри, ғалўашалардың түбин босатып ҳәм шөп-шарынан да тазалап кетеди. Ким ақсайда, ким кетпенде, Бир-бири менен жарысады, Байрақлар алға өткенде (Ә.Шамуратов).

АҚСАҚ ат. Аяғының кемиси бар, жүргенде ақсаңлап басатуғын адам. Ақсақтың ақырына бақ, Соқырдың соңына бақ (ққ.х.н.). Саясын салған пуқараға, Суўлар жеткерген тақырға, Ақсақ-майып ҳәм соқырға, Қайыр еткен керек маған (Күнхожа).

АҚСАҚ-МАЙЫП ат. Мини, нуқсаны бар адамларды улыўмаластырып айтыў. Шақырғанға бармаған сеники айып, Той болса қалмай барар ақсақ-майып (Әжинияз).

АҚСАҚАЛ ат. 1. Жасы үлкен, көпти көрген, көп жасаған, кәтқуда, төрелик етиўге жетискен киси. Бақсы шақырыў абырайлы ақсақалларға жүкленеди (Н.Дәүқараев). 2. Ҳәмелдиң түри, белгили бир аймаққа басшылық етиў ушын сайланып қойылған адам. Шүршит, қалмақ жетти пәрең, Әкең сениң Есет герең, Болыс болсаң адам жер ең, Абырай ақсақал болғаның (Бердақ).

АҚ САҚАЛЛЫ кел. Ак сақалы бар, жасы үлкен, көпти көрген, көп жасаған, қартайған. Мүбәрек болсын исиңиз, Ақ сақаллы, атажан (Ж.Аймурзаев). аўыс. Ақ сақаллы Аралым, Буйра өркеш толқының, Түрленген сырлы үниң (К.Султанов).

АҚСАҢЛАЎ ф. Аяғын ақсап (сылтып) басыў, сылтыў. Ол ақсаңлап жүрип кетти (Ш.Сейтов). Ақсаңлап жүргенимди молланың өзи де биледи ғой (Ә.Шамуратов).

АҚСАР ат. Шөптиң түри, сексеўилге уқсаған, тикенсиз өсимлик, отқа жағылады. Дүйсенбай Турымбетти қапталына алып, шетиректеги бир түп ақсарды аяғы менен пышырлатып үстине шөкти (Т.Қайыпбергенов).

АҚСАТЫЎ ф. 1. Майырыў, истен шығарыў, зыян келтириў, иске асырмаў, келеге келтирмеў, жүзеге шығармаў, көзге көрсетпеў, зыян бериў. Мен өтейин өткенлерди аңлатып, Азлығынан елатымды ақсатып (Өтеш). Не қылып жүрсең техниканы ақсатып, Түсиниксиз болып жүрме гәп саған (Т.Сейтжанов). 2. Жаманлық етиў, душпанлық қылыў.

АҚСАЎ ф. 1. Сылтыў, ақсаңлаў, майырылыў, иске аспаў, истен шығыў, келеге аспаў, жарамаў, кемислениў, жетиспеў. Ақсап зорға жүретуғын едим (Ә.Шамуратов). 2. Жарамаў, жетиспеў, турарлық болмаў. Мине бүгинге дейинги очерклер көп жағдайда усы тәрепинен ақсайды (Г.Есемуратов).

АҚСАЎЛАҚ ат. Қамырдан арнаўлы түрде, жүдә жуқа етип писирилген нанның түри. Ақсаўлақ — қарақалпақтың миллий аўқатының бири, қаўын ақсаўлақ қаўынды әбден қайнатып, оған қатық араластырып ишине ақсаўлақты туўрап, үстине сары май күйдирип куйып желинеди, қаўынсыз тек қатық пенен де исленеди. Жеңгең ақсаўлақ писирипти... (Б.Исмайлов). Оны ҳаял деп алғаным жоқ, сениң ақсаўлағың күйеге былғанып қарай масын деп алдым (К.Султанов).

АҚСАЎЫТ ат. Батырлардың үстине (бурынғы ўақытларда) ок өтпеў ушын қорғаныў ушын кийип урысқа түсетуғын кийим, қабат-қабат темир сеткадан тоқылып исленген урыста кийетуғын сыртқы үст кийим. Ақсаўыт кийген үстине, найза алған дәстине (Қ.Мақсетов). Қаңғымай оқ өтпестей, найза, ақсаўыт, кескир қылыш, жаў-жарақ («Мәспатша»).

АҚ СӘЛЛЕ ат. Моллалардың ақ таўардан басына орайтуғын бас кийими. Ақ сәллесин төсектиң үстине шалқасына қойды (К.Султанов). Басларында казандай ақ сәлле, қолларында бамбук таяк, аякларын абайлап басады (А.Бекимбетов).

АҚ СИЙНЕ ат. Көкси, көкирек аўыз, жалаңаш дене, төстиң үсти. Мениң өзим ерке болсам, Қыз жамылған көрпе болсам, Көрпедеги бүрге болсам, Ақсийнеңде жатпас па едим (Бердақ).

АҚ СОҚПАҚ ат. Жүре-жүре жолдың шөп-шарынан тазарып аппақ (соқпақ) болыўы, қайта-қайта тынбастан жүрилип туратуғын аяк жол. Ақ соқпақ пенен бир-бирине қағылысып жүрип киятырған малға дейин мөниреп, олар да мазаны бермеди (А.Бегимов).

АҚ СУҢҚАР ат. Жабайы жыртқыш куслардың төреси. Қатарынан артық туўған, Лашын ақ суңқар яңлыды (Өтеш).

АҚ СУҢҚАРДАЙ кел. Ақ суңқарға усаған, ақ суңқар яңлы. Алдында туўған турғанда, Билим базарын қурғанда, Далбай былғап шақырғанда, Ақ суңқардай қуў-қуўға кел (С.Мәжитов).

АҚ СУЎАТ ат. Белгили бир жердиң, мәканның аты. Қас қарайды күн де батты, Жағалап сыбай елатты, Соқпақ қылып ақ суўатты, Аўылға да жақынладым (Бердақ).

АҚСҮЙЕК ат. Революцияға шекем халықлар өзлерин еки қатламға бөлип атап жүрген, солардың жоқары қатламын аристократлар, ақсүйеклер деп, ал төменги қатламын (қарапайым халықлар) қара пуқара делинген ... көтерилисте бирпара байлар, ақсүйеклер қосылып еркинлик аламыз деп, ... (С.Мәжитов).

АҚ СҮП ат. Таўардың түри, ақ таўар, ақ материал, дым ақ, ақ шыт.

АҚ СҮПТЕЙ кел. Ақ сүпке усаған, ақ сүп тәризли, ақ сүп яңлы. ... ақ сүптей таза қар, бәҳәри кетпеген былғарыдай қашырлап сес береди (К.Султанов).

АҚ СҮТ ат. Ана сүти, улыўма сүт. Ақ сүт берип өсирдиң сен, Хеш те жоқ мениң әрманым (Ә.Шамуратов).

АҚ ТАЛ ат. Теректиң түри, түри ақ, таза тикенсиз, бәҳәрде ҳәмме тереклерден бурын бөртеди. Бәлент ҳаўалы ақ таллар, Минәр яңлы Кулен болыс (Бердақ).

АҚ ТАМАҚ кел. Жуқа, пәреңи, жүзинен күн көринетуғын келиншек. Шашы ҳасыл жупқа додақ, Бели бир қысым ақ тамақ, Узын бойлы ҳәм кең қушақ, Пери киби болған екен (Бердақ). Қәлем қаслы хош қылықлы инкарым, Ақ тамақ, қыпша бел сүйикли ярым (Әжинияз).

АҚТАМКЕР кел. Ҳасыл атларға қойылатуғын ат, түртүсине, сымбатына да қарай қойылады. Кейнине қалқан бөктерди, Ақтамкер атқа жем берди (ққ. поэз. ант.).

АҚТАҢЛАҚ кел. Ҳәр жерде ағы бар. Ақтаңлақ кийик таўда бар, Сәўирлетип айдаўда бар. Бүгин таңда бир саўда бар, Жөнди соған бурып келдим (Қ.Ирманов).

АҚТАРЫСТЫРЫЎ ф. Қарастырыў, излестириў, тинтиў, аўдарып-төңкериў. Олар әри-бери хаттың бары-жоғын ақтарыстырып еди, табылмады, ондай болғанда өзим-ақ беремен ғой (Ө.Хожаниязов).

АҚТАРЫЎ ф. 1. Излеў, излемеген жерди қалдырмаў, қараў, тинтиў. Полиция таў арасын, Ақтарып жүр оны қуўып (И.Юсупов). 2. Айтыў, сөйлеў. Душпанлар көп жалғыздурман мен ғәрип, Ярыма сыр ақтармадым мен барып (Бердақ).

АҚ ТЕРЕК ат. Түри ақ, дүп-дүзиў, узын, қурылыс материаллары ушын пайдаланылатуғын ағаш. Ақ терек пе, көк терек, бизден сизге ким керек (Т.Мәтмуратов).

АҚ ТЕРЕКТЕЙ кел. Ақ терекке усаған, ақ терек сыяклы. Еки бойы жасыл, ақ теректей салланған қамыс (К.Султанов). Шыдай алмай барады, Бойын таслап қулады, Дәрманы кетип биразы, Ақ теректей қулады (әд. хрест.).

АҚ ТИКЕН ат. Бозда өсетуғын тикенекли шөп. Қашқын ләм-мим. Ақ тикенликтиң арасы сылт етпейди. Тып-тыныш. Бир шөп кыймылдамайды (Ө.Хожаниязов).

АҚ ТОБА-ҚАРА ТОБА ат. Алла-жалла, қоягөр, көрмегеним сол болсын. Сондай-ақ, ақ тоба-қара тоба, қызлы болсам өз теңине берермен дегенмен (Т.Қайыпбергенов).

АҚ ТОРТА ат. Балықтың түри. Бекире, сүйен, ақ марқа, Ақ шабақ, сазан, ақ торта, Балықтың орда кәнисең (К.Султанов).

АҚ ТӨС ат. Ак омыраў, ақ баўыр. Ақ төсиңе жел есиркеп, Сылқылдар суў жарқырап (Т.Сейтжанов). Ақырында. Жәнигүл апайдың ақылы менен ақ төсине басып, уўыз сүтин емизген (Ж.Аймурзаев).

АҚТУБА ат. Жердиң, көлдиң аты, географиялық атама. Ақтубаның аққан суўы ылайды, Еки дийқан үн салысып жылайды, Қазы ийшанға бизди шатқан кудайды, Дийқан аштан өлер болды Қазы ийшан («Қазы ийшан»).

АҚТУЙҒЫН ат. Кустың аты, ең жақсысы, ақыллы, илгир кус. Ақ суңқар, ақ туйғын бийик таўларда, Көп ғарға, көгершин жар қабақларда (Г.Есемуратов).

АҚ ТУЎ ат. Байрақ, жалаў, ақ жалаў. Батыр туўған Ҳәсен хан, Ақ туўды қолға алады, Атланың жаўдың үстине, деп халыққа жар салады («Ер Зийўар»).

АҚУДАЙ т.с. 1. Я кудай, қуўаныў, бирден қуўанғанлық сезим билдириў. ... азанда турып қараса қасында ҳаялы жоқ, Омар қуўанғанынан шешесине жуўырып барып: — Ақудай, ақудай, келиниң кетип қалыпты, — депти (М.Абдраймов). 2. Жасы үлкен адам өзинен әдеўир киши жастағы адамға ҳүрмет, еркелетиў мәнисинде «ақудай» деп мүрәжат етеди. Рахмет ақудай. Үйиңе ертелеў қайта ғой, ақудай.

АҚУН к. ахун.

АҚ УЎЫЗ ат. Мәйек қабығының ишиндеги ақ түри, жумсақ суйықлық, үлпет. Мәйеклер жарылып ақ уўыз-сары уўызы топыраққа араласып сыртқа шығады (ққ.х.е.).

АҚ ҮЗИК ат. Үзиктиң түри, ең жақсысы, айрықша бай, құдиретли кисилердиң үйлерине тутылады. Ақ үзикли үлкен отаў, Өз алдына болып атаў, Ерман ахун отыр анаў, Оғандағы жоқдур салық (Бердақ). Оннан арман айланса, оң тәрепте жазғы қапы, кирсең үй-жай ишинде ақ үзикли тоқсан бас ақ отаў тигиўли тур (С.Хожаниязов).

АҚ ҮЙ ат. Ақ кийиз, ақ үзик пенен жабылған қара үй. ...киятырған атлылар аўылдан бөлегирек тигилген ақ үйге қарай бурылды («Қыз. Ққ.» г.).

АҚ ҮЙЛИ ат: Бөлеклеў, көпшиликтен айырыў, корқытыў, жазалаў, сиясатқа бағындырыў. Хан гүнакар қылғанында, Бийлигини алғанында, Ҳәм ақ үйли қылғанында, Муңаймады Ерназар бий (Бердақ). Хийўалыға қарыў етти, Журттың кеўли буннан питти, Қорқсын деп ақ үйли етти, Қайтпады ўәжи тең келди (Бердақ).

АҚША I ат. 1. Пул, сом. Айдос оның қоржынға салып, атына бөктерип қойған ақшасын көрип, оны шешип алмай, қанжар менен кесип алады (ққ.х. е.). 2. Дүньядағы барлық затлардың кунын, баҳасын белгилеўдеги эквивалент зат, сол затлардың теңлемеси ретинде пайдаланатуғын атамасы.

АҚША II кел. Тап-таза, аппақ, жап-жас, үрип аўызға салғандай, пәрени, жуқа, биринши, дәслепки. Кеткен малдың түрин саған айтайын, Изинен кетиппи ақша иңгеним («Алпамыс»). Бунша неге қапа болдың сорлы атам, Ақша жүзиң кемлик пенен сарғайып («Алпамыс»). Март айының төбеси көриниўден ақша қар жаўды (К.Султанов).

АҚ ШАБАҚ ат. Балықтың бир түри, майдарақ болады. Барып көрсе қазаға, ақ шабақ пенен ақсазан, Сыйғанынша толыпты (А.Дабылов). Каналда суў астын-үстин лепирип, айдынында ақ шабақлар секирип,... (И.Юсупов).

АҚШАМ р. Түн, кеш, түнгі ўақыт, кешкурын. Бүгин ақшамы менен жаўын жаўды. Тап усы мәҳәлде «Алғабас»қа жаўынның кереги аз еди (Ө.Айтжанов). Булты қалың жаңбыры аз, Түсте самал, ақшам тымық (И.Юсупов).

АҚ ШАШ ат. Шаштың ағы, шашы ақ, ағарған шаш. Ерман кириў менен ақ шаш ананың қолынан алып столға жақын отырды (С.Хожаниязов).

АҚШЫЙТЫЎ ф. Ернин түрип, тислерин көрсетиў, ыржыйтыў. Сыйлайман деген соң шириген ағаштың түбиндей мүжиген сийрек тислерин ақшыйтып ыржаң-ыржаң етип күлип,... (А.Бегимов).

АҚШЫЛ кел. Ақлаў, аққа бейим, ақ сур, ақлан. Әжинияздың ақшыл жүзиниң алмасы қызғыш, гүрең тартып, жаўдыраған көз жанары кубылып кетти (К.Султанов). Әлем жийегинен бәҳәрги топан суўдай ақшыл думан көтерилип киятыр (К.Султанов).

АҚЫБЕТ ат. Из, соң, салдар, ақыр, кейин. Кеўиллерге қайғы толды, Қайғы тарқағай ақыбет (Бердақ). Қолы жеткенлердиң иси ақыбет, Еткил беглер азаматқа сен хизмет (Бердақ). Бүгинги жаңбыр боран менен қуйынның ақыбетинен дүзде бир де тири жан көринбейди (С.Айний). Қайып Хийўаға хан болды, Ол Қоразбек султан болды, Ақыбети ўайран болды, Мәдемин инах болған екен (Бердақ).

АҚЫЙТЫЎ ф. Көз алартыў, бежирейтиў, қадала қараў, тигиле қараў. Мәткурбан жақын келип: — Жыйнап бер, барлық сүйеклерин? — деп көзин ақыйтты (К.Султанов).

АҚЫЛ ат. Даналық, билим, билгенлик, ой-сана. Исенемен илим менен ақылға, Жер жүзинде әжайып ис дөреткен (Ш.Мәмбетмуратов). Тәбиятқа пай бермес, Адамның ақыл-ғайраты (К.Султанов). ♦ Ақыл табыў — жол табыў, шығыс табыў, есабын табыў. Ақыл тапқан кыйын-кыстаў ўақытта, Мын данаға санады оның бир өзин (Т.Сейтжанов). Ҳүрзия буған ишинен күйинген менен сыр алдырмай ақыл тапты (М.Дәрибаев). Ақылы дана — ақыллы, дана, билгени, көргени көп. Сен — көлимсең, мен — бир сона, Күним, ақылы данамсаң, сен, Мениң пушты панамсаң, сен (И.Юсупов).

АҚЫЛГӨЙ ат. Ақыл бериўши, ақыл айтқыш, ақыл айтыўшы. Тилла жығам басымда, Ақылгөйлерим қасымда («Ер Зийўар»).

АҚЫЛГӨЙЛИК ат. Ақыл бериўшилик, ақыл айтыўшылық, даналық. Болар ма касканың дәни, Дән екен адамның сәни, Өзимнен басқаның бәри, Ақылгөйлик қылды бизге (Бердақ).

АҚЫЛ-ЕС ат. Ақыл-ой, ақыл-парасат. Қайыл болып ҳақ исине, Cарғыш ендирип түсине, Салдырып ақыл-есине, Көп ислер ойлаған екен (Бердақ). Мийри канып сулыў қызға Мәспатша бийхуўыш болып ақыл-есин алдырды («Мәспатша»). Ай жүзли, пал сөзли, ақыллы-если, Инкарым, дилбарым, неге келмеди (Әжинияз).

АҚЫЛЛАНДЫРЫЎ ф. Ақыл айтыў, есине салыў, нәсият етиў, нәсиятлаў, ақыл бериў. Өз баласы менен катар болған соң оған қаттырақ сөз айтпай ақылландырғысы келди (Т.Қайыпбергенов).

АҚЫЛЛАСЫЎ ф. Ойласыў, кеңесиў, сырласыў, бирлесиў. Ақылласып, сырласып, пикирлесип, бирлесип, Үшеў ара кеңесип, хатқа жуўап табайық (Бердақ). Екеўи келешек тәғдирин ақыллласты. Басына қәўип дөнсе хабарлайтуғын болды (К.Султанов).

АҚЫЛЛЫ кел. Ақылы көп, басы ислейтуғын, если, парасатлы, саналы. Ақыллы арымайды, Алтын ширимейди (ққ.х.н.). Еки қыз қолы байлаўлы, Ақыллы сулыў сайлаўлы, Аяққа кисен салыўлы, Көп қорлық көрсеткен екен (Бердақ).

АҚЫЛЛЫЛЫҚ ат. Еслилик, ақылы барлық, еси пүтинлилик, парасатлылық. Бул романдағы ҳаяллар образы өзлериниң ақыллылығы, уқыплылығы, батыр, мәртлиги, қайтпас жигерлилиги жағынан еркеклерден кем емес, қайта зыят қылып сүўретлеген (И.Сагитов). Қыздың бундай ақыллылық пенен шешкенине үшеўи де ҳайран қалып, қыздың сөзин мақул көриседи (Қ.Айымбетов).

АҚЫЛ-ОЙ ат. Ақыл-парасат, ақыл-ес, ақыл-хуўыш. Жетим қалып шарға болған бойлары, Артык ҳәммелерден ақыл-ойлары. Жасынан-ақ ақыл-ойлы, Гүлим сулыў жүкли болды (Бердақ).

АҚЫЛ-САНА ат. Ақыл-ой, ақыл-дана. Партия өмиримиз, ақыл-санамыз... (Х.Сейтов).

АҚЫЛСЫЗ кел. Ақылы жоқ, басы ислемейтуғын, ойсыз, надан. Атасынан жаман болса, Оны жақсы деп ким айтар, Ақылсыз ҳәм надан болса, Оны жақсы деп ким айтар (Бердақ).

АҚЫЛСЫЗЛЫҚ ат. Ақмақлық, ойсызлық, көргенсизлик. Билгир сөзин тыңламаған, гәп мәнисин аңламаған, Үлкеннен нәсият алмаған, Ақылсызлық болған екен (Бердақ).

АҚЫЛЫ-ҚЫЯЛЫ ат. Еси, ҳуўышы, ойы, ерки. Бар нәзериң, ойың кетеди, Ыкласыңды көрсеңлер, бийхуўыш етеди, Ақылы-қыялың кетеди (Өтеш).

АҚЫЛЫ-ҲУЎЫШЫ ат. Ақылы, еси, ойы, сана-сезими. Зербарақ өрилген тилла шашбағы, Ақылы-ҳуўышым алып кетти бир пәрий (Әжинияз). Көрген жанлар келбетине тойғандай, Ар-сар болып ақылы-ҳуўышын алғандай («Қырқ қыз»). Жетимди жетелеп жумыс еттирип, Басып, урып ақыл-ҳуўышын кетирип (Омар).

АҚЫМ ат. Окоп, терең шуқыр, қорғаныў илажы, жасырыныў қорғаны, жасырын жүриў жолы. Ол заманның адамлары жерден ақым қазып, арбадан қамал етип, бир жерде жасырын жүриў жолда үйилип отыратуғын еди («Алпамыс»). — Бойың шелли ақым қаз, бойыңды тасалап жат, көрерсең, курық тиймеген асаўлар булаққа жантаспас, караңды көрсе биреўин де көре алмай каларсаң, ертең сәскеде жылқылар булаққа суўға келеди, сол ўақта қәлеген атың болса, өзиң усла да, өзиң мин, балам, — деп руқсат береди («Алпамыс»).

АҚЫН ат. Шайыр, жазыўшы. Зыяны жоқ айтыссаң мен жеңермен, Қазақта Менеш деген ақын қызбан (Әжинияз). Көп ақынлар өтти Өзбекстанда, Сөзин топлап атып, қәлемин сермей (А.Дабылов).

АҚЫР ат. 1. Сейисхана ишинен атка от-жем бериў ушын (көбинесе ылайдан) исленген арнаўлы мүйеш, шуқыр. Атлардың ақырларын тазалады (Айбек). Қара атыма тастан ақыр ойғанман, Намыс пенен арға өзим тойғанман («Алпамыс»). Кеўли өскин болсын деп, Жипек арқан мен тақтым, Аўзы ҳасылға тийсин деп, Алтыннан ақыр мен соктым («Қоблан»).

АҚЫРА ат. Қазыўда шығарылған топырақ ҳәм сол топырақтың түскен орны. Ақырасы ылайға толды (А.Бекимбетов).

АҚЫРАП к. Ахрап.

АҚЫРАЙЫЎ ф. Көзди адырайтыў, бирден таңланыў, биреўге ямаса бир нәрсеге қадала қараў. Қонағының бирден кейпи қашқанынан-ақ ақырайыўы менен таңланып қалды (Т.Қайыпбергенов).

АҚЫРАҚ кел. Көзиниң нуқсаны бар, бадырақ, ақлы көз. Ақырақ көз.

АҚЫРАҢЛАЎ ф. Сығалаў, ашкөзлик пенен қараў. Төрт түлик мал шықса өрип, Қарар еди қабақ түрип, Ақыраңлап соны көрип, Кеўли суўдай тасар еди (Бердақ).

АҚЫР АЯҚ. р. Ең соң, ақыр түп. Ақыр аяғында келиншек күйеўдиң үйине келеди (Н.Дәүқараев).

АҚЫРҒЫ р. Соңғы, кейинги, тоқтаған жери. Китаптың ақырғы бетин оқып болды да, басын бир көтерди (С.Хожаниязов).

АҚЫРЕТ ат. 1. Азап, жәбир, зулымлық, қысыўмет, қорлық, зорлылық, зомбылық. Арқаландық арбанлап, Ақырет көрдик өлимнен (Жийен жыраў). 2. дин. Ол дүнья — диний көзқарас бойынша адам өлгеннен кейинги дүнья. Ақыретте кейнине ерейин, Алла салса не ислерди көрейин («Қырқ қыз»).

АҚЫРЕТ-АЗАП ат. Қайғы-хәсирет, қапашылық, азап-ақырет. Ақырет-азап көргенлер, Хеш уўайым қылған емес (Бердақ). Апам аўыр законның ақырет-азабына кыйналған (Ж.Аймурзаев).

АҚЫРЕТЛЕЎ ф. Азаплаў, кыйнаў, жәбирлеў, сөгип-сабаў. Олар Айдосты қанша ақыретлеген менен өтер ис өтип кеткен еди (К.Султанов).

АҚЫРЗАМАН ат. 1. дин. Ески диний аңызларда айтылыўынша, дүньяның соңы, изи, аяғы, тамам болыўы, барлық тиришиликтиң таўсылыўы. Ақыр бир күн болар ақырзаманы, Исрапыл сүргини жығарлар таўды (Әжинияз). 2. Азап-ақырет, аўырманшылық. Түсти басқа ақырзаман, Инан, дослар, ялған емес (Бердақ). Ҳәсен хан бес ердиң қанын алмақшы, Басларына ақырзаман салмақшы («Ер Зийўар»).

АҚЫРЫ р. Соң, кейин, себеби. Азанда ерте турып жумысқа барыў керек емес пе? Сол ушын кирпик айқастырғандай дем алыў зәрүр, ақыры. (Ө.Хожаниязов). Тоқымын арқалады қарамай оның ыласына, Өнимсиз жүрис пенен жетти ол ақыры шатпасына (Қ.Ирманов).

АҚЫРЫН р. Әсте, байқанқырап, тосаң, жай менен, абайлап. Жылаўын қыялдай козғағаннан соң, көк атқа еки пияданың кейнинен ақырын адым атты (Ж.Аймурзаев). Айқыз ақырын ғана мыйығын тартып күлимсиреди (А.Бегимов). ♦Ақырын ала — кейин ала, соңынан, соңырақ, изин ала, кейинирек. Бул да соның ақырын ала Досбергенге дус келди (А.Бегимов).

АҚЫРЫНДА р. Кейнинде, соңында, ақыр соңынан, түп дерегинде. Ол өз сөзиниң ақырында Атажанның баласы Садулланы узак жерде биле-көре адастырып кеткенин, сөйтип соның әкесинен өз өшин алғанын мойынлады (А.Бекимбетов).

АҚЫРЫНЛАЎ р. Әстерек, әстелеў, жай менен, тысырлатпай. Досберген менен Елмурат ақырынлап қасқырдың қасына барса,... (А.Бегимов). Ақырынлап жер таянып түргелди, қалтырақлап күшин жыйнап бойына (Ж.Аймурзаев).

АҚЫРЫСЫНДА р. Ең соңында, ең кейнинде, тоқ етеринде. Ақырысында ол келисим бериўге мәжбүр болды (Қ.Айымбетов).

АҚЫР ТҮП к. Ақырысында.

АҚЫРЫЎ ф. Қатты бақырыў, ҳәдден тыс ашшы даўыс пенен айбат шегиў. Соның арасында үнгирден бир айдарха ақырып шыға келеди (Қ.Айымбетов). Молланың еси-дәрти бизлерде, көзин тикирейтип: — Ҳә, бәдбақлар, — деп ақырды (Ә.Шамуратов).

АЛ I т.с. Кеўил күйин билдиретуғын таңлақ сөз. Ал мениң хат деген хатларымның да булардан ҳеш айырмасы жок. (Ә.Шамуратов).

АЛ II к.с. Салыстырыў, қарсылықлы мәни билдиретуғын көмекши сөз. Сөзди сыртынан емес, ал көзлерине де еситтирип айтып жүрди (К.Султанов). — Ал, мына да бир гәп бар бала. — деди (К.Султанов).

АЛ III ф. Буйрық мәнисин билдиретуғын фейил сөз. Көлик алсаң түйени ал, Қыялай көшсең мунайтпас (Қ.Айымбетов).

АЛА кел. Аламыш, ақ-қара, сары аралас, ҳәр түрли, бир өңкей емес, өзгеше, шубар, ақ ямаса ақ-қызыл. Анаў жүрген Елмурат, Астында жаман ала ат. Оған не деген салтанат, Киси қаны болды салық (ққ.поэз.ант.). Ала жип салып мойныма (Бердақ). Ийттиң аўызы ала болса да бөри келгенде биригеди (ққ.х.н.). Ала-ғула демеңиз. Атын айтып қоймаңыз (Қ.Айымбетов). ♦Ала зийрек — шала шарпы, әйтеўир, кеўилсиз. Әтирапқа ала зийрек көз жүгиртти (Айбек). Ала жипти кесисиў — қатнасықты қойыў, байланыс жасамаў.

АЛА АЎЫЗЛЫЛЫҚ ат. Қарама-қарсылық, аўызбиршилик жоқлық, бири-бирине исенбеўшилик. Бир аўызлық ҳәр мақсетти болдырар, Ала аўызлық орта жолда қалдырар, Ала болған аўызындағыны алдырар, Жолдас болсаң муннан хабарың болсын (Қ.Ирманов).

АЛАБАЖАҚ кел. Шубар, ҳәр түрли, түрли-түрли бояўы бар, ала шубар, ала башақ, алабажырақ. Бул киси үстине алабажақ шапан кийген (Айбек). ... мына мениң диземнен келмейтуғын алабажақ бир шапанды берди (Қ.Ирманов).

АЛАБӘҲӘР р. Ерте бәҳәр, бәҳәр мәўсими. Елдиң үстине түскен аўырманлық алабәҳәрден баслап жазы менен даўам етип атыр (А.Бегимов).

АЛАБУРҚАН кел. Аласапыран, қалай болса солай, тасып төгилиў, шеннен тыс бурқасынлаў, күйип-писип тулланыў, шаң, тас аралас уйтқыған даўыл. Алабурқан, еле теңиз туўлайды, Толқынланып көбикленип ойнайды (Ә.Шамуратов). Ол иште сөгинип алабурқаны шығып атты (Ә.Шамуратов). Гүздиң күнлери бир күн тынық болса да бир күн самал, даўыл алабурқан болып туратуғын әдети ғой (әд. хрест.).

АЛАБУЙРЕК кел. Аралас, ҳәр қыйлы, ҳәр түрли, бир өңкей емес, алағат, бирдей емес. Аңлап қарасам аўылымызда ақыл-ойы алабүйрек адамлар да баршылық екен. Олар былайынша көзге түсе бермейди (К.Смамутов).

АЛАГЕЎГИМ р. Ерте, таң қараңғысы, таң жаңа ағарып киятырған ўақыт. Өтемурат алагеўгимде ылашығынан майданға шықты да дәрья бойына қарай аянлап жүрди (К.Султанов).

АЛАГӨЛЕК кел. Ақ кеўил, ақ пейил, киши пейил, қайтымы тез. Ол бир алагөлек жигит еди (Қ.Айымбетов).

АЛАГӨТ ат. Қустың түри. Қусының түри усар алагөтке, Алагөт аң ала алмас қонар шетке (Әжинияз).

АЛАҒАДА р. Тынышсыз, кеўилсиз, бир нәрсеге ғалаўытланған. ... Кеўлинде бурынғы орын алып жүрген алағадалардың изи қалмады (Р.Тагор). Жаслар оқыў ушын келген бул жерге, Алағада салып ғалаўыт берме! (И.Юсупов).

АЛАҒАЙЫМ кел. Турақсыз, жеңилтек. ... сен гә қарсы боласаң, гә жақлайсаң, бул жерде ҳеш қандай алағайым болмаўың керек (Р.Тагор).

АЛАҒАН кел. ф. Алатуғын, алғыш, алымсақ. Алаған қолым береген, береген қолым алаған (ққ.х.н.).

АЛА ҒАРҒА ат. Ғарғаның ала түри. Бул сөзимди тыңла, Нурымбет ахун, Орайсаң сәлленниң ҳәррийтип шақын, Алдап мийнеткештиң көп жейсең ҳақын, Сеннен қайта ала ғарга жақсырақ (Бердақ).

АЛАҒАТ кел. Ала, сийреклеў, питик емес, тегис емес, тең емес. Алағат көрмесең, ашыў-арықты, Аў салған суўаттың аты Айырша (Омар). Аспан алағат бултлы еди (Т.Қайыпбергенов).

АЛАҒАЎДАН р. Исенимсиз, гүдикли, шалағай. Елдиң сийрексип қалыўы да сендей адамлардың усындай кесапатынан, алағаўдан болыўы да соннан, ҳәй, оңбаған, инсапсыз, көтер өкшенди (Ө.Хожаниязов).

АЛА-ҒУЛА кел. Әйтеўир, қалай болса солай, кеўилсиз, үстиртин. Мәўлен жүресине отырып шонтаңлаған оң аяғыма қарады. Бул аяқ сендей жарамас ала-ғулалардың жолында кетти (Ө.Хожаниязов).

АЛА ДУМАН кел. Шаңғыт, думанлық, түтин. Ала думан әтираптан шаң ушар, Күндиз түри жаңа атқан таң кусар (Т.Сейтжанов).

АЛАЖАҚ ф. Алыў нийетинде, алатуғын қыялы болыў. Мәсләҳәтлесип отырғанда қызды кимге алажағын билмеди (Қ.Аралбаев).

АЛАЙ-БУЛАЙ р. Анаў-мынаў, жаман-жақсы, олай-булай. Заманның түрлери солай, Аға беглер көрдик талай, Деме оны алай-булай, Жақсырақ болғай ақыбет (Бердақ).

АЛА КЕЎИЛЛИК кел. Ҳәммеге бирдей қарамаўшылық, тең көрмеўшилик, ҳәр кимге ҳәр түрли көзқарас. Өзиниң алған билимин ала кеўиллик қылмай шын режеси менен өзинен төмендегилерге бериў — муғаллимниң бас ўазыйпасы («Қыз. муғ.» ж.).

АЛА КӨЗ ат. 1. Көзи алалық, үлкен көз. Ала көзли Ерназардың, сен деп өлген балаң еди (И.Юсупов). Оның жаўдырап турған ала көзлери жигитлердиң жүрегинен өтти (Ж.Аймурзаев). Баян етсем байдың түрин, ала көзли қылыш мурын, жарлы көрсе қарар қырын («Мәспатша»). 2. Келиспеўшилик, қырын қараўшылық. Сол қусаған ала көзликтиң себебинен жәнжел ғалма-ғал ҳәр ўақыт шығып турады (Қ.Ирманов).

АЛА КӨЛЕҢКЕ кел. Алагат көлеңке, саяның алагат түсиўи. Соның арасында күн тәўир-ақ ентерилген ўақларында қамыстың ала көлеңке болған сийрек жерине шықты (А.Бегимов).

АЛАҚАЙ т.с. Қуўаныш, сезим. — Алақай-алақай, я кудай, Палман ағам киятыр (Н.Дәўқараев).

АЛА ҚАЙЫС ат. 1. Атқа салып минетуғын қурал-сайманның бири, телетиннен арнаўлы исленген қайыс. Жорғаға салдым ер, Ала қайыс жүўенлеп, Енди болдым қара жер, Ешек миндим төбелеп (Күнхожа). 2. Алақайыс. Дуўтарда атқарылатуғын қарақалпақ халық намасы.

АЛАҚАН ат. Қолдың қуўыслайтуғын жери, қолдың ишки тәрепи.

АЛАҚАНАТ кел. Ҳәр түрли, қыйлы-қыйлы кисилердиң бир нәрседе үймелесиўи, бир нәрсениң айланасында ыбыр-жыбыр болыўы.

АЛАҚАНДАЙ кел. Үлкенлиги алақан шелли, кишкентай. ...екинши күнге қарағанда алақандай тақтайдың бетин қаралап қолына услатты (А.Бегимов). Күн жүдә тынық, аспан әлемде алақандай да булт жоқ (Қ.Аралбаев).

АЛАҚАНШЫҚ ат. 1. Нашар ийттиң ала түри, қаншық. 2. Арқа батыстан, ямаса арқа-шығыстан ескен күшли суўық, боранлы самал. Самал турып, алақаншық жағынан, Әсер қалмас яздың, гүздиң ўағынан (С.Мәжитов).

АЛА ҚАП ат. 1. Қара жип пенен ақ жиптен ҳәм де ҳәр түрли жиптен аралас тоқылған қап, қалта. Жүннен тоқылған ала қапқа өңменин созып қапталында саз ылайдан үшпелек соғып отырған баласына жекиринди (К.Султанов). 2. Байлық, барлық, жуқналылық. Қатын кимниң қатыны, ала қаптың қатыны, ала қабың таўсылса, әлле кимниң қатыны (ққ.х.н.м).

АЛАҚ-ЖУЛАҚ кел. Қалай болса солай, уйпа-жуйпа. Бирақ, үсти алақ-жулақ бир ийт Перигүлге жақынлап қалды (Ө.Айжанов).

АЛАҚЛАСЫЎ ф. Не қыларын билмеў, албыраў, алағадаланыў, ҳайран болыў. Келген жаўды шыдатпады, Аяқ-қолын байлатпады, Душпаны ҳеш бир батпады, Алақласып турған екен (Бердақ).

АЛАҚЛАЎ ф. Албыраў, елеңлеў, ҳайран болыў, гүдиклениў, абыржыў, не қыларын билмеў, асығыслық пенен биреўди күтиў, қорқыў, тынышсызланыў, қәўипсиниў. Дәүлетбай бийдиң көзлери алақлап, тили тығылды (Т.Қайыпбергенов) ...қашыўға жол табалмаған сур қасқырдай алақлады (Қ.Досанов). Базда аяқларын ғаз-ғаз басып, жән-жағына алақлап тың-тыңлайды (Т.Қайыпбергенов).

АЛА ҚУЙЫН р. Шаңғыт, ала топалаң, уйтқыған самал, көликлердиң жөнсиз, тез, қатты қутырынған, ҳадден тыс ҳәрекети. Усы ўақытта болажак даўылдың дәслепки хабаршысындай көмпек самал ала қуйын қылып аўылдың үстин сыпырып өтти (К.Султанов). Ала қуйын жөнсиз шаўып, Кәтқудаға туўды қәўип, Гә дүзелип, гә аўып, Көп аўылға араласты (Бердақ).

АЛА-ҚУЛА кел. Әйтеўир, қалай болса солай, бир тегис емес, калақ-кулақ, теңдей емес. Балалардың жазыўларын тегис көрип шықпады, ала-қула көрди. («Ж» г.). ...жаратыўшы бир кудай бенделерин ондай ала-қула көрмейди (К.Султанов).

АЛАҚШЫН ат. Әтештанның сырт дөгерегине тазалық ушын (чайник, кесе, әтөшкир турады т. б.) арнаўлы тахтайдан исленген нәрсе, әтештан, ошақтың (жийегине, ернегине гейде ылайдан, гейде ағаштан исленеди). Апам уршығын қолына ала сала алақшынның қасына отыра қалды (Т.Қайыпбергенов). Бирақ, үйдиң алақшынын қарағай тахтайдан әшекөйлеп енли етип салды (Қ.Айымбетов).

АЛА ҚЫЙҚАШ кел. Аласапыран, ала шаўқым, қырта-қырт, қалай болса солай. Қырманның басы ала қыйқаш таяқ болды («Сәлем, Октябрь» т.).

АЛАЛЫҚ ат. Тең емес, бир тегис емес, бирдей емес, ала-қула. Қуўанды сонда ҳәммеси, Артықша еди дәмеси, Усылай еди көрген түси, Ҳеш алалық болған емес (Бердақ).

АЛАМАЙ: аламайы менен кел. Барлығы, ҳәммеси, түп-тамыры. Ол аламайы менен көтерди (ққ.х.е.).

АЛАМАН ат. Халық, халайық, журтшылық, бир топар адамның үйири, бир жерге көп адамлардың топланыўы, бир топар адам. Айымжамал аламанның ишине сүңгип кетти (Ө.Хожаниязов).

АЛАМАТ ат. Бүлик, ғаўасат, галаўыт, аласапыран, ғаўға, жәнжел, сиясий өзгерис, ҳәдийсе. Даўыл соғып кетти келмеске, Ширик геўде аламат заман (Г.Есемуратов). Бердимурат мениң өзим, Ялған емес айтқан сөзим, Аламатты көрди көзим, Маған саламат бермеди (Бердақ).

АЛАМАТЛЫҚ ат. Ғаўасатлық, ғалаўытлық, түсиниксиз ғаўға, жәнжел, ала топалаң, ҳәдийсе, аласапыранлық. Бир күн, бир түн урыс болды тынбастан, Арашаның қой дегенин қылмастан, Аламатлық бир-бирине тырмасқан, қарыўлы адамның колы келдилер (Бердақ).

АЛА МОЙНАҚ кел. Қарақалпақ саз әсбапларының түри дуўтарға айтылады. Керегениң басында илдириўли ала мойнақ дуўтарды алды («Әмиўдәрья» ж.). Егер ҳәўес етсең мениң сазымды, Ала мойнағымды қолға алайын (И.Юсупов).

АЛАМЫШ кел. Ала-ала, ҳәр түрли, ақ-қызыл, көк, алабажақ. Аламыш-аламыш шапанның сыртынан бир шаршы шалғыш байлап Бухараның кестели тақыясын шекесине қойды (Н.Дәўқараев).

АЛАН-БУРҚАН р. Ала-топалаң, шаңғытыў, ашыўланыў, бурқасынлаў, ашыўы келиў. Бирақ, қайықтың ишинде алан бурқан болып, жүрегин қарпыған ызалы толқын, ажарына теўип тур еди (К.Султанов).

АЛАҢ ат. 1. Майдан, майданша, дала, далаңлық, ашықлық. Тоғайдан шыға бергенде, арасы елиў-алпыс адымдай алаңлық гезлеседи (Х.Сейтов). 2. Алағадалық, кеўил бөлиўи. ◊ Алаң болыў — алағадалық, кеўил бөлиў, зейин аўдарыў.

АЛАҢҒАСАР кел. Аўан, ақ көкирек, алып ушпай, алағайым, гөдек. Он сегиз мың әскердиң барлығына бас болып, Алаңғасар палыўанман («Мәспатша»).

АЛАҢЛАЎ ф. Алағада болыў, тынышсызланыў, жән-жаққа қарай бериў. Мен оларға алаңлап қараў менен болдым («Әмиўдәрья» ж.). Қоныўға хошы, отырып тақаты болмай үй жағына қарап алаңлайды (К.Султанов).

АЛАП ат. 1. Кеңислик, майдан, кең дала, далалық. Көк тениз яңлы толқыған, Көз жетпес пахта алабы, Мийнеткеш жумсап балқыған, Ким сүймес сақый даланы (Б.Қайыпназаров). Не бир шөлдиң алабын, Салып шөлге салтанатын («Алпамыс»). 2. Ушқын аралас жалын, от ушқыны, ҳәўири. От алабы көринсе де, Қаптан тары шашылғандай (Ж.Аймурзаев).

АЛАПА р. Қурыдан қуры, қуры далаға ат шабыў, мәниссизлик, тийкарсызлық. Колхозда бар, түсинбей турып, Алапаға ат шапқан (Х.Ахметов).

АЛА-ПАСЫРЛЫ кел. Ала топалаң, тасыр-тусыр, пасырқы, уллы шаўқым, бақырыс. Бир мүшениң кемислиги шолақ аяғым шонтаңлап, ерден аўып түстим, ғунан ала-пасырлыдан үркип, тапырақлап шаўып кетти (Ө.Хожаниязов).

АЛАРТЫЎ ф. Көзди шеннен тыс адырайтыў, бир нәрсеге елериў, бежирейиў. Бул кетистен жигит кетти. Патшаның қасына жетти, Қыз туўғанын баян етти, Патша көз алартқан екен (Бердақ).

АЛАРЫЎ ф. Таңлана қараў, едирейиў, ҳайран қалыў. Сарыгүл қызының бетине аларып қарады (К.Султанов). Жәмийланың қуйқасы жуўлап, кемпирди бәледей көрди, аларып қарады да, шыдай алмай жылап жиберди (К.Султанов).

АЛАСА кел. Төмен, пәс, пәкене, пәскелтек, келте. Балам мениң тамаша: Деме бойы аласа (Г.Есемуратов).

АЛА САЛА р. Дәрриў, бирден, шәпик, алыў менен, алыў бойына. Бир ўақта Абыл жерде жатқан айбалтаны ала сала маған умтылды (А.Бекимбетов). Апам қолына уршығын ала сала алақшынның қасында отыра қалды (Т.Қайыпбергенов).

АЛА САЛЫЎ ф. Бирден алыў, тез алыў, ойламастан алыў. Таўназар жерде жатқан көсеўди ала салып кемпирге қарай ылақтырып жиберди (Н.Бөрекешов).

АЛАСАПЫРАН кел. 1. Патырат, шаўқым, тәртипсизлик. Ярым ақшам басланғанда аласапыран шаўқым ҳәммениң уйқысын бузды («Әмиўдәрья» ж.). 2. Түсиниксиз ўақыя, ала-пасырлы.

АЛАСАР ат. Қустың аты. Ҳаўадан ушқан аласар, Урыдай кириў қалаға, Суртайшаға миясар («Қырқ қыз»). Ақ суңқар ма, қусыңыз аласар ма? Жапсарыма, қондырсам жарасар ма? Қусыңыз аң қутқармас қыран болса, Бир жеринде қыранлық белги бар ма? (Әжинияз).

АЛАСАТ ат. Ғаўға, шаўқым, жәнжел, аласапыран, ўақыя, өзгерис. Ат шаптырды далаға, Жар урдырды қалаға, Қалаға жаў келди деп, Аласат урды араға («Мәспатша»). Ағам усы күни бир аласаттың болатуғынын сезгендей уйқылы-ояў жатыр екен (К.Султанов).

АЛА СӘҲӘР р. Ерте, таң азан, таң қараңғысы, таң атар-атпас ўақыт. ... Бийбихатша апай ала сәҳәрден турып соған қарап жол тартты (А.Бегимов).

АЛАС-ҚАПАС р. Белгисиз аралық, елеўсиз ўақыт. Усындай алас-қапаста Кәраматдийинге некесин қыйдырып қойғанда да ҳеш гәп болмайды (Ж.Аймурзаев). Ол алас-қапаста шығып кеткен (Ө.Айжанов).

АЛАСЛАНЫЎ ф. гөн.с. Ескише емлениў, бәле-мәтерден айырылыў, еплеп-сеплеп қуўып салыў, қутылыў. Олар бизиң кеңестен жоқ болыў менен бирге, динниң де бирге аласланыўына сөз жоқ («Қыз. Муғ». ж.). Көпшиликтиң ишинен аласланып қуўылды (Ж.Аймурзаев).

АЛАСЛАЎ ф. 1. гөн.с. Ескише емлеўдиң бир түри. Гүлимди ҳәм аласлады, Көп ырымды еткен екен (Бердақ). 2. Жок болыў, бир нәрседен қутқарыў, есабын таўып қуўыў, айдап салыў. — Мениңше, Митрий төрени арадан аласлаў керек, — деди (Т.Қайыпбергенов).

АЛАСЫ ат. Алатуғын ҳақысы, ҳақы, алыў керек заты. Оның да кассирде аласы ҳақы бар екен (А.Бекимбетов).

АЛА ТОҒАНАҚ I ат. Қустың бир түри, түри ала. Анда-санда сексеўилден сексеўилге ушып баратырған ала тоғанақлар көринеди («Сәлем, Октябрь»).

АЛА ТОҒАНАҚ II кел. Шийеленискен, өтлескен, шырмалысқан.

АЛА ТҮТИН. ат. Бурқасынланған көп түтин. — Ал, уста қайда? — деп сорады хаялы, — мынаны күн деп отырсыз ба, ала түтин, көзиңди ашсаң болды моншақ-моншақ жас төгесең (Ө.Айжанов).

АЛАЎАТ ат. Ғаўға, жәнжел, ғабырыспа, ғаўасат. Қатынларды қырды, шапты, Толтырды өликке жапты, Салды сондай алаўатты, Қатты қыйын болған екен (Бердақ).

АЛАШ ат. 1. тар. с. Әййемги қазақ тайпаларының ең дәслеп қәўим болып бириккен аўқамы, «қазақ» деген бурынғы елдиң улыўма аты. Алаш қәўимниң биригиўи XIII әсирдиң баслары, Монгол топылысына қарсы шөлкемлескен аўқам екени байқалады (ҚСЭ). 2. гөн.с. Қазақ урыўларының ерте замандағы ураны. 3. Ел, халық, журт. Әнес Мәлик еки киси, Пайғамбардың сахабасы, Әнес қазақтың бабасы, соннан алаш болған екен (Бердақ). ◊ Алты сан алаш, алты алаш — а) тар. с. алаш қәўимине кирген ири-ири алты тайпаның аты менен байланыслы қәлиплескен атама. XIII әсирде олар «алты сан алаш» болып аталса XIV—XVI әсирлерде «алты алаш» қәўими, алаш үлеси деп көбирек айтылған. (ҚСЭ). б) дуйым журт, пүткил ел. Алты сан алаштың көрқи, Ондай қыз болды ма бәлки (Өтеш).

АЛАША ат. Қолдан тоқылған кишкене төсекше, төсек ушын гейде кийим шапан ушын да исленетуғын материал, жүннен де, пахта, жипектен де кәдимги таўарлардан қалың етип тоқылады, көбинесе төсекке арналады, түрли бояўларға жипти бояп тоқыйды. Астымызға төседиң, Гилем емес алаша, Қудашалар сөйлениң, Бир майдан болсын тамаша (Қ.Айымбетов).

АЛБА-ДАЛБА кел. Жаман, жыртық, пәжмүрде кийинген, кийим формасы әжептәўир. Барсаң, үсти басы алба-далба болып, Гүлзар апасының қәбириниң басында еңиреп отыр (Х.Сейтов). Мәгар киятырсаң аўыл жағыннан, алба-далба жүзиң солған жездежан (ққ.х.к.).

АЛБА-ДУЛБА қ. алба-далба.

АЛБА-ЖУЛБА қ. жыртық.

АЛБАСЛЫ ат. 1. Ескише жин-жыпыр, шайтан, жалмаўыз ҳәм соған усаған унамсыз мақлук, сыртқы көриниси, минез-кулқы әжептәўир (әбес). 2. Шарбая, бийҳая, урысқақ, жәнжелпаз хаял-кызларға айтылатуғын унамсыз сөз. Униң өшкир албаслы, жылама сениң обалың жок (Х.Сейтов).

АЛБАЎ кел. Арқайын, уўайымсыз, салақ. Усы күнлери де жумысқа албаў, салақ қарап жүрсе керек (Ө.Хожаниязов).

АЛБАЎЛЫҚ ат. Арқайынлық, босанлық, уўайымсызлық, салақлық, қайғысызлық, Жоллар алыс белес-белес, Албаўлық ҳеш дәркар емес, Уллы жолда уллы гүрес, Орнасын халық санасына (И.Юсупов).

АЛБЫРАҚЛАЎ ф. Жол таба алмаў, сасқалақлаў, қысыныў, кәўетерлениў. Албырақлап жүрип есикти ашқанда маңлайыма ергенек тийип, көз алдым оттай жанды (Ж.Аймурзаев). Бирақ, бир мәҳәли шоршып жалма-жан, Албырақлап ушып турдым орнымнан (И.Юсупов).

АЛБЫРАМАЎ ф. Қысынбаў, кәўипленбеў, кәўетерленбеў, асықпаў, саспаў. Қысынбай, албырамай, асықпай ойланып айта бериң (А.Бекимбетов).

АЛБЫРАСЫЎ Бирден кәўетерлениў, күтилмеген жерден қысынып қалыў. Анаў қайсы атлы? — дегенде ҳәмме албырасып қалды. (Т.Қайыпбергенов).

АЛБЫРАТЫЎ Қыстастырыў, қысындырыў, қолайсыз жағдайда қалдырыў. Ол пақырдың нәрсеси жок, Емес тағы қарыны ток, Ҳадалға бир таўығы жок, Албыратты оны салық (Бердақ).

АЛБЫРАЎ ф. Қысыныў, кәўетерлениў, кеўилсизлениў, гүдиклениў, қолайсыз жағдайға түсиў, жол таппаў. Албыраған үйрек алды менен де, арты менен де жүзеди (ққ.х.н.). Өтемурат үйине ярым ақшамда бийсәўбет келген адамның уры я жолаўшы екенин айыра алмай, албырап тум-тусына сығалап қарады (К.Султанов).

АЛБЫРАЎШЫЛЫҚ ат. Жол таппаў, қысыныўшылық, сыр бериўшилик, не ислеўин билмеў. Қызда тағы бир албыраўшылық пайда болды (Ө.Айжанов).

АЛБЫРТ кел. Мәрт, батыр, бир сөзли, ер жүрек. Усыған қолын жеткермей, Тоқтамас албырт көкирек, Ўақытты босқа өткермей, Ойлады буны көбирек (Б.Қайыпназаров).

АЛГЕБРА ат. Санлардың аз-көплигине қарамай олардың улыўма нызамын үйрететуғын математиканың тараўы. Дурыс, бир мәртебе алгебрадан, бир мәртебе рус тилинен үш алды (Т.Қайыпбергенов).

АЛҒА р. Илгери, алдыға, озық, алдынғы қатарға. Жүзге толған планыңыз мүбәрек, Алға басқан кәдемиңиз мүбәрек! (К.Султанов). Шадлы қосық шарлап алға, күш қосады бойына (И.Юсупов).

АЛҒАЛЫ ф. Алғаннан бери, соннан бери. Бул дүнья дүнья болғалы, Патша әдил болған емес, Шайырлар қәлем алғалы, Хатқа туўры салған емес (Бердақ).

АЛҒАН ф. Қабыллаған, таңлаған, сайлаған, кәлеген, билген, сезген, өзине тартқан. Самолётқа билет алғанлар минип атыр (С.Хожаниязов). Алғаныңның зыя-зулпы таўланар, Зулп жараспас қәлем қасы болмаса (Әжинияз).

АЛҒАЎ-ДАЛҒАЎ кел. Шашыранды, кеўил пүтин емес, түрли-түрли, ҳәр қыйлы, жыртык-жыртық, енжар. Әзизим, қыялым алғаў-далғаў.

АЛҒӘРЕЗ м.с. Сөздиң қысқасы, тоқ етери, жуўмағы. Алғәрез көрмедим бунындай қызды, Хоширей, хош кеўил, ашық бир жүзли (А.Бегимов).

АЛҒЫР кел. Жүйрик, өткир, шәпик, қыран, зийрек, шаққан. Алғыр кустың пәнжеси, Үш қызының генжеси, Сарыша сулыў дер еди (Қ.Айымбетов). Сен уллы пайтахтсаң, алғыр қырағы (Ә.Шамуратов).

АЛҒЫС ат. Рахмет, тәңир жарылқасын, ырзалық. Бул сөзлерди жазды қолым, Бүлбүл янлы сайрап тилим, Бул бәйитти тыңлап елим, Қандай алғыс берер екен (Бердақ).

АЛҒЫС ат. 1. Жақсылық тилеп айтылған, айтылатуғын сөзлер, мақтаў, дуўа, пәтия бериў, ийги тилек. Ак дегениң алғыс, қара дегениң ғарғыс (нақыл). Бул сөзлерди жазды қолым, Бүлбил янлы сайрап тилим, Бул бәйитти тыңлап елим, Қандай алғыс берер екен (Бердақ). 2. Ырза болыў, қанаатланыў, мақтаў билдириўши қол шаппатлаўлар. Алғысына бөленип ата журттың, Услаттың бизге билимниң гилтин, Сизге тәжим етер ҳәр бир шәкиртиң, Қанша алғыслар айтсақ та аз, Бахытқа бөленип жүриңиз, устаз! (А.Сатбаев). 3. Үзликсиз мийнети ушын айтылған рәсмий ҳүрмет. ◊ Алғыс жаўдырыў — көп алғыс айтыў, қайта-қайта алғыс айтыў. Алғыс айтыў—миннетдаршылық билдириў. Алғыс алыў — рахметке, мәрҳаматқа ийе болыў, ардақланыў. Алғыс алған асқар таўдан асарын, Жақсылардың жүреклерде жасарын (Ахмет). Алғыс жәриялаў — рәсмий түрде марапатлаў түри. Алғысқа бөлениў — ырзашылыққа, ыкласка ийе болыў, рахмет алыў. Алғыс сөз — ырзашылық, миннетдаршылық белгисин билдириў. Соның менен бирге перзентиңиз марапат пенен алғыс сөзди еситкен сайын ел-халыққа пайдалы болыўға, жақсылық ислеўге асығып турады (газетадан).

АЛҒЫСЛАЎ ф. Алғыс айтыў, ҳүрмет билдириў, алғыс жаўдырыў, рахмет айтыў. Парахат мийнеттиң жемиси шийрин, Адамзат кеўлинин қандырар мийрин. Қырағы ер жүрек талмас билекли, Бизде халық алғыслар мийнеттиң ерин (Т.Сейтжанов). Таңға барар путёвканы қолға алып, Қутлықласып бирин-бири алғыслар (Т.Сейтжанов).

АЛҒЫСНАМА ат. Үзликсиз мийнети ушын айтылған ямаса берилген рәсмий ҳүрмет белгиси. Ҳукимет тәрепинен берилген рәсмий қутлықлаў хаты. Бул урыста фронтқа көрсеткен жәрдеми ушын оларға бас сәркарда Сталиннен алғыснама телеграммасы жиберилген (газетадан).

АЛҒЫСТАЙ алғыс сыяклы, алғыс тәризли.

АЛҒЫСЫЗ 1. Ала алмайтуғын, алынбайтуғын. 2. Турмайтуғын, арзымайтуғын. Жаманнан жақсы туўады, адам айтса инанғысыз, жақсыдан жаман туўады, ыссы нанға алғысыз. (нақыл).

АЛҒЫШ 1. кел. Алыўшы. Шатыраш қағаздағы төрт жол қосықтай, Шахматтың таслары сап тартқан қатар. Пилди беркиниске қойып асықпай, Жан алғыш Ферзаны алға қаратар (Еркин Вахидов). 2. кел. Айтқанды тутқыш, қабыллағыш, ала беретуғын, пайда түсиргиш. Тил алғыш болса перзентиң, ақылы артык кисидей, Тил алмаса перзентиң, түсинде көрген исиндей (нақыл). Оның тил алғышлығы соңшеллли, апасының бир рет жап бойына барма деген сөзинен, қасымыздағы насос салмаға да жақынламас еди (А.Бекимбетов). 3. Аң аўлағышлық, аўлаў қәсиети. (бүрқит, жүйрик тазыларға айтылған кәсиет).

АЛДА р. 1. Алдынғы катарда, алдынғы жақта, илгерилеп, озық, ҳәммеден бурын. Ең алда Азамат — оқыўда да, спортта да, жәмийетлик жумыста да өрнек көрсетип жүр (газетадан). Алда, — алысырақта бир-еки жақты жылтылдаған көринеди (А. Әлиев). 2. Келешекте, алдында, енди болатуғын. 3. аўыс. Қызықтырыў, дәмелендириў, еликлетиў (емекситиў).

АЛДА ф. 1. Биреўди ҳийле, сумлық пенен отырғызыў, өтирик сөйлеў. Халқын алдаған бий оңбас, катыны салақ үй оңбас (нақыл). 2. Алдарқатыў, кеўилин алыў, тынышландырыў. Алдағаны бала жақсы (нақыл). ◊ Көз алдады. Арбады, алдарқатты.

АЛДАҒЫ р. 1. Алдынғы қатардағы, илгеридеги. 2. Келешектеги, келеси ўақлардағы, болмыста. Маған бул биресе қуўаныш берсе, Қорқаман-тағы да алдағы жолдан (М.Дәрибаев). 3. Озық, бириншилерден, таңлаўлы, алдынғы. Орынгүл фермадағы ең алдағы саўыншыларымыздың бири (Ж.Сейтназаров).

АЛДАҒЫШ кел. Алдайтуғын, өтирикши, суўқыйды.

АЛДАҒЫШЛЫҚ алдаўға тән ҳәрекет, өтирик айтыўшылық.

АЛДАҚШЫ ат. Алдаўшы, алдағыш, алдайтуғын, адам алдаўыш. Соны да сен алмақшысаң, қалай-қалай, алдақшысаң (ққ.поэз.ант.).

АЛДАМПАЗ ат. Өтирикши, суўқыйды, алдаўықшы.

АЛДАМАҚШЫ ф. Алдайжақ, алдайтуғын, кеўли бар, қыялы бузық, қыялы жаман. Айым оны алдамақшы: — қосықтың аты емес, қосықтың ишинде сондайлар бар еди деген соң..., (Қ.Ирманов).

АЛДАМ-ҚАЛДАМ кел. Бирде олай, бирде булай, аўалақ. Досмухаммедов өзиниң алдам-қалдам суйыклық суўдыр минези әшкараланып, хизмет жағынан бираз төменледи (Қ.Айымбетов).

АЛДАМШЫ алдайтуғын, алдағыш, көз бояўшы, жалған. Дал бедеўлер сүрингенде, жүйрикти де «шабан» десер, Аңғырт минез аламаншы, қыйқыўы өзине қамшы, «Халқым» десе бир алдамшы, «Усы керек маған» десер (И.Юсупов). Алдамшы дүнья — жалғаншы дүнья, өткинши, көз алдаўшы. Аманат бул жанды сүйредик пул деп, Күн демей, түн демей биз жүре бердик, Саўлықты жоғалттық пул деп, Алдамшы дүньяға биз ере бердик. (А.Нуратдинов). Алдамшы көринис псих. (лат illusion-алдайман) (иллюзия) Түрли себеплерге байланыслы өмир шынлығының терис, исенимсизлик, қорқыныш, ҳүрей сыяқлы психикалық тәсир нәтийжесинде орталыққа исенимсизлик пенен қараў, кеўил күйиниң бузылыўы пайытында жийирек көзге түседи.

АЛДАН р. Күн бурын, алдын ала, илгери, бурыннан. Оны татқан адам кешеди палдан, Ҳәм өз келешегин сезеди алдан (И.Юсупов). Бул дүньядан жумғаннан соң көзимди? Буны алдан ҳеш ким айта алмаған, Қалыс хизмет — бизден, несип — Алладан (Х.Дәўлетназаров).

АЛДАН ф. 1. Биреўдиң ойнап, ҳәзил ушын айтқан өтиригине, жалған сөзине исенип қалыў, инаныў. 2. Қызығыў, ермек етиў, алданыш етиў. Тәнепис пайытында көп жигитлер түтин түтетип, шылым менен алданады (газетадан). 3. Айланып қалыў, тоқтаў, иркилип қалыў, гидириў.

АЛДАНҒЫШ исенгиш, тез исенетуғын, инанғыш.

АЛДАНШЫҚ ат. Ермек, ҳәлек, ҳәлекшилик, кеўил жубатқыш. Не қылсаң да маған алданшық болғандай ўақты-ўақты менен тамақ писирип, чай қайнатып бергендей биреўди түсирип бер (Ө.Хожаниязов). Алданшығы ай бала, Сорып атыр емизик (Г.Есемуратов).

АЛДАНЫЎ ф. Биреўлерден пәнт жеў, өтирикке исенип қалыў, өтирикке инаныў, қуры далаға ҳәлеклениў, исеними жойтылыў. Сол ўақытта барып Айтымбет алданғанын билип жамбасына бир урды (Қ.Айымбетов).

АЛДАНЫЎШЫ алданып қалыўшы, жәбир шегиўши, исенип қалыўшы, инаныўшы.

АЛДАНЫШ ат. 1. Дәртке қуўат, медет, кеўилге жубаныш, ўақыт өткергиш, күш-қуўат. Шәжим менен Шамурат усы эки үйдиң алданышы да, қуўанышы да (Қ.Досанов). Жутым ушын бул не деген дағдарыс, тарыққанда табылмады бир таныс, Мен де келдим Даўыткөлди жағалап, Қурсағым аш, тек қосығым алданыш (С.Нурымбетов). 2. Ермек, шуғылланыў, машқ, үйреншикли ис. 3. Ўақытша. Орамалымның бир шетин жырттым да, аяғындағы шылғаўын алмастырдым, бул да бир алданыш еди (газетадан).

АЛДАНЫШСЫЗ Ўақыт өткеретуғын ермеги, шуғылланатуғын иси жоқ, кеўил аңлайтуғыны жоқ.

АЛДАП ф. Кеўлин алып, жубатып, алдастырып, өтирикке инандырып. Базы да алданамыз, базы да алдап, Кирип, исенимге түлкидей арбап, Санап аяк басқан суўысқандай сақ, өмир трассасында жолаўшылармыз (Ақшолпан Аманияз). Адам алдап көрмеген, Сырқыянды билмейди (нақыл).

АЛДАП-АРБАЎ р. Алдап-суўлаў, сумлық, ҳийле менен қолға түсириў, дегенине көндириў, алдастырыў, өтирикке, кеўлин алып, кеўил жубатып, ҳийле менен қолға түсириў, түрли сумлық, ҳийле-тәсил. Қурбанды жаў усылай алдап-арбады. Сол себепли қала бетке барғаны (И.Юсупов). Күйеўи әри-бери Зийбагүлди алдап-арбап көрип еди, көндире алмады (Ө. Айжанов).

АЛДАП-СУЎЛАЎ ф. Ойындағысын иске асырыў, айтқанын ислетиў, алдарқатыў, жумсартыў, ийкемлестириў. Пердебай алдап-суўлап қатын үстине шопан қызды ҳийле етип алмақшы еди (Ж. Аймурзаев).

АЛДАР ф. Алдастырыў, алдаў, алдап-суўлаў. Табельщикти алдар қуры тил менен, Жалқаўдың иси жоқ мийнет күн менен. (С.Нурымбетов).

АЛДАРҚАТЫЎ ф. Алдастырыў, жубатыў, алдап-суўлаў, кеўлин алыў ушын өтирикке ҳәрекет етиў. Сиз бизди алдарқатпай шынын айтың, Нигархан өлген болса да мен қара басым сеннен күн сорамайман (К.Султанов).

АЛДАРЫ р. Илгери, алдынғы сапта, өрлеген, алға таман. Алдары болса кәдемиң, Бермей бизге әдебин, Қақ маңлайға урайық (Бердақ).

АЛДАРЫРАҚ р. Алға таман, алғабеийим, сәл-пәл алға, азмаз алға. Мылтықлардың даўысы биротала тынғаннан кейин ол гүпсардың үстине минди де алдарырақ барып суўдан шықпақшы болып, суўдың ишине қарай ығыўын даўам етти (С.Айний).

АЛДАСПАН Иймек қылыш, жекпе-жек гүресте қолланылатуғын қурал, сабында полаттан исленген қалқасы болады.

АЛДАСТЫРЫЎ ф. Алдап-арбаў, ретин таўып алдаў, алдарқатыў, алдап-суўлаў, кеўлин алыў, жумсартыў, жибитиў. Алдастырып шығарып жибергенде болмас па еди (Ж.Аймурзаев).

АЛДАТ Биреўге алдатқызыў

АЛДАТҚЫЗ биреў арқалы алдатыў

АЛДАТҚЫЗЫЎ биреўге алдатыў, исендириў.

АЛДАНҒЫШ Алданып қалғыш, алдаўға тез түскиш, биреўге тез исенгиш.

АЛДАТЫЎ Алдаў фейилиниң өзгелик дәрежеси.

АЛДАЎ ф. 1. Өтирик алдап биреўди исендирип пәнт бериў, өтирикке инандырыў, өтирик айтыў, өтирик сөйлеў. Аўылда бир молла ийшан, Елди алдаўда көрсең қашан (ққ.поэз.ант.). Надан туўған Айдос бий, Алдаў тилге инанып, Бир бәле қылып келер деп, Жолын күтип жүр еди (Бердақ). Алдаўлық пенен — жол таўып, ҳийлекерлик пенен, есабын таўып, қолайға түсирип. Бир неше түркмен батырларын алдаўлық пенен хан Хийўаға шақырып алып исин жайлапты (Қ.Ирманов). 2. Алдарқатыў, пикирин басқа жаққа бурыў. Сонша гәптен кейин олардың алдаўына көнбес-аў — деп ойланып отырды (газетадан).

АЛДАЎСЫЗ р. Жалған емес, қоспасы жоқ, өтирик араласпаған.

АЛДАЎ ТИЛ ат. Өтирик, мәзи, майлы тил, жортаға инандырыў. Ақылсыз ақмақ Айдос бий, Алдаў тилге инанып, Бир бәле қылып келдиң бе? (Бердақ).

АЛДАЎШЫ ат. Өтирик айтыўшы, өтирик сөйлеўши, өтирикши, ҳийле менен отырғызып кетиўши.

АЛДАЎШЫЛЫҚ ат. Өтирикшилик, жалған жол менен, ҳийлекерлик пенен, алдаўға тән қәсиет. Сондай алдаўшылық жол менен Айдос Бегисти де өлтиреди (Қ.Айымбетов). Көз алдаўшылық (көз бояўшылық) — алдаў.

АЛДЫ р. 1. Адам бети қараған тәрепи, қарсы маңлайы, қарама-қарсы тәрепи, жаны, туп-тууры қарсысы. Аўылдың алды мектеп (Ж.Аймурзаев). Усы ғазды хан ҳәзиреттиң алдына қояман (К.Султанов). 2. Биринши, бурын, әўел, келешек, ең алғашқысы, басламасы. Алды менен басшысы, Еки ийнин жалмады. Алды бурын — алды менен, ҳәммеден бурын, биринши, дәслеп, әўел бастан, ең биринши. Сонлықтан, мен де мухаббат алдында ҳәлсизлик етип, өзимди нақ бийлей алмай Мийирханға алды бурын қолымды узаттым (Ө.Хожаниязов). Алды менен — биринши, ең әдеп, ең дәслеп, әўел бастан, ең биринши. Арзыўдың бағдың қалың, саясынан суўырыла шығып киятырғанын Шыныбийке алды менен көрди (Ж.Аймурзаев). Көпшилик қәнигелер алды менен аш қарынға суў ишип, соң пал қосылған жыллы суў ишиўге мәсләҳәт береди (газетадан). 3. Үйдиң есик шығар есик жағы. 4. Бир нәрсениң дәслепки гези, басламасы. 5. Бир нәрсениң ең таңлаўлысы, сайландысы, озығы, жақсысы. 6. Адамның дизеси менен геўде тәрепи аралығы. 7. Жас шамасына қарай ең үлкен, жасы артығы. 8. аўыс. Келешек, беталыс. Алдына мақсет қойыў. Алды бар, арты жоқ. Жаманшылығы жоқ, аўырманлығы жоқ, кеги жоқ, ашыўы тез қайтатуғын. (минез). Алдыңа ас қойдым, еки қолыңды бос қойдым — өз еркиң өзиңе берилди, қысым көрсетилмеди деген мәниде, аўқат тартылған ўақытта «алың, алың» деп жүзеки қатнас жасағаннан горе салмақлырақ, әлпайым айтылыўы. Алдыңа Қудай келтирсин (алдыңа келсин) — қылған жаманлығың алдыңа келсин мәнисинде (ғарғыс). Бет алды-қарсы алды, туўры алды бети. Көз алды — көзиниң маңлайы, асты. Көз алды булдыраў — көзи қараўытыў, көрмей қалыў. Маңлай алды — озық, мақтаўлы, ең алды, ең негизги. Қарсы алды — туўры алды, маңлай алды. Елдиң алды жатқан ўақыт — елдиң уйқыға жаңа жата баслаған ўақты.

АЛДЫ-АЛДЫНА бөлек-бөлек, жөн-жөнине кетиў.

АЛДЫ-АРТЫ р 1. Алды менен арты, айналасы, маңлайы, жан-жағы. Ояқ-буяқ, дөгереги, жақын-жуўығы өткен ҳәм келешек, ең биринши ҳәм ең ақырғысы. Бурынғы камыс қос пенен алды-артына шыпта жапқан үйлер (К.Султанов). 2. Бас аяғы, бар болғаны, питкени. Бары-жоғы, дос-душпаны. Досларым ким, душпаным ким? Биле алмай, алды-артымды көре алмай, Төге жазлап қалдым мен ҳақ қаныңды (И.Юсупов). 3. Жай-жағдай, истиң рәмәўизи. Бул истиң алды-артын ойланбай аға, Мен жетим сорлыға еттиң қысымды (Омар). Мениң таяққа жығылғанымның алды-арты усы ма (Н.Бөрекешов). 4. Ең соңы, ақыр аяғы. ◊ Алды-артына қараў — изин ойлаў, келер-кетерин ойлаў, соңына бағыў, жай-жағдайын текериў. Алды-артына қарамаў — иркилмеў, тоқтамаў. Алды-артына қаратпай — ҳеш нәрсеге имканият бермеў, асықтырыў. Алды-артын аңлаў — жан-жағын байқаў, аңғарыў. Алды-артын билмеў — жөн билмейтиўгин, парқын сезбейтиўгин. Алды-артын ойлаў — истиң жөн-жосағын ойластырды. Алды-артын ораў — алдын ала ҳәрекет жасады, қарсы келиўге пурсат бермеди, кесент етти, бөгет жасаў. Алды-артын таныў — оң-солын аңлаў.

АЛДЫМ-БЕРДИМ ат. 1. Алыс-берис, берис-алыс. Бир-биреўдиң алдым-бердимине де шерик, былайынша ол тилинен де, қолынан да келетуғын адам (Ө.Хожаниязов). 2. Жай, әйтеўир, былайынша нем кетти, зыянсыз сөзлер, үйреншикли. 3. Алғаны, бергени жоқлығы.

АЛДЫН р. 1. Биринши, бурын, әўел, дәслеп, ертерек болып өткен мәнисинде. Бәринен алдын, очерк эстетикалық қурал болыў жағынан насазлық етти (Г.Есемуратов). 2. Еле болып үлгермеген, енди болатуғын, әмелге асырылатуғын. Биринши жәрдем берилди ҳәтте, Емлеўханасына жетпестен алдын (Ө.Байназаров). ◊ Алдын ала — күн илгери, күн бурын, бурынырақ. Алдын ала барлаў — а) әск. Әскерий жүрис алдында қарсылас тәрептиң орналасқан жери менен жайласыўын алдыннан шолып шығыў, б) геод. Геодезиялық ислер алып барылмасынан алдын сол аймақты, орталықты изертлеў, жерди алдын ала барлаў. Алдын ала қамаў юрид. Жынаятлық процессте қамаўға алыў түринде айыпланыўшыны ямаса судланыўшыны ўақытша еркинлигинен айырыў. Алдын ала тергеў юрид. Исти судта көрип шығыўға дейин жынаятқа тийисли фактлер менен айыпларды анықлаў ушын дәлиллерди жыйнаў ҳәм тексериў. Алдын алыў — күн бурын илажын көриў, ерте бастан ойланыў, ғамын жеў, ғамланыў. Шопан дәрриў буның алдын алды,... (ққ. хрест.). Алдын ораў — қарсы шығыў, кес-кеслеў. Алдын тосыў — жолын күтиў, бөгеў, аңлыў. Алдын ашсын — тилек, жолы болсын, бахтын ашсын, жарылқасын. Алдын кес-кеслеў — жолын бөгеў. Алдын ойлаў — келешеги туўралы ғам шегиў. Алдын алыў термин. А) Кәлиплескен жағдайды, тәртипти сақлаўға бағышланған ис-шаралардың жыйынтығы. Ҳәзирги ўақытта ҳаўа райының кескин өзгериўине байланыслы жолаўшылардың қәўипсизлигин тәмийинлеў, жол ҳәрекети ҳәдийселериниң алдын алыў максетинде Дамаслар ўақтынша тоқтатылады (газетадан). Б) мед. Түрли аўырыўларды дәлепки раўажланыў пайытында анықлаўға арналған ис-илажлар. Изертлеўшилердиң анықлаўынша, бир ҳәптеде еки күн аўқатланбаў тәртибине әмел еткен инсанның салмақ арттырыў, көкирек саратаны кеселлигиниң алдын алыўдағы, қан басымы т.б. кеселликлерден сақланыўдағы ең жақсы қуралы болады екен (газетадан).

АЛДЫНА р. Ортаға, көпшиликке, ҳәммеге. Серимбет орнынан турып, жыйналысты ашты ҳәм көпшиликтиң алдына күн тәртибин қойды (Ө.Айжанов). Алдына адам салмаў — өз қатарының алды, теңлеси жоқ. Алдына адам шықпаў — ҳешким бетине қарсы келе алмады. Алдына келтириў — ислеген исин өзине қайтарды, есесин қайтарды. Алдына салды — а) көзине көрсетти, алдына жайды. б) сынатты, сарапқа салды. Алдына (кесе) тартты — а) усынды, берди, сыйлады. б) нәзерге усынды, көрсетти. г) мәселе етип қойды, көтерди, есине салды. Алдына түсти — а) илгери шықты, басып озды, асып кетти. б) үлкенниң жолын алды, ағаның алдына түсип дәстүрди бузды. г) бағынышлы болды, мойнына алды, айтқанынан шықпады. Көз алдына келтириў — ойына алыў, еслеў, ойына елеслетиў. Келешекте ана болыўын көз алдына келтириў ҳәр қандай ҳаялға қуўаныш бағышлайды (газетадан). Өз алдына — а) жеке, дара. Ал ақыллы ҳаял әкеси туўралы жақсы сөзлерди жийи-жийи айтыў арқалы бала санасына әкеге деген өз алдына ҳүрмет пенен сыйласықтың урығын егеди (нәсият). Өз алдына түтин түтетиў — жеке үй болыў, шақарақ болыў, отаў тигиў, шақарақ көтериў, бөлеклениў.

АЛДЫНАН р. 1. Қарсысынан, қақ маңлайынан, туўра алдынан. Асығып албырап киятырған адамның алдынан сасқалақлап киятырған Саттар шықты (Ж.Аймурзаев). 2. Бир нәрсени басламастан алдын, ертеден. Таң азаннан баслап, жаңа жумыс күни басланыўы алдынан жолаўшылар ҳәм автомашиналардың қәўипсизлигин тәмийинлеў мақсетинде жолларға қум-дуз араласпасы себилип баслады (газетадан). Алдынан өтти — а) кеширим сорады, б) ақыл-кеңес сораў. Алдынан шықты а) қарсы гезлести, алдына жолықты; б) ҳүрметлеп қарсы алды Көз алдынан кетпеў — есине түсире бериў, ойынан шықпаў. Көз алдынан өткизиў — өткенди еслеў, есине түсириў.

АЛДЫНА-АРТЫНА р. Ояқ-буякка, алдына-кейнине, арман-берман, ҳәр тәрепке, ҳәр жаққа, тум-тусқа. Турдыбай алдына-артына қозғалғанды қойды (Т.Қайыпбергенов).

АЛДЫНДА р. Биринши, илгерилеў, бурынырақ. Түни менен ағам екеўимиз қаўын қорықта болып, таңның алдында үйге келип жаттық (Т.Қайыпбергенов). Анаў отырған Қулымбет бай, Таяр алдында аппақ май (Бердақ).

АЛДЫНДА 1. Бетпе-бет, көзинше. Тумаристей темир ержигерли, елин жаўға бермеген Гулайымдай батыр, улының кесилген геллесин алдына әкелип қойса да жаў алдында көзине бир тамшы жас алмаған Қумар анадай мәрт айбатлы болған (газетадан). 2. Қарсы алдында, бурын, ертерек. Қандай жарасықлы, жигитим ерлеп, Қасарысса қас душпанды урғаны! Хаял-қыз алдында үнсиз дизерлеп, Мухаббатын таўап етип турғаны (И.Юсупов). 3. Алдағы ўақытта, келешекте. Көшеде жүргенде, үйге киргенде, Анаға тәзимде болсын ҳәр бенде, Перзенттиң алдында ана турғанда, өзгелер изинде хизмет жараспас! Алдында кетиў — ең жақын адамынан бурынырақ кетти, жақынларынан бурын қайтыс болыў. Көз алдында — жүзбе-жүз, көзинше. Киси алдында — биреўдиң көзинше, бетпе-бет. Ҳешкимге көпшиликтиң, киси алдында урыспаң, ол перзентиңиз болсын, жумыстағы хизметкериңиз болсын (үгит-нәсияттан). Маңлай алдында — туўры алдында, қарама-қарсы. Өлим алдында — жан тапсырар, о дүньяға кетер алдында. Таң алдында — таң атар ўақытта.

АЛДЫНДАҒЫ кел. Биринши, маңлайдағы, көринип турған. Олар алдыңызға түсип жүрмесе есиктиң алдындағы еки байтеректиң биреўин түбинен шаўып жоқ етип, биреўин геллеклеп шырпып келиң депти... (Қ.Айымбетов).

АЛДЫНҒЫ кел. 1. Илгериги, әўелги, дәслепки, алдағы, кейинги емес, озық. Алдынғы арба қайдан жүрсе, соңғы арба да соннан жүреди (ққ.х.н.). Адамлардан алға кеткен алдынғы емес, адамларды изине ерткен алдынғы екен (Т.Қайыпбергенов «Бахытсызлар»). 2. Бурынғы, өткен ўақыт, өткен күн, кешеден арғы күни, балтырғыдан алдынғы жылы. Он жыл алдынғы ишиўши өзин-өзи тәрбиялап, ишиўден ўаз кешпес екен, ол ишиўшилигинше қала береди (газетадан). Алдынғы қатарда — ең озық. Алдынғы күни — кешегиден бир күн бурын.

АЛДЫРЫЎ ф. 1. Әкелдириў, алғызыў, әкелиўге биреўди жумсаў, буйырыў, басқа биреў арқалы жумыстың орынланыўы. Алты аўыз ала болса аўзындағыны алдырады, Төрт аўыз түўел болса төбедегини түсиреди (ққ.х.н.). 2. Шақыртыў, алғызыў. 3. Асты, тағамды ишкизип-жегизиў, ишимлик иштириў. 4. Сақал-муртты, шашты қысқартыў, қырғызыў, кескизиў. Өскен шашымды алдырыў керек екенин айтты (Ж.Аймурзаев). 5. Алғызып таслаў, жоқ етиў. 6. аўыс. Урлатыў, қоллы болыў. 7. Айырылып қалыў. 8. Услатыў, қолға түсиў. 9. аўыс. Жеңилиў, дизе бүгиў. 10. аўыс. Алданыў, исенип қалыў. 11. аўыс. Тоқтап қалыў, гибиртиклеў. Аяғы алдырмаў — аяғын баса алмаў, жүриси қыйынласыў. Дем алдырыў — дем бериў, шаршағанын шығартыў, дем алғызыў. Дем алдырмаў — тоқтамастан, иркилместен. Ортаға алдырыў — талқыға салыў, тергеў. Сыр алдырыў — сырын билдирип, сездирип қойыў, ҳәлсизлигин көрсетиў. Сыр алдырмаў — сыр шашпаў, билдирмеў.

АЛДЫРТЫЎ ф. 1. Әкелдириў, алғызыў, әкелтиў. 2. Шақыртыў, қасына алыў. 3. Урлатыў, қоллы қылыў. 4. Ас жегизиў, ишкизип-жегизиў. 5. Хаяллыққа алғызыў. 6. Алғызып таслаў. 7. аўыс. Жеңилиске ушыраў, дизе бүгиў.

АЛДЫРЫЎШЫ ат. Бир затты, бир нәрсени алдыратуғын адам.

АЛЕМ қ. әлем.

АЛЕБАСТР (грек. alabastros) 1. Күйдирилген ҳәм тойынған ақ ямаса ашық түсли гипс тәризли зат, күйдирилген пор; минерал, гипстиң унтақ түри. 2. Қурылыс материалы сыпатында, байланыстырыўшы қурылыс гипси; ганч (мүсиншилик, медицина ҳәм қурылыста ислетиледи).

АЛЕУТ 1. Алеут ҳәм Командор атаўларының тийкарғы халқынан ибарат халық (миллет)тың аты. 2. Сол миллетке тийисли (шахс, жер аты т.б.) Алеут тили.

АЛ ЕНДИ к.с. Тыңлаўшының дыққатын аўдарыў ушын автордың ўақыяға байланысы жоқ, өзинше қолланылатуғын сөзи. Ал енди, бай аға барлық ўақыяларды өзим деп айтып отырман (Т. Қайыпбергенов).

АЛЖАПҚЫШ қ. әлжапқыш. ат. Жумыс ислеген пайытта кийимге зыяны тиймеў яғный кирлемеў, май ҳәм басқа да нәрселер тамбаў ушын арнаўлы тигилген алдыға байлайтуғын форма (фартук).

АЛЖАС ф. 1. Қәтелесиў, жаңылысыў. Жантақзарда алжас өсип қалған ба? Қайсы гүлши қалдырыпты тигип нәл? Басқа шөп пе кейин гүлге айланган? Ҳаслы ғөззал гүл ғой турман көрип дал... (Х. Аманжолов) 2. Есинен таныў, ақылдан адасыў. Ақылынан алжасыў — есинен таныў, ақылынан айырылыў. Алжасқан болыў — өзин сезбегенге салып, услап тутыў.

АЛЖАСЫҚ ат. Қәтелик, кемшилик. — Хош, Айсәнемди не қылдық енди? — Не қылатуғын еди .. аламыз, әй бул алжасық сөз болыў керек (К. Султанов). Өмиримде усындай алжасықлар болады деп ойламаған едим («Әмиўдәрья» ж.).

АЛЖАСЫҚСЫЗ кел. Қәтесиз, дәл, алжаспай.

АЛЖАСТЫРЫЎ ф. 1. Қәтелестириў, жаңылыстырыў. 2. Есинен тандырыў, ақылынан адастырыў.

АЛЖАСЫЎ ф. Қәтелесиў, кемшилик жибериў, адасыў. Ийт алжасып қай тәрепке жүрерин билмей турды (Қ. Аралбаев). Бул дүньялық адамзаттың, Ада болмас алжасыўы, Жыртылғанды жамап-жасқар, Тек, өмирлер жалғасыўы. (Х. Дәўлетназаров). Алжасқан адамның гүнайыны кеш, Алжасыў, адасыў-қылмыс емес ҳеш, «Қылкөпирден» қулап түсер ғыйбаткеш, Қәбиринен шығып-гөрден айрылса. (Ә. Әжиниязов).

АЛЖЫҒАН кел. Қәтелескен, бузылған, айныған, алжасқан, сөзин бузған. ... оның ҳаялы: алжыған, келинди қайда апарасаң? — деп бақырып еди ... (Қ. Айымбетов). Сен алжыған екенсең, бир кемисиң сол еди (Г. Есемуратов). Аңсат емес басшылық, Аз ба елде алжыған? Халық көзинен жас шығып, «Ура» шықты аўзынан. (К. Рахманов).

АЛЖЫЎ ф. 1. Ақылынан, есинен айырылыў, қартайыў, алжасыў, биймәни ғәплерди сөйлеў. Беў, алжыған ғарры-аў. Намазыңды бузып қойдың ғой («Әмиўдәрья» ж.). 2. физиол (лат... dementia) Адамның психикалық ҳәрекетиниң кемейиўи ямаса жасы үлкейе келе пайда болатуғын кеселлик. 3. психол. (грек. marasmos) Адамның психикалық ис-ҳәрекетиниң толық дерлик жоғалыўы.

АЛЖЫМАЎ қәтелеспеў, есинен айырылмаў.

АЛИБИ (лат. Alibi — басқа жерде) хуқ. Айыплы деп гүман етилип атырған шахстың жынаят етилген пайытта сол жерден басқа жерде болыўы (бул ҳалат оның жынаятқа байланысы жоқ екенлигин тастыйқлаўшы дәлил).

АЛИЗАРИН (фр. alizarine; исп. alizari — руянның (марена) қурғақ тамыры) Руян өсимлиги тамырынан алынатуғын ямаса жасалма жол менен таярланатуғын бояў.

АЛИК (ӘЛИК) (арабша «алайка» «алейкум» — сөзлериниң бузылған, қысқарған формасы) сәлемге қайтарылатуғын жуўап, жуўап сәлеми. Алик алыў.

АЛИМЕНТ (лат. alimentum — қараўында, бағыўында) Нызамда белгиленген жағдайда шаңарақтың бир ағзасы тәрепинен басқа ағзасы ямаса ағзаларын қаржылай тәмийинлеў ушын мәжбүрий төленетуғын пул, напақа.

АЛИФ I Араб әлипбесиниң биринши ҳәриби ҳәм атамасы.

АЛИФ II (грекше. aleipha-май) өсимлик, тийкарынан зығыр майынан қыздырып таярланған ҳәм бояўда қолланылатуғын май.

АЛИФМАЙ қ. АЛИФ II.

АЛКАЛОИД қ. Алкалоидлар.

АЛКАЛОИДЛАР (араб-силти+грек.eidos-уқсас, көринис) хим. Тийкарынан өсимликлерде болатуғын азотлы органикалық затлар (олардың гейпаралары мыс. атропин, морфин, хинин, кодеин сыяқлылары дәри сыпатында қолланылады).

АЛКАШ (рус. алкоголик сөзинен) с.т. Ишкиликке берилген, соған өш болған.

АЛКЕЙ БӘНТИ (строфа) әдеб. Эрамызға дейинги VII—VI әсирлерде жасап, дөретиўшилик пенен шуғылланған грек шайыры Алкей атына қойылған антик қосық бентлериниң бири болып, оның ҳәр бәнти еки он бир буўынлы, бир тоғыз буўынлы, бир он буўынлы бәйитлерден ибарат болады.

АЛКМАН ҚОСЫҒЫ әдеб. Әййемги грек шайыры (эрамыздан бурын VII әсирдиң екинши ярымында жасаған) Алкман аты менен аталған антик қосық дүзилиси түрлериниң бири.

АЛКОГОЛИЗМ мед. Саламатлығына ҳәм мийнет ислеў қәбилетлигине зыян тийетуғын дәрежеде үзликсиз, мудамы шамасынан артық спиртли ишимликлер ишиў, ишкиликке, алкогольға берилиў нәтийжесинде келип шығатуғын кеселлик, (қумарпазлық) мәскүнемлик.

АЛКОГОЛИК алкоголизмге берилген, дуўшар болған шахс; арақхор, ишеўик, пияң, мәскүнем адам.

АЛКОГОЛЬ (араб-жумсақ унтақ, спирт) 1. хим. Молекулалар курамында кислород ҳәм водород атомлары группасы болатуғын бирикпелер; спиртлер. 2. Арак, вино спирти ҳәм улыўма спиртли ишимликлер.

АЛИП қ. әлип.

АЛҚА ат. Ҳаял-қызлардың безенетуғын затларының биреўи, алтын-гүмистен исленип қызлар, ҳаяллар өңирине тағады, ҳәйкелдиң қасына, я ҳәйкелге жармастырып ислениўи мүмкин, соның ушын «алқалы ҳәйкел» деп аталады.

АЛҚЫМ ат. Мойын, гегирдек (ийек пенен ийинниң аралығы). Гезлескен ҳәр бир түбир оның алқымынан алатуғындай сезиледи (Т.Қайыпбергенов). Айрым еллерде адамлар буўысар алқым, Инақ болып жасап атыр елдеги халқым, Бунда енапаттай үлесиң келешек жарқын, Дәл усы жерде аға басқадан парқың (О.Турдақов). 2. Кийимдеги ең жоқарғы мойын тәрептеги түйме, сәдеп тағылатуғын тәрепи. 3. аўыс. Бир нәрсениң қаптал тусы, жийеги. Алқым астында — жүдә жақын, түбинде. Алқымынан алыў — а) жағасына жабысыў, қылғындырыў. б) жанын қысыў, есин алыў, қыйнаў. г) асықтырыў. Алқымынан қысыў — қылғындырыў, қыйнаў. Жан алқымға келиў — албыраў, қысылыў, қыйналыў, қысылыспаға түсиў.

АЛҚЫМЛАЎ ф. 1. Буўындырыў, алқымынан буўыў, алқымынан қысыў. Егер уры баспашы жол тосып жатса, алқымлап буўғанда билмей қаласаң (К.Султанов). 2. Алқымынан, тамағынан қысып, буўындырып өлитириў.

АЛҚЫНДЫ ат. Сабынның қалдығы, жуўылғаннан қалған қалдық сабын. Шеше сабыныңнан қалса курттай алқынды берсең-о? — Келиншек буйымы питпесин билсе де, баланы аяп кемпирдин ашыўын дәлкек пенен қайтарғысы келди (К.Султанов).

АЛҚЫНЫЎ ф. 1. Ентигиў, қысыў, дем алмаў, дем алысы тарылыў, жүреги аўзына тығылыў, ҳаплығыў. 2. Туўлаў, асып-тасыў, масайраў. Сен бөлеген бахытын көрип халқымның, Талай сапар йошқа талпындым, Ўаспына ҳеш ылайық сөз таба алмай, Ой үстине ой туўғызып алқындым. (Т.Сейтжанов).

АЛҚЫССА к.с. Сөз басында авторлар тәрепинен қолланылатуғын кирис сөз, солай етип, қулласы-кәлем, қысқасы, қулласы. Алқысса, андан соң. Алқысса бурынғы өткен заманда Рус шәҳәринде Арысланбай деген бир бай бар еди («Гөрүғлы»). Алқысса, сөзди еситиң, Сәйекедей қайқыдан («Қырқ қыз»).

АЛҚУЛЫМ: (ар. «аллох» — илаҳий күш, қудай) Алла қолласа, Алла алса, Алла берсе.

АЛЛА ат. дин. 1. 18 мың әлемди, Қыямет-қайымды жаратыўшы Кудай, күдирет ийеси, дүньяның пайда болыўында ҳәм оның өмир сүриўинде күдиретке ийе. Ал, десе хош болар кеўли молланың, бер десе тәрк етер ҳәмирин алланың (К.Султанов). Урыс болған жерлер бизден зыят па?! Апатлардан бизди Аллам сақласын. (Г.Дәўлетова). Алла ақыйрын берсин — тилек, Кудай исин оңғарсын, изи қайырлы болсын мәнисинде. Алла берди — несип етти, буйырды. Алла биледи — кудай биледи, түсиниксиз, белгисиз, анық емес. Алланың нуры — Кудайдың пүткил әлемге нур, тиришилик беретуғын кәсийти. Алла жарылқасын (яр болсын) — тилек, Кудай қолласын, жәрдем етсин, миннетдаршылық белгиси. Аллаға аманат — бир Кудайға тапсырдым деген мәниде. Аллаға аманатын тапсырды — қайтыс болды, өлди, жан тәслим етти, жан тапсырды, ол дүньялық болды. Аллаға шүкирлик етиў — Кудайға ырзалығын билдириў. Алладан мәдет тилеў — Кудайдан көмек сораў, жалбарыныў, тилек тилеў. Алланың әмири (ҳәмири) — Кудайдың буйрығы, ҳукими менен.

АЛЛАҲУ АКБАР бийтәр. с. 1. гөн. с. Арабша алла уллы деген мәниде. 2. Ишип-жеп болғаннан кейинги ямаса ўәдени бир жерге қойып шәртлескеннен соңғы жуўмақлаў тилек, аўмийин. Аўмийин-аллаҳу акбар айтылып пәтия оқылды (Ә.Шамуратов).

АЛЛАБӘРЕКЕЛЛА т. с. Ўақ, әттегене, пай-пай, өкиниш. Оның жоқ екенин сол қарада билдик те «Аллабәрекелла» деп санға бир урдық (әд. хрест.).

АЛЛА-ЖАЛЛА т. с. 1. Бирден, аяк астынан. Ал алла-жалла мени билип қалса, мен не деймен, қалай қарайман (газетадан). 2. Өмирде, дым, ҳеш ўақытта, сирә. Жумақ еки қолын теңнен сермеп, алла-жалла деп қутылды (Ө.Айжанов).

АЛЛАТААЛА ат. Алла, яратқан, кудайтаала, күдиретли кудайым. Көрсет заңғар налаңды, Шақыр аллатаалаңды, Ҳәддиң болса берман кел, Мен көрейин шамаңды («Мәспатша»).

АЛЛАЛАЎ 1. Аллаға сыйыныў, жалбарыныў.

АЛЛАЯР м. с. Хош, жақшы, саў бол, хош бол. Биз қайтамыз еллерге, Саў-саламат көргенше, Айдос жора аллаяр (Бердақ).

АЛЛЕН қ. әллен.

АЛЛЕ НЕ қ. әлле не.

АЛЛЕГОРИЯ (грек allegoria — өзгеше аңлатыў) көркем әдебиятта пикирди туўры айтпай образлы түрде астарлап айтыў арқалы сүўретлеўдиң бир түри. Ертеглердеги ҳайўанлар, тымсаллардағы қатнасыўшылар аллегориялық характерге ийе. Қарақалпақ фольклоры менен әдебиятында кең тарқалған, сум, ҳийлекерлерди түлкиге, гөрқаў-нәпсиқаўларды — қасқырға, ақмақ, наданларды — доңызға теңеўлер аллегориялық сүўретлеўдиң көриниси. Аллегориялық сүўретлеў — аллегориялық метафоралық астарлы сүўретлеў түри.

АЛЛЕРГЕН (аллергия+грек genos-тууылыў, пайда болыў). Аллергияны пайда ететуғын зат. Химиялық аллергенлер.

АЛЛЕРГИЯЛЫҚ аллергияға тийисли, аллергия себепли жүзеге келген.

АЛЛЕРГИЯ (грек allos-басқа+ergon-тәсир) Организмниң қоршаған әтирапта ушырайтуғын, аллергенлер деп аталыўшы гейпара факторлар (химиялық затлар, микроблар ҳәм олардың турмыс шараятында пайда болатуғын өнимлер, азық-аўқатлар) тәсиринде (тийкар) жүдә сезгир болыўы.

АЛЛЕРГОЛОГИЯ (аллергия+грек logos-тәлиймат) Медицинада аллергиялық кеселликлердиң пайда болыў себеплери, раўажланыў механизми ҳәм оларды емлеў усыллары менен шуғылланыўшы бөлими.

АЛЛЕЯ ат. Пиядалар ушын жол, қыдырыў, дем алыў ушын еки жағына қатар терек тигилген жол, узынша кеткен ашықлық үлкен машиналар жүретуғын жолдың еки қапталындағы тротуар. Дәрўазадан киргеннен бағдың ортасы менен төрге қарай созылған аллея. (Н.Дәўқараев). Оның кең көшелери менен аллеялары пайызлы бағлары нурға шомылған («Әмиўдәрья» ж.).

АЛЛИГАТОР (исп. el lagarto — кесиртке) крокодиллер топарына кириўши жер баўырлаўшылар семействосы (туқымласы).

АЛЛИТЕРАЦИЯ әдеб. (латын тили — қайталау) — көркем шығармада бир-бирине уқсас даўыссыз ҳәриплердиң қайталанып келиўи, былайынша биргелки ҳәрип, сеслердиң қайталаныўы прозалық, драмалық шығармалaрдa да ушыраса береди. Аллитерациялық қосық — әййемги немец, исланд ҳәм англосаксон поэзиясында VIII-XIII әсирлерде пайдаланылған қосық. Бунда ҳәр бир бәйит төрт пәтке ийе болып, бәйитлер еки пәттен ибарат еки бөлимге цезура менен ажыралады. Ҳәзирги пайытта түркий тиллес халықлар поэзиясында да ушырайды.

АЛЛО м. с. (ингл.hello) Телефон арқалы сөйлескенде «еситип атырман» ямаса «еситип атырсыз ба?» деген мәнилерде қолланылады. Я, аўа, не дейсең. тыңлайман, айта бер, кимсең. Алло! Квартира, Алмамысаң? қулағыма таныс ҳаялдың даўысы шалынды (Ө.Айжанов). Ҳәзирги пайытта сөйлеў тилинде де «мени тыңлап турсаң ба?» мәнисинде қолланылады.

АЛЛОНЖ (франц. Allonge — үстинен жазыў). ат. экон. Вексельге жабыстырылған қосымша бет.

АЛЛОНИМ әдеб. Лақап (псевдоним) орнына алынған биреўдиң ҳақыйқый аты.

АЛЛОТРОПИЯ (грек. allos-басқа, tropos-қәсийет) ат. Бир химиялық элементтиң бир нешше әпиўайы зат түринде болыў қубылысы. Аллотропия қубылысы темир, фосфор, калий т.б. химиялық элементлерде де болады. (Химия пәнинен).

АЛЛОФОН ат. лингв. Белгили бир фонеманың мәни атқаратуғын хизметлерге ийе емес жуўан, жиңишке аталыўы, түрлери.

АЛЛЮВИЙ (лат. аллювио — уйық). география. Дәрья алапларында турақлы суў ағымларын қәлиплестиретуғын жатқызықлары. Аллювиаль алап — дәрья асты уйықлары-аллювий менен қапланған ойпатлық. Аллювиаль топырақлар ямаса қайыр топырақлар — дәрьяның қайырлары менен дельталарындағы пайда болған уйықлардан, яғный аллювиалдан пайда болған топырақлар. Аллювиаль тегисликлер — үлкен дәрьялардың аккумулятивлик ҳәрекетиниң нәтийжесинде пайда болған тегисликлер.

АЛЛЮЗИЯ (лат. allusio — ҳәзил, ым-ишара) Көркем әдебиятта ҳәм ораторлық өнеринде тарийхый ўақыя яки атақлы шығармаларға силтеме (көрсетпе) бериўден ибарат стилистикалық фигуралардың бири.

АЛЛЮР спорт. Аттың жүрисиниң түри.

АЛМА I ат. 1. Рәўшан гүллилер туқымласына киретуғын мийўели жемис ағашы, терек, мийўениң түри. Анаў турған алмамекен нармекен. Саясында жатқан бизиң ярмекен (Н.Дәўқараев). 2. Усы жемис ағашының домалақ түриндеги мазалы жемиси. Алма жедим аралап, Тилимди үйирип кетти (И.Юсупов). Алма бет. Қызыл шырайлы, жумалақ жүзли, толық жүз яки бет. Алма қақ — алма жемисиниң кептирилген, қақланған түри.

АЛМА II ф. Қой, алыўға руқсат жок, тийме, козғама.

АЛМАДАЙ кел. I Алма сыяқлы, алма тәризли домалақ.

АЛМАГЕЗЕК р. Гезекпе-гезек, гезек пенен, гезек бойынша, рети менен, ретпе-рет. Қызларгүл менен бирге алмагезек бала көтерип есин билетуғынларға ертек айтып отыр еди (Т.Қайыпбергенов). Алмагезек аяк көтерип, Шағыр қумда шыдамағаным, Нешше сапар көсиклер терип, талай гөжек қуўалағаным (Т.Сәрсенбаев).

АЛМАЗ ат. (түрк алмас, грек адамас-қайтпас). қ. Алмас. Таза кристалл, углерод. Огада күшли қаттылығы, беккемлиги менен ажыралып турады.

АЛМАЗАР ат. Көпшилиги алма мийўе тереги менен бәнт жер, алмасы көп майдан. Қатар-қатар салмалар, Еки бойы алмазар, Жүзим, әнжир, анары, Жесең мийриң қанады (С.Аббазов).

АЛМАҚ ф. Аласы, алыўға тийисли зат, нәрсе. Алмақтың бермеги бар, буны билесең. (газетадан).

АЛМАҚШЫ ф. Алажак, алғысы, алайын деп турған, алатуғын кейипте, алыўға тийисли зат, нәрсе, аласы. Механизатор қыз деген, Ҳүрметли атты алмақшы, Мийнеттен бахыт излеген, Уқыбын жумсап қалмақшы (Б.Қайыпназаров).

АЛМАЛЫ-САЛМАЛЫ кел. Алып-салып қойыўға қолайлы, кийгизилип шығарылатуғын.

АЛМАС ат. 1. Ҳасыл тас, гәүҳар, беккем, 2. Кескир, қыйғыш, өткир. Халқым ушын түўесилмес ғәзийне, Сөзи шықты алмас болып Бердақтың. (А.Дабылов). 3. Пәреңи етип шаш алыў, қырыў буйымы. Алмас қанжар — өткир, тийген жерин кесип түсетуғын курал. Алмас қанжар ай нурында жарқ етип, Қолдан қолға өтип түсти қынапқа,... (И.Юсупов).

АЛМАСТАЙ 1. Алмас сыяқлы, кескир, өткир. 2. Беккем.

АЛМАСЛАЎ Гезеклесиў, өзгертиў, бириниң орнына екиншисин қойыў, алмастырыў, жаналаў. Енди буны алмаслап егиў ўақты жетилипти (Б.Қайыпназаров).

АЛМАСТЫРЫЎ ф. 1. Бириниң орнына екиншисин қойыў, орнын өзгертиў, бир затты екинши зат пенен алмаслаў. Олар балықшылардан дөнге жас балық ҳәм қақпаш алмастырып алады (А.Бегимов). 2. Басқа кийим кийиў, өзгертиў. Күтимсиз салақ болма, Ҳәптеге моншаға түс, Ески кийимлериңди жылдам-жылдам алмастырып тур (газетадан). 3. Жаналаў. 4. өзгертиў. 5. Орнын басыў, хизметин атқарыў.

АЛМАСЫЎ ф. Бир-бириниң орнын алыў, ийелеў, жаналаў, айырыла баслаў, өзгертиў, аўмасыў, орнын өтеў. Талшыбықтай таўланысқан жананлар, Бир батпан тарыға кетти алмасып (С.Нурымбетов). «Ҳәстеси сынған шам» электр жарығы менен алмасты (Г.Есемуратов). Алмасыў тәсири физ. Элементлер бөлшеклериниң координаторлары өз ара алмасканда олардың толқын функцияларының симметриялық қәсийетинен пайда болатуғын тәсир. Алмасыў коэффициенти экон. Белгили бир өндирис орнының дәл жумыс тәртибин сыпатлайтуғын көрсеткиш. Алмасыў реакциясы хим. Атомларды алмастырыў арқалы пайда болатуғын химиялық реакция. Зат алмасыў биол. Денеде болып атырған барлық химиялық процесслердиң жыйынтығы. Нерв системасы организмдеги барлық ўазыйпаларға жуўапкер, соның ишинде, жүрек-қан тамыр, асқазан, сидик ажыратыў системасы, зат алмасыўы процесслери ушын да жуўапкер (газетадан). Пикир алмасыў — бир-бириниң пикири менен ортақласыў.

АЛМУРТ ат. 1. Рәўшан гүллилер туқымласына киретуғын бийиклиги 8-15 м ге тең жемис ағашы. Фиолет қалқанлары алма, алмурт ерикте жасайды (А.Далжанов). 2. Алмурт ағашының дөнгелек конус тәризли, сопағырақ, мазалы жемиси.

АЛОГИЗМ әдеб. (грек а-бийқарлаў қосымтасы+logos-пикир) Қандай да бир мақсетте көркем шығармада дөретиўши тәрепинен сөйлеўдеги логикалық байланысты бузып қолланыўдан ибарат стилистикалық усыл. Әдетте, көркем шығармада алогизм комиклик жаратыў яки басқа оттенкаларды сүўретлеў мақсетинде қолланылады. Халық аўызеки дөретпелеринде алогизм жумбақ жанрында көп ушырайды.

АЛОЭ (грек. aloe) 1. Гернайлы ямаса қызғалдақ тәризли туқымласларына тийисли, көп суўлы ҳәм жапырағы қалың тропикалық ҳәм субтропикалық өсимлик. 2. мед. Усы өсимлик жапырағы ширесинен таярланатуғын дәри.

АЛП ат. 1. Әййемги түркий халықларда еки ләшкерлер ортасында урыс басланбасынан алдын жекпе-жек алысыўда қатнасыўшы жаўынгер. 2. Фольк. Қарақалпақ халық дәстанларында ғайры-тәбийғый күш-қуўаты, мәртлиги, дәўжүреклиги т.б. менен ажыралып туратуғын қаҳарман. 3. Дәў, күшли, қүдирет, таң қаларлық. Алп анадан туўады, Ат бийеден туўады (ққ.х.н.).

АЛПАҚ-САЛПАҚ кел. Әйтеўир, қалай болса солай, жаман-жақсы, парықсыз. Мен де майға түскен тышқандай алпақ-салпақ болып жаптан шықтым (Ж. Аймурзаев).

АЛПАЎЫТ ат. 1. Үлкен, зор, ири денели. 2. Қолында бийлиги бар, бай, атақлы. 3. тар. Ири жер ийеси, феодал. Сол сиясат пенен пулдың бәри байлардың қолына, жердиң бәри алпаўытлардың қолына көшти. (С.Мәжитов).

АЛПЫС с. 1. Алпыс бирликтен туратуғын сан, 60 цифры менен санының атамасы. 2. Адамның алпыс жасы. Жасы алпысқа келсе де, күш-ғайраты қайтпаған, онша сөзге қумар емес, жүзи күлимлеп туратуғын, ири денели, қыр мурын киси еди (газетадан). Жасы алпыс үшке шыққан мамалар, Бахытым қара дейди шалдан айырылса (Әжинияз). 3. Ақша бирлиги, алты онлық. Алламурат алпыс теңге, Елмурат елиў теңге (А.Дабылов).

АЛПЫСЛЫҚ Алпысқа тән, тийисли. Алпыслық бөлшек мат. Онлық бөлшеклерден өзгеше бөлшек санлар.

АЛПЫС ТУЎАР ат. Қызлардың ата-анасына төленетуғын қалың малдың белгили муғдары, шамасы, мөлшери. Сөз арғы алпыс туўар бериўге шекем барды (Қ.Аралбаев).

АЛПЫСЫНШЫ Санлық сан, алпыс санының (санақ) қатарлық саны.

АЛ-САЛ р. Әжептәўир, бир түрли, еси кирели-шығалы, еси кеткен, аны ушқан. Урып турған сүйменин қойып, Сапардың да ал-салы шығып әкеси бетке жуўырыў менен болды (М.Әбдиреймов).

АЛТАИСТ ат. линг. Алтай тиллерин изертлеўши.

АЛТАИСТИКА ат. лингв. Алтай тил билими.

АЛТАҚЛАЎ ф. Көтерилиў, менменсиниў, мардыйыў. Алтақлама, талтақлама, Биреў урды деп жылама, Аш боламан деп ойлама, Жигерли бол жастан балам (Бердақ).

АЛТАҚТА ат. Арбаның алды бетинде арбакеш ҳәм басқа да бирли-ярым адамлар отырыў ушын арналған орын. Оның алтақтасына қызыл гилем, көкирегине қурақ көрпешелер төселиўде (Т.Қайыпбергенов).

АЛТАЎ с. Санлықтың жыйнақлаў түри, саны алтаў. Алтаў ала болса аўыздағыны алдырар, Төртеў түўел болsa төбедегини түсирер (ққ.х.н.).

АЛТЫ с. Санақ сан, саны алтаў, есабы алтаў. Алты қанат ақ отаўдың он жағында халықтың ғарғысы атып жыққан айыўдай теңкейип Шыйықназар сулап жатыр (Н.Бөрекешов). Алты ортақ — шериклик, шығын, өгиз, жер т. б. менен алты адам бирлесип пайдаланыў. Тили алты қарыс — урысқақ, сөз бермейтуғын, бийҳая. Алты қарыс — миллет етиў, менменсиниў, талтанлаў. Алты ай жаз, алты ай қыс ески.этн. — Жыл санаўы бойынша сәўир, жаўза, саратан, ҳәсет, сүмбиле, мийзан сыяклы жыл айлары менен Плеяда (дәўирлес)ның Шығыстан көринип, Батысқа батқанға дейинги ақырап, қаўыс, жедди, дәлиў, ҳут, ҳамал сыяклы суўық айлары; жыл бойы. Алты айлық жол — алыс, узақ. Алты аўыз ала болыў — бириниң сөзине бири көнбей, тыңламаў, аўызбиршилик болмаў, келиспеў, бирикпеў. Алты арыс — алты атадан тараған урпақ. Алты батпан — аўыр. Алты қанат үй — алты бөлек керегеден ибарат кийиз үй. Алты қулаш — узын. Алты қырлы — түрли-түрли. Алты мүше — еки көз, еки аяк, еки қол.

АЛТЫ АТАР ат. Алты оқ жайғасатуғын наган, қурал түри, мылтық. Бәри де қайыс белбеў буўған, белинде алты атар. (Н.Дәўқараев).

АЛТЫН ат. хим. 1. Жүдә қунлы, баҳалы, жумсақ сары түсли металл. Арпа, бийдай ас екен, алтын, гүмис тас екен. (ққ.х.н.). Алтын жерден шығады, батыр елден шығады (ққ.х.н.). Туўған жердиң топырағы өзге дым, Буйыртса сүртемен көзлериме шын, Бир тасын бермеймен алтын-зерге мың, Бир қызың сағынды Қарақалпағын (Г.Қурбанбаева). 2. Алтыннан жасалған ақша, алтын теңге. Жасап атырсаң, ғамсыз бендедей, Еки жағы бирдей алтын теңгедей (У.Бижанова). Алтын көрип жолдан шықты, болымсыз бир бенделери, Ерназарды атты өзи, Ханаласы, қарар көзи. (Г.Нурлепесова). 3. сөйл.т. Усы металлдан исленген зергерлик буйымлардың жалпы аталыўы. Алтын отта билинеди, Ер мийнетте билинеди (ққ.х.н.). 4. Адам аты, исми. ♦ Ақ алтын — пахта туўралы көркемлеп айтылыўы. Мийнеттиң табында пискен халқым бар, Зая етпес ақ алтынның бир талын. (М.Жибек). Алтын балық — қыялый ертеклерде ушырасатуғын, тилегиңди орынлайтуғын балық. Менде кәпестеги «алтын балықпан», Көзлери төрт болып күтип жалыққан (Г.Дәўлетова). Алтын бас — ҳүрметли, сыйлы, қәдирли. Өсер ата қутлы болсын елиў жасың, Ҳәмийше жумаласын өрге тасың, Ул-қызыңнан ақлық сүйип, дениң саў аман болсын алтын басың (Ақшолпан Аманияз). Алтын бесик — туўылып өскен орталық, киндик кесилген жер. Хош анам, бөлеген алтын бесикке, Тал шыбығын тербетилип өсип пе?!, Кетип баратырман өзге есикке, Самай шашларыңды сыламайынба?!. (Г.Дәўлетова). Алтын босаға — туўылған, өсип жетискен үйи, жери, отбасы. Алтын әсир — раўажланған, гүллеген дәўир. Алтын дәўир — 1. Адамның басынан кеширген балалық, жаслық дәўирлери. Эҳҳ балалық дәўирлердиң алтыны, Уялаттың сезим гөдек еткендей. (Ж.Хожалепесов). Алтын жалатқан — ишки тәрепи басқа металлар, сыртын жуқа алтын қабаты менен қаплаў. Алтын қабақ — түркий халықларына тийисли мергенлик пенен ержүрекликти сынайтуғын, ақша тигилип өткерилетуғын халық ойыны. Алтын жулдыз — Кеңес ҳүкимети пайытында урыста мәртлик көрсеткен ҳәм Ўатанға көрсеткен мийнетлерин инабатқа алып ҳүкимет тәрепинен берилетуғын ең жоқары орден. Алтын кән — а) алтын қазып алынатуғын орын; б) таўсылмас байлық, руўхый байлық. Алтын гүз — гүз паслын көркемлеп сүўретлеў. Босатып орынды сен «қыс»қа, Болдыма өмириң дым қысқа? Абыржы кеўлимниң намасын, Алып кет! Алтын гүз — мә усла! (Ақшолpan Аманияз). Алтын ғәзийне — баҳалы, аса қунлы материал, руўхый азық. Халықтың алтын ғәзийнесин қолға алып, Ғарры жыраў қыя шөлде толғанып, Алып шығып әсирлердиң шыңынан, Жаңа әўладқа мийрас етти қуўанып. (И.Юсупов). Алтын қор — а) Қуйылған ямаса монета түриндеги баҳалы металлардың мәмлекетлик қоры; б) танламалы, өзгеше, табылмайтуғын материал. Алтын медаль — а) орта мектепти айрықша баҳаларға питкерген оқыўшыларға мәмлекет тәрепинен берилетуғын медаль; б) сиңдирген мийнети ушын берилетуғын рәсмий марапат; г) спорт жарысларында озып шыққан спортшыларға бериледи; Қарақалпақстанлы Зайнаб Дайыбекова ҳәм Гүлистан Пердебаева Жәҳән кубогының командалық жарысында алтын медальды қолға киргизди. (газетадан). д) Өндирис, көркем өнерде өткерилетуғын жарыслардың жеңимпазларына бериледи. Алтын менен тең — алтынға барабар, бирдей, қымбат. Алтыннан қунлы — аса баҳалы, дым қымбат. Алтын сандық — таўсылмас даналық, шешенлик, шежире. Алтын Орда — монғолллардың 1240-жылларыдан баслап 1502-жылларға дейинги Монғол империясын дүзип, басқарыў дәўири. Соң оның ата-анасы Алтын Орданың пайтахты Сарай қаласына көшип кеткен (шежире). Алтын таж — патшалық белгисин билдиретуғын, патшалар кийетуғын алтыннан жасалған таж. Алтын таж кийиў — 1. басына бахыт қоныў, дәўлети жүриў. 2. көркемлеў. Ана тилим сен өзиме жақынсаң, Басыма кийген алтын тажымсаң, Қәстерлеймен ғайбар бабам ўәсиятын, Мейли жыллар, мыңлап әсирлер ассын (С.Шаддинова). Алтын той — елиў жас биргеликте жасаған ерли-зайыплылардың мереке белгилеў тойы. Алтын ўақыт — жеке, қунлы ўақыт. Денеңизде күш, өзиңизде имканият барда алтын ўақытты пайдалы мақсетке жумсап қалыўға, баҳалы өмириңизди саўаплы ислерге сарплаўға ҳәрекет етиң (газетадан). Ат басындай алтын фольк. — а) куймасы әўеле жылқы басының түринде қуйылған, туяк көлеминен үлкенлеў алтын; б) таңлаўлы, өзгеше. Қара алтын — көмир. Қуйма алтын — белгили бир қәлипке келтирилип қуйылған, басқа металлардан ажыратылған сап алтын. Қулағыңа алтын сырға — ескертиў белгиси яғный муқыятлаў, жақсылап еслеп қалыў; Сары алтын — 1. салы егинин көркемлеп сүўретлеў. 2. аўыс. Пайдалы. Сабыр түби сары алтын (ққ.х.н.).

АЛТЫН-ВАЛЮТА ат. экон. Мәмлекетлик банк қаржы органларында сақланатуғын алтын ҳәм шет еллик валюта қоры.

АЛТЫНДАЙ 1. алтын сыяқлы, тәризли. 2. Баҳалы, қымбат, қәдирли.

АЛТЫНШЫ I 1. Көбинесе алтыннан зергерлик буйымларын жасайтуғын уста, зергер. 2. Алтын менен шуғылланатуғын, сататуғын сатыўшы.

АЛТЫНШЫ II алты санының қатарлық санлық түри.

АЛЎАН қ. әлүан.

АЛЎАН-АЛЎАН қ. әлүан-әлүан. Түрли-түрли, ҳәр қыйлы.

АЛҲАББИЗ қ. әлҳаббиз.

АЛҲАЗАР (араб-ҳазар қыл, ықтыят, қырағы, сезгир бол, сақлан) 1. Кудай сақласын. 2. Я тоба.

АЛҲАМДУЛИЛЛО(Ҳ) (араб-Қудайға шүкир) Аллаға шүкир, Кудайға шүкир.

АЛИША ат. бот. 1. Рәўшан гүллилер туқымласына киретуғын жемис ағашы, терек. 2. Усы жемис ағашының сары ямаса қызғыш түсли дәми қышқыл лаў болып келетуғын мийўеси.

АЛШАЙЫЎ ф. 1. Аяк арасын жақынластырмай, жуўықластырмай, алшақ услаў, талтайыў, аяқтың арасын кериў, кеңейтиў, тарбыйтыў. 2. сөйл.т. Еркин, қысынбай услап тутыў.

АЛШАҚ р. 1. Қайшы, дурыс емес, надурыс, натууры. Гүл мәўсими өтер, бәҳәри-жазы, Биймезгил урмағай қазан аязы, Ашық Аяз сен деп питкен баязың, Бийдәрт жанлар, алшақ диллер аңламас. (И.Юсупов) 2. Алыс, еки басқа, еки тәреп. Бизлердиң жолымыз бир-биримизден алшақ түсти («Жеткиншек» г.). 3. Арасы алшайған, қашық, талтайған. Тәғдир жоллар алшақ түсип айрылып, Кетсең де...қарамай изге қайрылып. (Ақшолпан Аманияз). 4. Бөлек, дара. Алшақ басыў — аяғын талтайтып жүриў.

АЛШАҢЛАЎ ф. Талтақлаў, еки аяқтың арасын әдеттен тыс ашық адымлаў, талтаңлаў, қостаңлаў, мақтаныў. Бендеден ийбенбестен басын тик услап, айыбы жоқ адамдай алшаңлап келе берди (К.Смамутов).

АЛШЫ р. 1. Асықтың бахтыбай таслағанда оңына түсиўи, оның кериси тәййе болады. Екеўи соларға қалдырылды, балалар жатырқап бир қарасты да, алшы-тәййе деп шаўқымласып, ойынның қызығына түсип кетти (К.Султанов). 2. Истиң оңына басыўы, талаптың келисиўи. Көл кәсиби болсын, қыр кәсиби болсын ақ отаўдың асығы алшы келе береди (К.Султанов). Асығы алшы болыў — оңына басыў, әўмети келиў, иси сәтли болыў, ойлағаны әмелге асыў.

АЛШЫЛАЎ ф. 1. Асықтың алшы турыўы, жерге таслағанда гедир-будырлы жағының жоқары қараўы. Асығы алшылап жеңди. 2. Жумыстың оңға басыўы, истиң оңғарылыўы. Оның бәрха асығы алшы.

АЛЫҚ 1. Жаўласқан еки тәрептиң жеңген жеңилгенинен алынатуғын мал-мүлк, пул. 2. кел. Билимдан, ақыллы.

АЛЫМ ат. (арабша билимли, илимли, дана, мағлыўматлы) 1. Илимниң қандай да бир тараўы бойынша арнаўлы билимге ийе болған инсан. Жас алым. Өзи алым заң-законға саз болды, Хат жазып, хат оқып, билимпаз болды. (А. Муўсаев). Билмегенин сорап үйренген алым, Арланып сорамаған өзине залым (Наўайы). Өзиниң илимине әмел етпеген тақыўасыз алым-қолына жалын ўслаған соқыр киби (Саъдий Шеразий). 2. Улыўма билимли, ақыллы инсан. Алым болсаң, әлем сеники (ққ.х.н.). 3. Ер адамлар исми.

АЛЫМСАҚ 1. Тиленши, алғыш, есабын таўып ала беретуғын, алыўды жақсы көретуғын адам, алымпаз. 2. (араб — келисим, ўәде, шәртнама). А) Әлимсақтан қалған. Жүдә ерте дәўирлерден бери, әййемги заманнан бери, жүдә ески. Б) аўысп. Сыйқасы шыққан, кеўилге тийген. Әлимсақтан қалған гәп. 3. Парахор. Әперемен дейсең тилла тағыншақ, Мойныңа жарасар маржан мойыншақ, Сени әлпешлеймен жумысқа жибермей, Мейли өзим болсамдағы алымсақ (У.Бижанова).

АЛЫНЫЎ ф. 1. Жыйналыў, терилиў. 2. Қабыллаў, қабыл етилиў. Мәрдикарға адам алынады дегеннен-ақ ақсақал дизимниң басына Ҳүрзияның ағасы Айтбайды жаздырыпты (М.Дәрибаев). Алынған хабарларға қарағанда сол штабта оғада көп жасырын керекли документлер бар қусайды (Қ.Досанов). 3. Хизмет орнынан босатылыў. 4. Өзине қаратылыў, бағындырылыў. 5. Турған жеринен, орнынан қозғатылыўы, әкетилиўи, жылжытыўы. 6. Берилген, көрсетилгенинен көширилиўи, қайталаныўы. 7. Өсип кеткен шаш, сақал-мурт, тырнақ т.б. затлардың артығының кесип, қырқылып тасланыўы.

АЛЫП қ. Ал ф. Алыпқашпа сөз — рас-өтириги белгисиз, дәлийли жоқ, өсек, ғайўат. Жүреги алып-үшыў — қатты толғанысқа ушыраў, қуўаныў. Алып-үшыў — сабырсызлық етиў, асығыў.

АЛЫПСАТАР ат. экон. Таяр өнимди сатып алып, үстеме баҳа қойып, қымбат сататуғын адам, саўдагер.

АЛЫПСАТАРЛЫҚ ат. Арзанды қымбатқа сатып, кәсип етиўшилик.

АЛЫС I р. 1. Узақ, қашық, шалғай, қыя. Аўыл алыс жер шалғай, Жеталмадым жаяўлап (Қ.Айымбетов). Қара даўыл ҳәлсиз даўысты алысларға урлап алып кетти (К.Досанов). 2. Туўысқанлығы жоқ, атасы бөлек. Алысқа бара алмаў — ойлаған нийетин әмелге асыра алмаў, қолынан ҳеш нәрсе келмеў. Алысқа кетпеў — еле жақын жерде, әңгимени көбейтпеў. Алысқа көз жибериў — өткенди еслеў, ой жуўыртыў. Алыстан болжаў — алдын ала ойлаў, тереңнен ойлаў.

АЛЫС II ф. Бирге алыў, ўсласыў, көтерисиў. Аяк алысы — а) жүриси, кәдем басыўы, адым атыўы. б) аўысп. Беталысы, бағыты, барысы. Сөзлериңе мақул қулақ түрейин, Аяк алысын бир сынап көрейин. (Ақшолпан Аманияз).

АЛЫС-БЕРИС ат. Берис-алыс, қарым-қатнас. Алыс-берис жоқ сыйласық, Туўысқаның жатқа мегзер (Әжинияз). Нур жайнаған шөменниң ишинде, алыс-берис етип келискен елмиз. Жүз жыллап саналған дослық күшинде, Барыс-келис етип енискен елмиз (Б.Қайыпназаров).

АЛЫС-ЖАҚЫН 1. Алыс пенен жақын, бәри, түўел. 2. Туўысқан менен бөтен, жег-жат, өзиң менен өзге. Үйдиң жыллы-суўығын қыс түскенде билерсең, кимниң алыс-жақынын ис түскенде билерсең (нақыл).

АЛЫССЫНЫЎ ф. Алыс санаў, жырак көриў.

АЛЫСТА Жыракта, қашықта.

АЛЫСЛАТЫЎ ф. 1. Узақлатыў, қашықлатыў, көзден тасалаў, шетлетиў. 2. Туўысқанлықтан айырыў, жеккелетиў.

АЛЫСЛАЎ ф. 1. Узақлаў, қашықлаў. Бирақ адамның қарасы бир орында турсын ба, кем-кем оннан алыслай берди (Қ. Досанов). Қалай да көлден бир мезгиллик жол алысладым-аў деп шамалады (Ш. Сейтов). 2. Суўысыў, шетлеў, кеўли қалыў. 3. Ўақты өтип кетиў, умытылыў. 4. Бөтенсиниў, бөлеклениў.

АЛЫСЛЫҚ ат. Узақлық, қашықлық, бир шет, бурыўлық. Қалалар мыңлаған километр алыслықта турады (газетадан).

АЛЫСПАҚ ат. Гүрес, ат үсти гүресиў, беллесиў, ойын атамасы. Алыспақ керек пе? Шабыспақ керек пе? Таңла! Шәртим сол, — деп тиренип турды (газетадан).

АЛЫСТЫРЫЎ ф. 1. Жандырыў, тутандырыў, отты жағыў. 2. Сезимин оятыў, қозғаў. Мына сөз Әжинияздың Мақтымқулыға тутанып киятырған муҳаббатын алыстырып жиберди. (К. Султанов).

АЛЫСЫҚ ат. Алыс-берис, қарым-қатнас.

АЛЫСЫРАҚ р. Узағырақ, жырақ, әдеўир жер, бир қыйлы бар, қашықлаў, жақын емес, былайырақ. Қәўесет басылып кеткенше алысырақта боламыз (Қ. Аралбаев).

АЛЫСЫЎ ф. 1. Бирге алыў, ўсласыў, көтерисиў. 2. Беллесиў, гүресиў, тутысыў, айқасыў. Өйткени бул баслықлардың командасы астында жаў менен алысқанда көп кәрамат ислерди көрсетиў жаўға ўайқан салғанда есине түседи (Қ. Айымбетов). 3. Жаныў, өртениў, тутаныў. Ушқыннан от дөреп, алысып лаўласа, Ол зыян емес пе, Зат күйип қалмаса (Х. Турымбетов). 4. Бөлисиў, ҳәрким өзине тийисли пайына ийе болыў. — Ҳе, алыса алмай атырған дүнья жоқ (К. Султанов). 5. Айтысыў, даўласыў, шертисиў, ўәжлесиў. 6. Алмаслаў, алыс-берис қылыў. Қол алысыў — сәлемлесиў, аманласыў, хошласқанда, ўәделескенде еки адамның қол берисиўи. Пикир алысыў — ойларын ортаға салыў, ойласыў, ақылласыў, кеңесиў. Сүйек алысыў — қыз алысып, қыз берисиў, қудамталы болыў. Сыр алысыў — сырласыў, пикирлесиў. Әжел менен алысыў — өлимге қарсы гүресиў, тири қалыўға ҳәрекет етиў.

АЛЫЎ I ф. 1. Ийелеў, меңгериў, ийкемлеў. 2. Бойсындырыў, бийлеў. 3. Өзине тартыў, өзине бекитиў, меншиклеў. Жағадан тазалап документ алып, Баслаўыш мектепке берди балларын (А.Дабылов). 4. Өшлиге өшин, кеклиге кегин жибермеў, жыйнаў, жәмлеў. Оннан да зиядасы бай менен куда болып бакталасып, жүрген ала көзлерден кегин алыў.... (К.Султанов). Ала алыў — алыў, алыўға қүдирети келиў, алыўға мүмкиншилиги болыў. Балалар ўақты-ўақты басларын көтерип бой жазып та ала алмай отыр, тек сабакларын окыганы болмаса ғайырласады (Ә.Шамуратов). Алып болар — қалдырмастан алыў. Кәткудасы алып болар, Ендигиңе бек бол мүйтен (Бердак). Алып бериў — затты алып ҳәм бериў, услатыў. Алып берген колына, Езилген ердиң өз еркин (А.Дабылов). 5. Пайда түсириў, кирис киргизиў. Мен болыс болып алайын, алыўдың көкесин сонда көрсетемен (газетадан). Билим алыў — қандай да бир билим бериў орайларында маманлыққа яки жалпы билимге ийе болыў.

АЛЫЎ II ат. мат. 1. Арифметикада санды азайтыў әмели. 2. Алыў әмелин белгилейтуғын таңба.

АЛЫЎШЫ ат. Затты, нәрсени алатуғын адам, алажак киси, аларман. Сайлап кызды алыўшылар, Жөнсиз зорлык кылыўшылар, Бул атаўға келген екен (Бердак).

АЛЬБА Орта әсирлер Батыс Европа әдебиятында «таң косығы» деп аталатуғын жанр Альбада ашық рыцардың гөззал ашығы менен жасырын ушырасыўлары тәрийипленеди.

АЛЬБАТРОС (франц albatros) теңиз кусларының бири, тумсығы узын, қанатлары жинишке ҳәм кең, ушар ири теңиз кусы.

АЛЬБИНОС ат. биол. Жаратылысынан пигменттиң (меланин) жетиспеўшилигинен териниң, жүнниң, шаштың аппак болыўы, ағзаның өзине тән түсиниң болмаўына байланыслы ҳалат.

АЛЬБОМ (фр album...лат. albus-ақ, ашық) 1. Сүўрет салынатуғын, косык, күнделик т.б. лар жазылатуғын, дәптер ҳалында түпленген калың бетлер жыйынтығы; фотосүўретлер сақланатуғын яки түрли марка т.б сол сыяклы жабыстырылатуғын қалың қабатлы дәптер; кандай да бир темаға байланыслы сүўретлер, сызылмалар т.б. түсиндирме менен тәмийинленген баспа топлам. Сүўрет, косык жыйнаў ушын арнаўлы түпленген үлкен дәптерше ямаса китапша. 2. Китап түринде қысқа түсиндирмелер менен берилген сүўретлердиң, репродукциялардың, сызылмалардың т.б. жыйынтығы. 3. Қосықшының, музыканттың, ансамбльдиң лентада, дискиде жазылған қосықлар, намалар топламы.

АЛЬБОМЛЫҚ Альбомға тийисли. Альбомлық лирика — орта әсирлердеги француз поэзиясының лирикалық жанры.

АЛЬБУМИН (лат. albumen) ат.хим. Өсимлик ҳәм жаныўарлар тоқымасында, қанда, мәйекте, қантта, сүтте, өсимлик дәниниң курамында гезлесетуғын, суўда ерийтуғын әпиўайы ақыўыз жыйынтығы.

АЛЬВЕОЛА (лат alveolus) ат. анат. 1. Өкпе бронхаларының тармақланған ушындағы ҳаўа алмасыў хизметин атқаратуғын кишкене қалташалар. 2. Жақ сүйеклериниң тис орналасатуғын уясы. 3. Бездиң шетиндеги қабақшаларының қуўыслары.

АЛЬДЕГИДЛЕР (лат. al coholderyd (rogenatum)) ат. хим. Курамында көмир радикалы менен байланысқан альдегид бар органикалық қосымталар.

АЛЬМАНАХ (араб сөзи, ўақыт, шама) ҳәр түрли мазмундағы түрли жанрлардан туратуғын көркем шығармалардың жыйнағы. Бурын арабларда ўақты-ўақты шығарылатуғын әдебий топламларды альманах деп атаған. Олар белгили бир ўақытта, белгили бир өлшемде шыққан, соның ала «альманах» әдебий шығармалар жыйынтығы деп түсипилетуғын болған. Ҳәзирги пайытта да усы түсиник үстемлик етеди. Көркем-әдебиятлық, тарийхый ҳәм публицистикалық шығармалардың жыйнағы.

АЛЬПЕНШТОК альпинистлер таўға шыққанда пайдаланатуғын ушлы темир таяк.

АЛЬПЕНИАДА Альпинизм жарысы.

АЛЬПИНИЗМ бийик таўларға, таў шоққыларына, тик кыялықларға, муз таўларына шығыў менен байланыслы спорт түри.

АЛЬПИНИСТ альпинизм менен шуғылланыўшы, бийик таўларға шығыўшы, көтерилиўши адам.

АЛЬТ (итал alto... лат. altus — жоқары, бәлент) муз. 1. Улыўма хорда қосық атқарыўшы ҳаял-қызлар ямаса балалардың жинишке даўысы (тенордан бәлентирек еситиледи). 2. Усындай даўыс пенен қосық айтыўшы қосықшы. 3. Төмен регистрде гиржек (смычок) пенен шалатуғын, скрипкадан қаттырақ, тарлы музыка әсбабы.

АЛЬТЕРНАТИВ Мүмкин болған еки ямаса бир нешше имканияттан биреўин таңлаўға тийкарланған; альтернатив хизмет.

АЛЬТЕРНАТИВА (фр. alternative...лат. alter-екеўинен бири) 1. Бир-бирин бийқарлаўшы имканиятлардан биреўин таңлаў. 2. Усы имканиятлардың ҳәр бири.

АЛЬТИМЕТР (лат. altum-бәлентлик+грек. metron. өлшем, өлшеў) Ушыўшы аппаратлардың жерден бәлентлигин өлшейтуғын әсбап; бийикликти, бәлентликти өлшейтуғын әсбап.

АЛЬФАВИТ (грек. alfabetos-грек әлипбесиниң дәслепки еки ҳәриби (альфа+бета) атамасынан). 1. лингв. Әлипбе. 2. инф. Программаластырыў тилинде қолланылатуғын шәртли белгилердиң жыйынтығы.

АЛЬФАВИТЛИ АКРОСТИХ яғный әлипбе қосық, әлипбе тәртибиндеги акростих. Бәйитлердиң бас ҳәриплери әлипбе тәртипте келген қосық.

АЛЬФАВИТЛИК кел. Алфавитке тийисли, тән.

АЛЬФАВИТСИЗ кел. 1. Алфавити жоқ. 2. Алфавит тәртиби сақланбаған, тәртипке түспеген.

АЛЬФА (грек alfa) грек әлипбесиниң биринши ҳәриби ҳәм сол ҳәриптиң атамасы.

АЛЬФА-БӨЛШЕК Гейпара радиоактив затлардың бөлеклерге ажыралыўынан пайда болатуғын, оң зарядланған киши бөлшек ағымы.

АЛЬФА-ТЕРАПИЯ Альфа-бөлшеклер тәсиринде емлеў; нур менен емлеўдиң бир түри.

АЛЬЯНС (фр. alliance — бирлеспе) аўқам, бирлеспе (әдетте мәмлекет, шөлкемлер аўқамы).

АЛХИМИЯ ат. хим. Тәбиятта жоқ, қыялый тас арқалы әпиўайы металлды қунлы металлға айландырыўды күсеген орта әсирдеги изертлеў.

АЛЮМИНИЙ (лат. alumen, aluminis — ашыўдас) Менделеев периодлық системасының III группасына тийисли жеңил, гүмис рең-ақ химиялық элементи.

АМАЗОНКА 1. Салт атлы ҳаял. 2. Атка салт мингенде кийетуғын ҳаялдың узын көйлеги. Қәўипли жарқабақта жалғыз алысқан, Амазонка яңлы табан тиресип, Жаңа өмир ушын айырылып хуўыштан, Қаҳарман аналар жатар гүресип (И.Юсупов).

АМАЛПАРАЗЛЫҚ әмелпаразлық.

АМАЛЬГАМА (лат. amalgama ... араб-еритпе) сынаптың қандай да бир металл менен еритиндиси ямаса металллардың сынаптағы еритпеси.

АМАН ат. дин. 1. Қәўипсизликке кепиллик. 2. Саўлық, саламатлық, аман-есен. Оған тоқтаўсыз илаж қолланып, оның өмирин аман сақлап қалыў керек (А.Бекимбетов). 3. Түўел, пүтин, шығынсыз. 4. Куры, бос, қатнасы жоқ. Бас аман — баўыры пүтин, жан-жағы, айланасы, әтирапы, малы түўел. Жаны аман қалыў — тири қалыў. Аман бол! — тилек. Жолға шығып баратырған адам менен хошласыў. Мал-жан, бала-шаға аман ба? — корискенде, ушырасқанда ҳал-аўҳал сорасыў. Тил-көзден аман болсын — тилек. Биреўдиң көзи тиймесин деген мәниде.

АМАНАТ ат. 1. Саклаў ушын ямаса биреўге саўға ретинде берилетуғын зат, нәрсе. Жәҳиллерден хешўақ алма аманат, Көтерерсең ақырында жаманат (Бердақ). Бир нәрсени ўақытша пайдаланыўға бериў, ўақытша тапсырып қойылған зат, биреўдиң екинши биреўге өтиниши, биротала емес ўақытша берип қойылатуғын нәрсе. Аманат аман сақлар (ққ.х.е.). 2. Орынлаўға тапсырылған миннет, ўәсият. Некемди қыйса да казы ҳәм молла, Берген аманатын алса да алла (Омар). Аллаға аманат — аман-саў жүриўин бир Аллаға тапсырдым мәнисинде. Аманат дүнья — Аманат дүньяға бес күнлик «мийман», Болсын тилде зикир, қәлбинде ийман, Жаманлық атаўлын шығарып мийден, дүнья дүзеледи, дүзелсе адам (Ақшолпан Аманияз). Аманатын тапсырыў — о дүньяға раўана болыў, қаза болыў. Күтпегенде аманат жан тапсырып, кете бердиң тилеп бизге жақсылық (Ақшолпан Аманияз).

АМАНАТ КАССАСЫ ат. Ўақытша ақша сақлап беретуғын мәкеме, ақша салатуғын касса. Аманат сақлаў кассасы. Ақшасының көбисин жасырып аманат кассасына салды («Әмиўдәрья» ж.).

АМАНГЕР қ. әменгер.

АМАНЛАСЫЎ ф. 1. Сәлемлесиў, аман-түўел сорасыў. Бир шопанға жолықтық, Аманластық көристик, Азғана емес бираз ўақ, Отырып бирге сөйлестик (Жийен жыраў). 2. Алысқа атланарда, сапарға кетерде хошласыў.

АМАНЛЫҚ ат. 1. Саўлық, дениниң саўлығы. 2. Пүтинлик, түўеллик. Аманлық сораў — сәлемлесип, сорасыў. Аманлық тилеў — тилек. Аманлығын билиў — ҳал-жағдайын сорастырыў, билиў.

АМАН-ЕСЕН р. Саў-саламат, тири.

АМАНШЫЛЫҚ ат. аманлық, саўлық, аман-есенлик.

АМБРАЗУРА (фр. embrasure — ақым(окоп)) 1. Түрли әскерий қорғанларда топ, пулемёт ҳ.т.б усындай нәрселердиң аўзын шығарып қойып оқ үзиў, оқ атыў ушын қойылған саңлақ, тесик, ақым. 2. Әйнек, қапы ушын исленген тесик.

АМБУЛАТОРИЯ (лат. ambulatorius-жүрип орынланатуғын, көшпели) Қатнап емлениўшилерге ҳәм үйинде жатырған кеселлерге медициналық жәрдем көрсететуғын киши емлеў — профилактика мәкемеси.

АМЕБЕЙ КОМПОЗИЦИЯСЫ (грек. amidaios — өз ара) көркем шығарманың параллелизмге, қандай да бир тийкарғы бөлеклери яки образлардың тәкирарланыўына тийкарланған қурылысы.

АМЕТРОПИЯ (грек. ametro-өлшеўсиз; сәйкес емес+opsis-көриў) Көздиң жақтылық нурының натууры өзлестирилиўи нәтийжесинде гүңгиртлесиўи (нурсызланыўы) Бунда көз узақтан яки жақыннан көре алмайды.


АМЕТИСТ (грек. ametbystos) ат. мин. Кварцтың күл реңли, көкшил күл рең, мөлдир түри, қымбат минерал тас.

АМЁБАЛАР ат. биол. (грек. amoibe — өзгериў) Әпиўайы бир клеткалы турақлы дене формасына ийе болмаған омыртқасыз ҳайўанлар отряды.

АМЕЛДАР қ. ҳәмелдар, лаўазымлы адам.

АМИРҚАНЫ кел. Пахтаның сорты, Америкадан әкелинген түри. Қол ғайашаның орнына, амирқаны пахта егилди (Қ.Айымбетов).

АМИН (араб) сөйл.т. Әўмийин.

АММИАК (грек. hammoniakon — Ливия шөлистанлығында әййемги Аммоний оазисинде нашатырь (нысатыр) усылай аталған). Азоттың водород пенен пайда болған ең әпиўайы бирикпеси; өткир ийисли реңсиз зәҳәрли газ. Суйық аммиак.

АММИАКЛЫ Қурамында аммиак болған. Аммиаклы бирикпелер.

АММОНИЙ (грек. hammoniakon) хим. Азот ҳәм водородтан ибарат атомлар группасы (техника ҳәм аўыл хожалығында кең қолланылатуғын бир қатар дузлар қурамына киреди).

АММОФОС (амм(иак)+фос(фор)) Қурамында азот ҳәм фосфор болған концентратланған қос минерал төгин.

АМНИСТИЯ (грек. amnestia — умытыў, кешириў) Жоқары ҳәкимият қарары менен белгили бир тайпадағы судланған шахслардың жазасын жеңиллестириў яки болмаса оларды жазадан азат етиў.

АМОРТИЗАТОР (фр. amortir — ҳәлсизлендириў, жумсартыў) урылыў, секириў, соғыў күшин, силкиниўди жумсартатуғын, пәсеңлететуғын, кемейтетуғын әсбап, қурылма (автомашина, аппаратлар, имаратлар, самолёт т.б).

АМОРТИЗАЦИЯ (лат. amortisatio — қаплаў) 1. экон. Мийнет қуралларының (машина, үскене, имарат т.б) тозыўына, гөнериўине қарап, олардың баҳасын белгили бир дәўир даўамында ислеп шығарылып атырған өним үстине қойып, сол жол менен гөнерген затлар баҳасын қаплаў. 2. Шахс яки шөлкемниң узак мүддетли қарызын сатып алып үзиўи. 3. Жоғалтыў, урлатыў ҳәм т.б ақыбетинде қарыз миннетлемесин ҳақыйқый емес деп тән алыў. 4. Автомашина, самолёт, имарат ҳәм т. басқа нәрселердиң урылыў, силкиниў күшин пәсеңлетиў. 5. Спорт. Спорттың ҳәр бир түрине байланыслы ҳәрекет.

АМОРФ (грек. amorphos — пишинсиз (формасыз)) 1. Дүзилиси кристалл формада болмаған, кристалланбаған. Аморф углерод. 2. Формасыз, пишинсиз, шөлкемлеспеген, бирикпеген. Аморф ҳалат. Аморф тиллер (түбир тиллер) бул типке киретуғын тиллерди ажыратыўшы, онда сөзлер арасындағы байланыс, грамматикалық мәни флексияға ямаса аффикслик тийкарға қурылған емес, аффикслери жоқ сөзлер гәп ишинде орын алмасыўы арқалы грамматикалық мәни береди ҳәм гәп мәниси өзгереди. Демек сөзлердиң грамматикалық байланысын гәпте сөзлердиң орын алмасыўын тәмийинлейди. Бул тиллерде сөз формасы түбирге тең, сонылықтан олар түбир тиллер сыпатында көринеди, онда сөзде, гәпте, пәт ҳәм интонацияның роли күшли. Бундай тиллерге қытай, тайланд, бирма, тибет тиллери киреди. Тийкарғы белгилери: сөзлер көбинесе бир буўынлы болып келеди аффикс, флекциялар дерлик жоқ, гәпте сөзлердиң синтаксислик байланысыўы тийкарынан сөз тәртиби ҳәм интонация арқалы әмелге асады.

АМПЕР (Француз физик алымы А.Ампер аты менен аталған) Электр токи күшиниң өлшеў бирлиги.

АМПЕРЛИ Белгили бир ампер күшине ийе болған. Амперли есаплағыш.

АМПЕРМЕТР Электр токи күшин есаплайтуғын әсбап.

АМПЛИТУДА (лат. amplitudo — муғдар, шама, үлкен көлем) физ. Тербелиўши денниң тербелиў (кеңлиги, оның тең салмақлы ҳалынан ең көп аўысыўы) ҳалатына дейинги аралық. Маятниктиң теңселиў амплитудасы. 2. Кеңлик, кенислик.

АМПЛИФИКАЦИЯ (лат. amplificatio — кеңейтиў) айырым сөйлеў бөлеклери, бир нешше эпитет ҳәм уқсатыўлардың (салыстырыў) избе-из тәкирарланып келиўинен ибарат стилистикалық фигура болып, ол сөйлеўдиң поэтикалық көркемлилигин күшейтиў ушын хизмет етеди.

АМПЛУА (фр. emploi — пайдаланыў, лаўазым) актёр имканиятларына сәйкес түсетуғын роллер.

АМПУЛА ( лат ampulla — аўзы тар, ортасы кең, еки қулақлы шийше яки гүзе ыдыс) Ишине дәри салынған ҳәм аўзы кепсерленген түтикше тәризли шийше ыдыс.

АМПУТАЦИЯ (лат. amputatio — кесиў, кесип таслаў) Қол-аяқтың зыянлы, сырқаўлы бөлегин операция жолы менен кесип таслаў.

АМФИБИЯ (грек. amphibious — еки түрли өмир кешириў) 1. Суўда ҳәм қурғақлықта жүре алатуғын автомобиль. 2. Жерден ҳәм суўдан көтериле алатуғын ҳәм жерге, ҳәм суўға қона алатуғын самолёт. 3. Қарда, суўда, музда ҳәрекетлене алатуғын аэрошана. 4. Суўда ҳәм қурғақлықта ҳәрекетлене алатуғын әскерий машина (танк, бронетранспортер т.б).

АМФИБИЯЛАР (грек. amphibia — суўда ҳәм қурғақлықта жасаўшы) 1. Зоол. Омыртқалылар класына кириўши суўда ҳәм қурғақлықта жасаўға ийкемлескен ҳайўанлар. 2. Бот. суўда ҳәм қурғақлықта жасай алатуғын өсимликлер.

АМФИБОЛИЯ еки мәнилилик. Қандай да бир фразаны сөз тәртибинде қолланғанда яки басқа мәниде қолланғанда басқаша еркин рәўиште оның еки түрли мәни аңлатыўы.

АМФИТЕАТР (грек. amphitheatron — еки тәреплеме тамаша) 1. Әййемги Греция ҳәм Римде ғалабалық тамашалар, театр спектакльлери көрсетилетуғын салтанатлы имарат. 2. Тамаша залы (театр, цирк)ындағы яки аудиториядағы ярым дөңгелек пишинде қыя көтерилип барыўшы орынлықлар. Театрдағы партерден кейинги бийиклеў орын ҳәм орынлықлар турған театр залының бөлеги. Алдымда кең көше жатыр, Әжайып амфитеатр (И.Юсупов).

АМФОРА (лат. amphora — еки қулақлы үлкен ыдыс) Гүзе тәризли еки қулақлы ылайдан исленген ыдыс.

АНА ат. 1. Баланың туўған апасы, шешеси. Ананың кеўли балада, баланың кеўли далада (ққ.х.н). 2. Елге сыйлы, жасы үлкен ҳайал. 3. аўысп. поэз. Негиз, түп, тамыр. Сөз анасы — қулақ, суў анасы — булақ, жол анасы — аяқ (шешенлик сөзлер). Ананың ақ сүти менен ант етиў — ўәде бериў, орынлаўға кепиллик бериў. Ана сүти аўзынан кетпеген — еле кишкене, жас, буўыны қатпаған. Ана сүти менен кирген — қанына сиңген, әдетке айланған, әбден қәлиплескен. Ана сүтин ақлаў — ырза етиў, исенимин ақлаў. Ана тили лингв. — а) ересеклердиң сөйлеўине еликлеў арқалы баланың тилди меңгериўи, сол тилде сөйлеўи. б) Этностың (халық, миллет) өзи менен теңлестирилген тили. Бир анадан туўғандай — уқсас, егиз қозыдай. Ана-Ўатан — ўатанды образлы көркемлеп сүўретлеў. Олар ата-анаға жәрдем бергенде, зуўлап комбайндай пахта тергенде (И. Юсупов).

АНА алм. Силтеў алмасығы, силтеп көрсетиў, анаў, сол.

АНАБИОЗ (грек. anabiosis — жанланыў, тирилиў) биол. Базы бир тири организмлерде тиришилик процесслериниң қолайсыз шараятларда пәсеңлеўи ямаса тоқтап қалыў ҳалаты (мыс, базы қурт-қумырсқалар, жаныўарлардың қыста уйқылаўы).

АНАГРАММА (грек. an — кери+gramma — ҳәрип) Сөздеги айырым ҳәриплер орнын алмастырып жаңа мәнидеги сөз пайда болыўы, жаңа сөз жасаўдан ибарат жумбақтың бир түри. Мыс: Сүт-тус, таза-азат т.б.

АНАҒУРЛЫМ р. Әлле қайда, бираз, қанша, соншелли, әдеўир, айта қаларлықтай. Өз заманына ылайық басқалардан анағурлым билимли, алдағы қатардағы адам болған (И.Сагитов).

АНАДА өткенде, анаў күни, сол ўақытта, ана бирде.

АНАДАЙ 1. Ана сыяқлы, ана тәризли. 2. Мийримли.

АНАКОНДА (исп. anaconda) буўма жыланлар туқымласларына киретуғын ең үлкен жыланлар түри.

АНАЛИЗ (грек. analysis — ажыратыў, ажыралыў) 1. Тексериў объектин ақылый пикирлеп, курамын элементлерге ажыратып изертлеў усылы. қ.қ синтез. 2. Бир нәрсени ҳәр тәреплеме изертлеў. 3. Затлардың қурамын анықлаў. Химиялық анализ. Қан анализи Суўды анализлегенде оның кислород пенен водородтан туратуғынын илимпазлар әллеқашан-ақ анықлаған. (И.Сағитов). 4. Матем. Қарастырылып атырған объектти оны құраўшы бөлеклерге ажыратыў ямаса оны логикалық абстракция жәрдеминде ойымызша бөлеклеў жолы менен изертлеў усылы. Математикалық анализ Жоқары математиканың бир бөлими. Лингвистикалық анализ (таллау) тил, сөйлеў бирликлери, мазмуны, ўазыйпасы ҳ.т.басқа структуралары көзқарасынан изертлеў тил (сөйлеў) яғный тил ҳәдийселерин лингвистикалық анализлеў тийкарында әмелий үйренилиўи.

АНАЛИЗЛЕЎ Талқылаў, баҳалау, баҳа бериў, додалаў, пикир жүритиў, таллаў жүргизиў. ...пүтини менен усы ўазыйпалар дөгерегинде анализлеўге тырысамыз (Қ.Мақсетов).

АНАЛИЗАТОР опт. Жақтылықтың поляризацияланыў қәсийетин анықлаўшы әсбап.

АНАЛИЗАТОРЛАР физиол. Жетик дәрежедеги ҳайўанлар ҳәм адамлар нерв дүзилисиниң қурамалы системасы (сыртқы орталық ҳәм организмдеги тәсирлерди қабыл етип, анализ етеди).

АНАЛИТИКАЛЫҚ анализ, таллаў усылына тийкарланған; Аналитикалық метод. Аналитикалық геометрия Математиканың алгебра ҳәм анализ жәрдеминде геометриялық формаларды тексериў менен шуғылланатуғын бөлими. Аналитикалық химия Химия илиминиң затлардың химиялық қурамын анықлаў менен шуғылланатуғын бөлими. Аналитикалық тиллер гәптеги грамматикалық қатнаслар көмекши сөзлер, сөз тәртиби, интонация жәрдеми менен жүзеге келетуғын тиллер; француз, инглис тиллери. Аналитикалық форма тыянақлы мәниге ийе сөз бенен көмекши сөздиң дизбеклесип бир грамматикалық мәни аңлатыўы. Аналитикалық бағыныңқы қоспа гәп бағыныңқы гәптин баянлаўшысының қурамына кирмейтуғын қураллар арқалы бас гәп пенен байланысқан бағыныңқы гәптин қатнасынан дүзилген қоспа гәплер.

АНАЛОГИКАЛЫҚ бир-бирине яки басқасына уқсас, уқсаған.

АНАЛОГИЯ (грек. analogia — сәйкеслик, муўапықлық, уқсаслық) 1. Филос. Нәрсе ҳәм ҳәдийселердиң қандай да бир қәсийетлериниң уқсаслығы. 2. Лог. Жуўмақ шығарыў формасы болып, бунда еки нәрсе, ҳәдийсе ортасындағы қандай да бир тәрепи уқсаслық, сәйкеслик тийкарында олардың уқсаслығы ҳәм басқа да тәреплери ҳаққында жуўмақ (нәтийже) шығарылады. 3. ҳуқық. Қандай да анық ҳәрекет нызамда өз сәўлелениўин таппаған ҳалда соған уқсас ҳәрекет (ҳәдийсе) ти нәзерде тутатуғын ҳуқықый норманы берилген ҳәрекетке қолланыў. 4. тил илими. Тил бирликлериниң өз ара қандай да бир мүнәсибет тәсиринде ўазыйпа ямаса басқа тәреплеринен уқсаслық, бир тәреплеме қосылыўы. Мыс: қара — фейилиниң еркин ямаса көмекши фейил ҳалында көр фейилине мәнилес болыўы: оқып көр — оқып қара.

АНАНАС (исп. ananas) 1. Бот. Ананас тәризлилер туқымласына тийисли өсимликлер группасы. 2. Усы өсимликлерден гейпараларының үлкен, сопақ, хош ийисли ҳәм ширели мийўеси.

АНАЛЫ анасы бар, тири. Әкели жетим — қор жетим, аналы жетим зор жетим (нақыл).

АНА-БАЛА ат. Анасы ҳәм перзенти.

АНАЛЫҚ 1. Төллейтуғын, балалайтуғын, жанлы-жаныўарлар. Фермадағы маллардың аналықларын өз алдына «айырды»,... (газетадан). 2. бот. Өсимликлердиң көбейиўине қатнасатуғын урықланатуғын аталыққа қарсы жыныс мүшеси. Аналық без анат. Аналық урықланатуғын жыныслық қос без.

АНАЛЫҚ II ат. Анаға тән қәсийет, анаға ылайық сыпат, мийирманлық. Аналық меҳри төгилип баласына қараған Ымысын (Қ.Досанов). Аналық меҳир — анаға тән мийрим, сезим. Аналық ғамхорлық — анаға тән мийрим-шәпәәт. Аналық сезим — ананың перзентине деген муҳаббаты.

АНАЛЫҚ кел. Туўғанлық, ана болғанлық.

АНАЛЬГЕТИКЛЕР (грек. analges) ат. мед. Аўырғанды жеңиллететуғын дәрилер.

АНАЛЬГИН ат. мед. Аўырыўды жеңиллететуғын, аязлаўға қарсы, дене температурасын түсиретуғын дәри.

АНАР (лат punica) ат. бот. 1. Пута сыяқлы субтропикалық өсимлик, жемистиң бир түри. 2. Усы ағашта өсетуғын қабығы қалың, қызыл ямаса қызыл сарғыш қатты қабыршақлы, сыртқы формасы домалақ, ишинде қызғылт мөлдир, қышқыл, суўлы, дәмли, шийрин дәнешшелери бар жемис. Писип жатқан алма, жүзим, анары, Табыстың таўсылмас бийик минары (Т. Сейтмамутов). 3. көркемл. Хаял төсине байланыслы қолланылады.

АНАРГҮЛ ат. бот. 1. Анар ағашының гүли. 2. Қызлардың исми.

АНАРДАЙ кел. Анар сыяқлы қып-қызыл.

АНАРХИЗМ (грек. anarchia — ҳәкимиятсызлық, тыйым салынбаған, бийбас) Басшы сыпатында тек жеке шахстың тилеклерин тән алып, ҳәр қандай ҳәкимият ҳәм мәмлекетлик дүзимди бийкарлаўшы социаллық-сиясий ағым.

АНАРХИСТ Анархизмди мойынлаўшы, тәрепдары.

АНАРХИЯ (грек. anarchia — ҳәкимиятсызлық) 1. Сиясий жәмийетте шөлкемлестириўшилик ҳәкимиятының ҳәмме ушын мәжбүрий нызам-қағыйдаларының, моральлық нормаларының жоқлығы менен ҳарактеризленетуғын ҳалаты; ҳәкимиятсызлық. 2. аўысп. Басшысызлық, бийбастақлық.

АНАСЫЗ анасы жоқ, жетим.

АНАТОМ анатомия алымы, қәнигеси.

АНАТОМИЯ (грек. anatome — кесемен, жарып көремен) Тири организмниң формасы ҳәм дүзилиси ҳаққындағы пән. Адам анатомиясы адам организминдеги айырым ағза ҳәм системалар формасы, дүзилиси ҳәм раўажланыўы ҳаққындағы илимий-әмелий ҳәм теориялық медицинаның тийкарғы пәнлеринен бири. Анатомия сабағы мектеплердиң 5-класынан баслап үйретиледи (газетадан).

АНАТОМИЯЛЫҚ Анатомияға тийисли, тән.

АНАЎ 1. Әне, силтеў, көрсетиў, нусқаў. Жүр қыз, анаў ағарып турған ақ жайға барайық (Ж. Сейтназаров). 2. Өзинен алысырақтағы шахс, сол тәризли нәрселерге силтенеди, оны көрсетеди. Тап анаў киятырған сол емес пе (К. Султанов). 3. Сөйлеп атырғанда көз алдында жоқ, бирақ мәлим шахс, т.б. нәрселер көрсетиледи, ишара етиледи, айтылады.

АНАЎ-МЫНАЎ ал. Майда-шүйде, оны-буны, шамалы, кишигирим, ол жер, бул жер, қалай болса солай, әлле қалай, әйтеўирден-әйтеўир, жеңил-желпи, курыдан-куры. Анаў-мынаў хизметке шақырса сирә келмейди (Х. Сейтов). Ромео ҳеш ўақытта анаў-мынаўды абайлай бермейтуғын еди (Р. Тагор). Анаў-мынаў менен. Ол-бул, әҳмийетсиз нәрселер менен шуғылланып. Анаў-мынаў деп. Ҳәр нәрсени айта бермей.

АНАФАЗА (грек. ana — қарсы, phasis — пайда болыў, шығыў) ат. бот. Митозлық бөлиниўдиң үшинши фазасы.

АНАФОРА (грек. anaphora — өрлеў, жоқары көтерилиў) ат. әдеб. Поэзияда яки прозада дәслепки қатарлардың бирдей сөзден ямаса биргелкили фразадан басланыўы, яғный бирдей сөзлердиң ямаса конструкциялардың қайталанып келиўи арқалы жасалатуғын күшейткиш фигура. Оның сеслик, лексикалық, синтаксислик, строфалық түрлери бар. Қосықтың ҳәр қатары бир сөзден басланыў стильлик тәсили. Мыс: Ойлай билмегенлер қайдан түсинсин, Озық ойлы жаңа дүнья адамы, өзи ушын емес басқалар ушын, өмир сүретуғынлығын мудамы (И. Юсупов).

АНАХРОНИЗМ (грек. ana — қарсы, chronos — ўақыт) Белгили бир дәўирде болған ўақыяларды қәтелесип ямаса биле-тура басқа дәўирге салыстырмалы сәўлелендириў.

АНГАР (фр. hangar) Самолётлар ҳәм вертолётлар туратуғын, оларға техникалық хизмет көрсетилетуғын ҳәм оңланатуғын имарат.

АН-ГАРД фехт. Қылышласыўшыларға берилетуғын команда.

АНГИДРИД (грек. а — бийкарлаў қосымтасы+hydor — суў) Қандай да бир элементтиң кислород пенен бирикпеси; тийисли кислотадан суўды ажыратыў жолы менен алыў мүмкин. Карбонат ангидрид.

АНГИНА (лат. angina — буўылыў) аўыз қуўыслығында таңлай безиниң исиниўи менен өткир жуқпалы кеселлик.

АНГИОМА (грек. angion — тамыр + oma...omos — ызғар, ҳөл, шийки) Қан яки лимфа тамырларында пайда болатуғын қәўипсиз өспе, исик.

АНДА р. Анаў жер, ол жер, онда, сонда, сол жерде. Сабақтан көп қалып қойдым, Анда барып, мында барып (Б.Исмайлов). Разыласып кеткил анда ел менен (Өтеш). Ақ жүзиңди анда көрдим, Каабаға етсек таўап (ққ.х.қ.).

АНДА-МЫНДА р. Ояқ-буяқ, ойер-бүйер, ҳәр жер, ҳәр жақ, ҳәр тәреп, анаяқ-мынаяқ. Усылай анда-мында жүргенде қатнап, трактордың барлық майы болып сап (Б.Исмайлов). Анда-мында шабады, Қарастырып аўылды, Жүйен жона табады (Бердақ).

АНДА-САНДА р. Ҳәр ўақта, сийрек, ара тура, ҳәр ўақта бир. Анда-санда әкеме муңлы көзлери менен қарап қояды (К. Смамутов). Анда-саnda шабаланып үрген ийтлердиң сести келеди (Ө.Хожаниязов).

АНДРАГОГИКА (грек. andros — ересек адам, agoge — басшылық, тәрбия) ат.пед. Ересеклерге билим бериў, оқытыў ҳәм тәрбия бериўдиң теориялық ҳәм практикалық мәселелерин қамтыйтуғын педагогика тараўы.

АНЕВРИЗМА (грек. aneurisma) ат.мед. Артерия тамырының кеңейип қалталаныўы.

АНДЫЗ ат. 1. Таўларда өсетуғын, мал жейтуғын, узын сабақлы көп жыллық гейде бир жыллық, дәри ушын пайдаланылатуғын сары шөптиң аты, аўырыўға ем болады. Бул шөп қырда өседи, түри сары болады. 2. Аўыс. Түр-түси иренсиз, сап-сары, түри қашқан, қансыз, нурсыз, солғын.

АНДЫЗДАЙ кел. Андызға усаған. Бул байлардың жүзлери, Андыздай болып сарғайды. (А.Дабылов).

АНЕ қ. әне.

АНЕЙИ р. Анаў-мынаў емес, бир қыйлы бар. Сен оны анейи деп ойлама («Жеткиншек» г.).

АНЕКДОТ ат. (фр. anecdote) 1. Өмирдеги күлкили ўақыя, ҳәдийселер туўралы қысқа, мәниси терең аўызеки күлкили әңгиме. Түрк тиллес халықларда Хожа Насраддинниң күлдирги сөзлери деген анекдотлар көп тараған (Қ.Айымбетов). 2. әдеб. Қысқа, күлдирги әңгиме түриндеги фольклорлық жанр.

АНЕКДОТЛЫҚ р. Күлкили, күлдирги.

АНЕКЕЙ қ. Әнекей.

АНЕМИЯ (грек. an — бийкарлаў қосымтасы+haima — қан) Қанда эритроцитлер ҳәм гемоглобин муғдарының кемейиўи менен ҳарактеризлениўши кеселлик; кемқанлық.

АНЕМОНИМ (грек. anemos-самал+onoma-ат) тәбиятта түрли апатшылықлар келтириўши ҳәдийселердиң меншикли атамалары ономастикада анемоним термини менен аталады. Бул термин тийкарында самал ҳәм оның ҳәр қыйлы көринислери — боран, сел, торнадо, циклонларға қойылған меншикли атлар, сондай-ақ, тәбийғый апатларға себеп болатуғын жер силкиниўлер, вулкан, толқынлардың да атлары киреди.

АНЕМОМЕТР (грек. anemos — самал+metreo — өлшеймен) спорт. Самалдың, ҳаўа ҳәрекетиниң қозғалыў тезлигин өлшейтуғын әсбап.

АНЕРОИД (грек. а — бийкарлаў қосымтасы+neros-ығаллық, суў+eidos — көринис) Атмосфера басымын өлшеў ушын қолланылатуғын әсбап.

АНЕСТЕЗИЯ (грек. an — бийкарлаў қосымтасы+aestesia — сезиў) Көбинесе операция ҳәм басқа жағдайларда түрли қураллар жәрдеминде әмелге асырылатуғын аўырыўды сездирмеў, сезиўди жоқ етиў.

АНИЛИН (араб — көк бояўы) Ҳәр түрли бояў, дәри-дәрмақ, жарылыўшы затлар таярлаў ушын қолланылатуғын сасық, зәҳәрли, реңсиз суйықлық; көк бояў.

АНИМАЦИЯ ат. тех. Қозғалыстың түрли халатларына сәйкес избе-изликте ҳәр қыйлы көринислерди экранда тез көрсетиў арқалы дене қозғалысы динамикасын сүўретлеў тәсили.

АНИОН (грек. anion) ат.физ. Бир ямаса бир нешше атомнан туратуғын терис зарядлы бөлшеклер.

АНЖАМ қ. әнжам.

АНЖИМАН қ. Әнжуман.

АНКЕР (нем. Anker — якорь, лабыр, көшки) 1. Саат механизминиң бир жөнли, бир темпте ислеўин тәмийинлейтуғын бөлеги. 2. Станок, машина, имарат т.б. бөлеклерин бириктириў ҳәм орнатыўда ислетилетуғын деталь.

АНКЕТА (фр. enquete — сорастырыў, хабар, мағлыўмат алыў) 1. Тийисли мағлыўмат алыў, топлаў ҳәм белгиленген сораў бети, сораўнама. Анкета мағлыўматлары. 2. Сораў (саўал) арқалы топланған мағлыўматлар, усындай жол менен мағлыўматлар топлаў. Анкета өткериў.

АННАН қ. оннан.

АННАН-МЫННАН р. Ҳәр жерден, ҳәр нәрседен, оннан-муннан, ояқ-буяқтан, ҳәр тәрептен (мыннан). Чай үстинде аннан-мыннан сөз қозғап әңгиме-дүкәнға киристик (Қ.Айымбетов).

АННАН-САННАН р. Сийрек, ҳәр жерден, алағат, бир тегис емес. Өзим есапласам пайыма өгиз бенен сыйыр тийеди, кисиге есаплатсам аяғым аннан-саннан бир тийеди (Қ.Айымбетов).

АННЕКСИЯ (лат. annexio — қосып алыў) Қандай да бир мәмлекет яки халыққа тийисли аймақты зорлық пенен қосып алыў, басып алыў сиясаты.

АННОТАЦИЯ (лат. annotatio — ойлаў, белги, еслетпе) Китап, мақала ҳәм т. басқалардың мазмуны, әҳмийети ҳаққындағы қисқаша мағлыўмат, қисқаша сыпатлама. Аннотация жазыў.

АННУЛЯЦИЯ (лат. annulare — жоқ қылыў) Ҳүжжет, шәртнама, ҳуқықлар яки толық еркли ўәкилликтиң бийкар етилиўи, ҳақыйқый емес деп табылыўы.

АНОД (грек anodos — жоқарыға ҳәрекетлениў, көтерилиў, жоқарылаў) физ. Оң зарядланған электрод. Анод заряд.

АНОМАЛИЯ (грек. anomalia — тегис емес, нормадан шетлесиў) Нормадан, улыўма нызамнан шетке шығыў, нормаға, улыўмалық нызамға қылаплық.

АНОНИМ (грекше — белгисиз) өзиниң ҳақыйқый атын жәрия қылмай басылып шыққан китап ямаса хат. Анонимлик усылды қолланыў өткен дәўирлерде көбирек ушырасқан, яғный өзиниң шын атын жасырыў менен анаў яки мынаў жазыўшы қуўдалаўшыларға белгисиз болып қалыўды ойлайды.

АНОНС (фр. annonce — ғалаба қурал, дағаза) Гастроль, спектакль, концерт х.т. басқалар ҳаққында алдыннан тарқатылған дағаза.

АНОРГАНИКАЛЫҚ (грек. an-бийкарлаў қосымтасы+ organismus-тири жан) өсимлик ҳәм ҳайўанлар әлемине тийисли болмаған, органикалық емес. Анорганикалық затлар. Анорганикалық химия — Химиялық элементлер ҳәм олардан пайда болған бирикпелер ҳаққындағы илим.

АНОРМАЛЬ (грек. а — бийкарлаў қосымтасы+norma-қағыйда, норма) Нормадан шетке шыққан, нормаға, улыўма қағыйдаға туўры келмейтуғын, нормаль емес. Анормаль жағдай.

АНСАМБЛЬ (фр. ensemble-бирге, биргеликте; бирлик, үнлеслик, сәйкеслик) 1. Өз ара сәйкес ҳәм үнлес бөлимлердиң биригиўинен ибарат имарат ҳәм қурылмалар комплекси. 2. Бир пүтин көркемлик жақтан жәмлескен тамаша көрсететуғын артистлер группасы, жәмәәти. 3. Театр өнеринде: драматург, режиссёр, сүўретши, композитор ҳәм актёрлар дөретпесиниң үнлеслиги. 4. Әмелий көркем өнерде түр-түси бирдей, пишимлери бир-бирине туўры келетуғын, уқсас кийим-кеншеклер жыйындысы.

АНТ ат. 1. Бир нәрсе менен исендириў арқалы берилетуғын ўәде, ықрар, лебиз, серт. Өтирикшиниң болмас анты-ийманы (Әжинияз). Мен ҳеш қашан сени алдамаўға кудайды ортаға салып ант етейин (Р.Тагор). 2. Ҳадаллыққа, заңға сәйкес ҳәрекет етиўге, қандай да бир миннетлемелерди орынлаўға салтанатлы рәсмий түрде берилетуғын ўәде. Ўатанына ант етип, фронтка батыр жөнелди (Ә.Шамуратов). ◊ Антын алыў — сертин, ўәдесин алыў. Антын бузбаў — ўәдесинде турыў, айтқанында, сөзинде турыў. Ант етиў — сөз бериў, ўәде бериў, ант ишиў, серт етиў. Ант еттим мен сол ўақытта, Халық ушын жан аямасқа (Ж. Аймурзаев). Ант қылыў — тәтепки жасаў, ўайран қылыў. Ант ишиў — қураннан сыяқлы кәраматлы, уллы нәрселерди ортаға қойып, биреўди исендириў ушын ўәде бериў. Ант урыў — оңбаў, айныў, алжыў, сөзинде турмаў. ... мәрт болған ўәдеде турар, Сөзин бузғанды ант урар. Төрттиң бирине дийқан турар, Тең бөл деди. Айдос баба (Бердақ).

АНТАЛАСЫЎ ф. 1. Айнала әтирапын қоршап, жан-жақтан дөниў. 2. Ынтығыў, жеп қойыўға тайын турыў, үстине дөниў. Неге десеңиз ол жерде өмир менен өмир анталасып тур ғой... (Ө.Хожаниязов).

АНТАЛАЎ ф. Ынтығыў, жутыныў, үстине дөниў, үмитлениў. Әри-бери үндемей отырып едим, ҳәр ким ҳәр жағымнан анталап — «бир нәрсе айтса екен?» дегендей көзлери жеп баратыр (Ө.Хожаниязов).

АНТАГОНИЗМ (грек. antogonisma — айтыс, гүрес) Келисимге келип болмайтуғын қарама-қарсылық, душпанлық.

АНТАГОНИСТЛИК Бир-бирине улыўма қарсы, душпан болған; келисимге келмейтуғын, сапластырып болмайтуғын. Антогонистлик қарама-қарсылықлар.

АНТАРКТИДА Қубла полюс аймағының орайлық бөлегин ийелеген материк.

АНТАРКТИКА (грек. anti — қарсы, кери+Арктика) (А-үлкен) Жер шарының Қубла полюс аймағы; оған Антарктида материги, оның әтирапындағы атаўлар киреди.

АНТЕННА (лат. antenna — кеме мачтасындағы көлденең ағаш; қурт-қумырсқа мурты) Электромагнит толқынларын кеңисликке жеткерип бериўши яки қабыл етиўши үскене. Телевизор антеннасы.

АНТИ (грек. anti — қарсы, кери) Белгили бир сөзлердиң алдына қосылып, сол сөз сыпатланған нәрсе (белги, ҳәрекет)ниң қарама-қарсы, керисин билдириўши қосымта. Мыс: антисанитария.

АНТИБИОТИКЛЕР (анти+грек bios — өмир) Гейпара микроорганизмлер, ҳайўанлар ҳәм өсимликлер турмыс шараятында ислеп шығылатуғын ҳәм түрли микроблардың өсиўи ҳәм раўажланыўын тоқтатып қоятуғын дәри-дәрмақлар.

АНТИВИРУС (грек. anti — қарсы, лат. virus — уў) ат. 1. мед. Микробқа қарсы денеде пайда болатуғын белоқлық зат. 2. инф. Компьютер программаларына зыян келтиретуғын вирусларды таўып, олардың кери тәсирин (зыянын) жоқ ететуғын, сапластыратуғын программа.

АНТИГЕНЛЕР (анти+грек genos — нәсил, келип шығыў) Организмге жиберилгенде, қан ҳәм басқа тоқымаларда антиденелер исленип шығыўы ҳәм иммунитет пайда болыўына себеп болатуғын затлар, денелер.

АНТИК (лат. antiquus — әййемги) Әййемги Греция ямаса Рим социаллық дүзимине, мәдениятына, көркем өнерине тийисли яки тән. Антик дәўир.

АНТИНОМИЯ (грек. antinomia — нызамның ишки қарама-қарсылығы) Логикалық жақтан ҳәр бири дәлилленетуғын еки нызам, тартыс яки шешим ортасындағы қарама-қарсылықлар.

АНТИПАТИЯ (грек. antiphateia — кимди ямаса қандай да бир нәрсени унатпаў), хош көрмеў, жақтырмаў мүнәсибети, суўық мүнәсибет.

АНТИСЕМИТИЗМ (анти+Сом — Нуҳ пайғамбардың улларынан бириниң аты) Миллий ҳәм диний келисимге келмеўшилик формаларының бири болып, ол еврейлерге қарсы душпанлық көзқараста сыпатланады.

АНТИДЕНЕЛЕР Организмге белокларға ийе затлар (антиген) киргизилгенде, оған қарсы пайда болатуғын денелер.

АНТИТЕЗА (грек. antithesis — қарама-қарсы қойыў) 1. әдеб. Поэтикалық сүўретлеўдиң бир түри, сыпаты, минези, қурылысы жағынан қарама-қарсы еки нәрсени қарсы алып, бир-бирине қарсы қойып сүўретлейди. Мыс: Жақсы таўып сөйлейди, жаман қаўып сөйлейdi. 2. қ. антитезис.

АНТИТЕЗИС филос. Тезиске қарсы қойылған ҳуким, тартыс, пикир; қарама-қарсы тезис.

АНТИФРИЗ (анти+анг freeze — музлатыў) Төмен температурада ислейтуғын иште жаныў двигатели ҳәм б. түрли қурылмаларды суўытыў ушын қолланылатуғын, жүдә пәс температурада (-75°ге дейин) музламайтуғын суйықлық.

АНТИФАШИСТ (анти+фашизм) Фашизм душпаны, фашизмге қарсы гүресиўши; фашизмге қарсы гүрес қатнасыўшысы. Антифашистлик ҳәрекет.

АНТИЦИКЛОН (анти+циклон) метеор ҳаўа ағымы ҳәрекетинен пайда болатуғын жүдә үлкен атмосфералық ийрим (курдым).

АНТОЛОГИЯ (грек, грек anthologia ... anthos-гүл+lego-териў, гүллер дәстеси) поэзиялық шығармалардың таңлаўлы үлгилери. Бурынғы грек әдебиятында поэзияның гүли есапланған шығармалардан арнаўлы топламлар қурастырылған, яғный ол ең сапалы шығармалардан қурастырылғаннан кейин «гүл териў» мағанасына ийе болған. Мысалы, 1956-жылы қарақалпақ поэзиясының антологиясы шығарылды.

АНТОНИМ (грекше, қарама-қарсы атамалар) мәниси жағынан бир-бирине қарама-қарсы сөзлер, атамалар. Антонимлер әдебиятта антитезалардың жарыққа шығыўын тәмийинлейди, оның бир көриниси. Антоним топонимлер — мәнилери бир-бирине қарама-қарсы болған топонимлер. Антоним фразеологизмлер — қарама-қарсы мәниге ийе фразеологизмлер. Мыс: аўзы гөжедей қайнаў — аўзына қатық уйытыў.

АНТОНИМИЯ Антонимлик ҳәдийсе.

АНТРАКТ (фр. entracte ... entre-арасында, ортада+acte-ис, ҳәрекет) Спектакль перделери ямаса концерт бөлимлери арасындағы тәнепис.

АНТРАЦИТ (грек. anthrakos — көмир) Дым қара, жалтырақ, тығыз, күшли ыссылық беретуғын таскөмир.

АНТРОПО (грек. antropos — адам) адамларға байланыслы яки тийисли сөз жасаўшы курамына кирген бөлеги.

АНТРОПОЛОГ Антропология алымы, қәнигеси.

АНТРОПОЛОГИЯЛЫҚ МЕКТЕП (грекше, адам ҳаққында билим) бул фольклористика ҳәм этнографияда пайда болған илимий мектеп. Тийкарғы өзгешелиги жәмиетлик-сиясий ҳәм мәдений жақтан бир-бирине жақынласпайтуғын, шығысы, этникасы жағынан узақта турған халықлардағы уқсаслықларды үйренеди. Ҳәр бир халық турмысындағы салт-дәстүр, фольклорындағы өзгешеликлер, дәстүрлер бир-бирине байланыссыз, өз алдына дөретилген деп пикир жүргизеди. Фольклористикада мифологиялық мектеп ҳәм көшпели сюжетлер ҳаққында теорияны бийкарлады. Тийкарын салыўшылар инглис илимпазы Эдвард Тейлор (1832—1917), Джеймс Фрезер (1854—1941) т.б. есапланады.

АНТРОПОЛИНГВИСТИКА (антропологиялық тил билими) тил билиминиң өз жазыўына ийе болмаған тиллерди үйрениў шақабы.

АНТРОПОМЕТРИЯ (антропо..+грек. metreo — өлшеймен) Антропологиялық изертлеўлерде адам денеси ҳәм оның ағзаларын өлшеў усылларының бири.

АНТРОПОНИМ (антропо..+грек. onoma — ат, исм) адамның меншикли аты. Ономастиканың адамларға тийисли болған адам атлары, әкесиниң аты, фамилиясы, лақаплары, титул атлары, атақ атлары, псевдонимлери сыяклы меншикли атлардың лексикалық курамын, семантикалық өзгешеликлерин, грамматикалық қурылысын үйренетуғын тараўы. Мысалы; Мехрибан (мийримли адам), Абдулла (Алланың қулы).

АНТРОПОНИМИКА (антропо..+грек. onoma — ат, исм) Ономастиканың (киши) адам атлары, олардың келип шығыўы, таркалыўы х.т.б мәселелерин үйрениўши бөлими.

АНТРОПОТОПОНИМ адам атлары, фамилиялары ҳәм лақапларынан пайда болған топонимлер: Абдулла жер, Абен жап, Ахымбет шүңгил т.б.

АНТУРҒАН 1. Қудай урған, оңбаған, айтқанында турмайтуғын, тутырықсыз. 2. Қудай урған, оңбаған адам мәнисинде.

АНУРИЯ (грек. an-бийкарлаў қосымтасы+uron-сидик) Сидик тутылыўы (бүйректе пайда болған сидик қуўыққа түспеўи).

АНШЛАГ (нем Anschlag-афиша, ғалабалық дағаза) Театр, кино ҳәм басқалардың кассаларында билетлердиң сатылып болынғанлығы ҳаққында арнаўлы дағаза.

АНЫ ал. Ана нәрсени, оны, соны, сол нәрсени. Талап ислеп тап дүньяны, Сүттен ақдур билсең аны (Бердақ).

АНЫҒЫ ат. Дурысы, ырасы, дәл өзинен келгенде, негизи, шынында. Анығынан келгенде әкемди жаманлаған адамды жек көретуғын едим, оны еле жаман атқа таңбайман (К.Смамутов).

АНЫҒЫНДА м. с. Дурысында, ырасында, негизинде, шынында да ......анығында тек 5369 гектар ғана жер таярланды («Әмиўдәрья» ж.).

АНЫҒЫРАҚ кел. Дурысырақ, тәўирирек, айқынырақ, белгили. Даўыс кем-кемнен жақынласып, анығырақ еситиле баслады (М.Абдиреймов).

АНЫДАҒЫ ал. Оныдағы, сол нәрсени, соны, соны да. Дарғадан өттик аржаққа, Интизар болдық бер жаққа, Жүресең деди сол жаққа, аныдағы умытпаспан (Күнхожа).

АНЫҚ (араб — нәзик, түсиникли, рәўшан) 1. Еситиў, көриў, түсиниўи бойынша жақсы, толық түсиникли. 2. Ҳақыйқатқа сәйкес, ҳақыйқый, нағыз. 3. Сөзсиз, туўры. 4. Белгили, мәлим. 5. Пикирдиң ырас екенлигин аңлатады; әлбетте, шубҳасыз, дәл, белгили, нақ, гүмансыз. Қашқын путалықтан сүмирейип шықты, турқы менен түр-түсин анық көрдим (Ө.Хожаниязов). Сол жолбарыс пенен анық еки күн, «Балшық қумның етегинде айқасқан (Т.Қабулов). Айдан анық — даўысыз, гүмансыз, айқын.

АНЫҚ АТЛЫҚЛАР ат. лингв. Объектив дүньядағы анық предметлердиң, адам ҳәм жанлы предметлердиң, сондай-ақ, көз бенен көрип санаўға болатуғын факт ҳәм қубылыс-ҳәдийселердиң атын билдиреди: қәлем, китап, қағаз, суў, тас, даўыл, т.б.

АНЫҚ ЕМЕС АТЛЫҚЛАР ат. лингв. Предметтиң, сөйлеўши менен тыңлаўшыға анық емес екенлигин билдиреди ҳәм олар алдында анықсызлық артикль хызметинде «бир» сөзи қолланылатуғын атлықлар. Мысалы: Бир күнлери узын бойлы киси кирип келди.

АНЫҚЛАМА I ат. 1. Белгили бир зат яки нәрсеге, уғымға берилетуғын қисқаша түсиник, сыпатлама. Кең мағанасында уғымның мазмунын ашыўға көмеклесетуғын логикалық әмел. 2. Қағыйда, баянлама, түсиник. Анықламага қоса мына нәрселерди белгилеп өтиў керек (Қ.Мақсетов).

АНЫҚЛАМА II ат. 1. рәсмий. Жеке ҳәм заңлы шахс туўралы мағлыўмат беретуғын, сол мағлыўматтың заңлылығын тастыйқлайтуғын ҳүжжет. 2. Биреў яки белгили бир нәрсе туўралы жыйналған, яки берилген мағлыўмат, хабар. Анықлама жүргизиў юрид. Белгили бир мәселе, ис бойынша алдын-ала хабар жыйнаў. Анықлама қағазы — қандай да бир мағлыўматты тастыйқлайтуғын тийисли орыннан берилген ҳүжжет.

АНЫҚЛАЎ 1. Сорап анығына жетиў, анық мағлыўмат алыў, билип алыў. Мәселени анықлаў 2. Түпкири, ўақыя жағдайын белгилеў. Аралықты анықлаў. 3. Болып атырған исти табыў. Жер асты кәнлерин табыў. 4. Анығына жетиў, жете билиў, түсиниў. Енди Қосыбай Ержанның аўылынан шыққан сыпсың гәптин анықлаў ушын астыртын жансыз жиберди (К.Султанов). 5. Туўрылаў, дурыслаў. Анықлаў бюросы — белгили бир мәкеме, кәсип орны т.б. курамындағы халыққа мәкемениң жумысына тийисли мағлыўмат бериў менен шуғылланатуғын бөлим.

АНЫҚЛЫҚ Анық сыпатлама. Анықлық, дәллик. Өлшеў әспапларының анықлығы.

АНЫҚЛАСТЫРЫЎ анық, рәўшан болыў, билиў, изертлеў.

АНЫҚ-ТЫНЫҚ түсиникли, анық, белгили етип түсиниў, түсиндириў.

АНЫҚЛАЎЫШ ат. лингв. Предметтиң белгисин билдиретуғын екинши дәрежели ағза. Сонлықтан предмет мәнисин билдиретуғын гәп ағзаларының (баслаўыш, толықлаўыш, атаўыш, баянлаўыш) ҳәр қыйлы белгилерин анықлап келеди. Мысалы: үлкен орамал, жалғыз қыз, бийик өкшели етик, т.б. Анықлаўышлар қайсы ағзаны анықласа сол ағза алдында турады. Оның кейнинде анықланатуғын сөз болыўы тийис, егер олай болмаса анықлаўыш бола алмайды. Анықлаўышлар анықлайтуғын сөзи менен жупкерлесип (ақыллы адам қор болмайды) ҳәм изафетлик (оқыўдың пайдасы көп) усылларда байланысады. Анықлаўыш бағыныңқылы қоспа гәп — қоспа гәптиң бағыныңқылы гәпи бас гәптеги атлық ямаса қатнаслық алмасығынан болған бас ағзаның мәнисин түсиндирип, анықлап келеди.

АНЫҚЛАЎШЫ Заттың сыпатын қәсийитин билдириўши, айқынлаўшы.

АҢ I ат. 1. Адам руўхый ҳалатының жоқары формасы, санасы, инсанның пикирлеў қәбилети; ақыл, еси. Сана, сезим, ес-түс, ақыл-ес. Баланың аңын өсириў. Аңы ушып Айпара апай қалып қойды үйде жалғыз (Ж.Аймурзаeв). 2. Адамның ямаса адамлар топарының социал турмысты түсиниўи, сезиўи, оған мүнәсибети. Сиясий аңы. 3. филос. психол. Болмыстың инсан мийинде оның пүткил руўхый искерлигин өз ишине алған ҳәм мәлим бир мақсетке бағдарланған ҳалда сәўлелениўи. 4. филос. Белгили бир социаллық топар ўәкили болған инсанлардың психологиялық, сиясий ҳәм философиялық көзқараслары; диний, көркем көзқараслары жыйынтығы.

АҢ II Ети ҳәм териси ушын аўланатуғын дүз яғный жабайы қуслар ҳәм ҳайўанлар. Жартысы жанған көсеўлер жыртқыш аңлардан қорғаныўда қурал болды (Б.Бекниязова). Аң алыў — үйретилген қустың, тазы ийттиң аң услаўы. Аң аўлаў — белгили тәсил менен аң услаў, аңды қолға түсириў. Аңға шығыў — аң аўлайтуғын қурал-сайман менен қуралланып, күнкерис мақсетинде ямаса дем алыс т.б. ушын аңшылық етиў. Аң баспаса, жан баспаған (жер) — адам аяғы жетпеген. Көктеги қус, жердеги аң — барлық қуслар менен жаныўарлар.

АҢДАЙ Аң сыяқлы, аң тәризли. Қақпанға түскен аңдай — усланып қалған сыяқлы, қутыла алмайтуғындай.

АҢШЫЛЫҚ ат. аң аўлаў менен шуғылланыў.

АҢГӨДЕК кел. Ақ көкирек, сумлықсыз, кеўлинде гирбиң жок, аңқаў. Аңгөдек жас қызды жалынға туншықтырып таслаўлары қалай (А.Оразов).

АҢҒАЛ кел. Истиң алды-артын аңғармайтуғын аңгөдек, геўек, нақолай. Жоқ ҳәзир Мәўлен үңгир менен көл ишин мәкан еткен бурынғы азғын аңғал емес, сақал-муртын қырып тасласа, бети бөтекедей жас жигит (Ө.Хожаниязов).

АҢҒАЛАҚ ат. 1. Ойынның түри, ортаңғы шуқанаққа дөгеректеги шуқанақтағылар таяк пенен урып түсирип ойнайтуғын ойын, муздың үстинде ҳәзирги хоккей ойынына усаған ойын түри. Мен аңғалақ ойнағанда таяқ тийгенликтен тобығым аўырып кәтте жатыр едим, орнымнан турғаным жок (К.Смамутов). 2. Алды-артын аңғармайтуғын, урыншақ, ушқалақ. 3. сөйлеў тилинде. Онкология.

АҢҒАР ат. сөйл.т. Қамба.

АҢҒАР ат. 1. Бағдар, ағыс, бахыт, ыңғай. Қосықтың улыўма руўхый аңғары мәлим еди: Бултлар көз жасын төгип,... Қусларга сайрап, ишкы-мухаббат қәсийетлериниң ушы қыйыры болмады. (Р.Тагор). 2. Мәнисин түсиниў, билиў, байқаў.

АҢҒАРЫЎ ф. 1. Сезиў, абайлаў, байқаў. Түн тастай қараңғы болғанлықтан бурын көрип кеткен төбени ҳәзир аңғарыў қыйын еди (Ш.Сейтов). 2. Көриў.

АҢҒАРҒЫШ кел. Сезимтал, байқағыш, түсингиш.

АҢҒАРДАЙ кел. Үлкен, арандай, кең.

АҢҒАРТЫЎ ф. Билдириў, байқатыў, ескертиў, түсиндириў.

АҢГИМЕ қ. Әңгиме.

АҢҚ Аңқ етиў — бирден, тез, сол ўақытта айтып қойыў.

АҢҚА ат. анат. Жутқыншақтың ҳаўа өтетуғын бөлими. Аңқасы кеўиў — қатты шөллер, суў ишкиси келиў.

АҢҚАЎ 1. Ес-ҳўшын дәрриў жыйнап ала алмайтуғын, гәпке де дәрриў түсинип жетпейтуғын, аўсар, есер, бийғам, ойсыз. 2. Питирсиз, ақ көкирек, гөдек, ашық, кеўлинде кир жоқ, ақкеўил, кеўлинде сумлығы жоқ. Батыр аңқаў ер гөдек, Айдос бийликти алып ақыбети не болды (К.Султанов). Аңқаў басым сөйл. экспр. Өзиниң исенгишлигин, аңгөдеклигин, өкиниш пенен сыпатлайтуғын сөз қолланылыўы.

АҢҚАЎЛАНЫЎ қ. Аңқаўсыраў.

АҢҚАЎЛЫҚ аңқаўға тән ҳалат, жағдай. 1. Өмирге бейимсизлик, ойсызлық, бийғамлық. 2. Ашық аўызлық, инанғышлық. 3. Сумлықты билмейтуғын, пәклик.

АҢҚАЎСЫРАЎ Аңқаўлардай сасқалақлаў яки өзин аңқаўлыққа, аўсарлыққа салыў, өзин аңқаўлыққа салмақ, өзин аңқаў, ҳеш нәрсени түсинбейтуғын, аўма, паллаўыз етип көрсетиў, билмегенсиў.

АҢҚАЙЫЎ 1. Күтпеген жерден болған иске, аң-таң болыў, таңырқаў, аўзы ашылыў, серсиз турыў, абайсыз турыў. Дәрўазаның алдында турман аңқайып, Мысал топты күткен вратарь (И.Юсупов). 2. Есиктиң аўзы ашылыў. Аңқайып аўзын ашыў — аңырайыў, таң қалыў, аң-таң болыў.

АҢҚЫЙЫЎ ф. 1. Аўзы ашылыў, аңы ушыў, серсиз турыў. 2. Қапының, есиктиң толық ашылып турыўы. Балдағым тарсылдап дәлизге кире бергеним, төр беттеги есиги аңқыйып ашылған өжиреден баслықтың ашшылаў даўысы шықты (Ө.Хожаниязов).

АҢҚАЛ-САҢҚАЛ 1. Ашық-шашық, аңырайған. 2. аўысп. Қалай болса солай, қараўсыз.

АҢҚЫЛДАҚ кел. Ишинде нәрсеси жоқ, қалмаған, иши геўек, кеўип қалған. Бир аңқылдақ шортан жөне ылақа, он күнде алғаным усы Айырша (Омар). 2. Геўек, гөдек. 3. Аңқаўлық, ақ көкирек.

АҢҚЫЛДАЎ ф. Пикирсиз, ашылысыў, ақтарылыў, ҳақ көкиреги менен сөйлесиў, кеўиллениў, ыклас төгиў. — Саў жүрсең бе бала?, ... қайнаға төндар отырып па өйтеўир,... — деп жеңгей ақ көкирегин ашып аңқылдаў менен болды (Ө.Хожаниязов).

АҢҚЫРЫЎ ф. Аңыраў, бар даўысын жибериў, даўыслаў. Ешеклер аңқырды.

АҢҚЫЎ ф. Ийислениў, ийиси күшейип кетиў, ийисли, ийиси шығыў, ийиси бурқыраў, ийиси дөгерекке жайылыў. Арқадан ескен өлпең желден жуўсан ийиси аңқыйды (Сейтов). Аңқыған хош ийис — ийисли, ийиси күшли, ийиси бурқыраған. Жерлери аңқыған хош ийисли гүлдей, Басыңнан дәўраның тайды Көк өзек (Өтеш).

АҢЛА ф. 1. Аңғарыў, байқаў, жән-жағын бақлап қараў. 2. Абайлаў, алды-артын ойлаў, түсиниў, билиў, пәмлеў. Усы жерде айтпайман шебин-онын, жигит болсаң, аңла сен истиң сонын (Әжинияз). 3. Бахалаў, парқын ажыратыў.

АҢЛАҒЫШ кел. Байқағыш, сезгиш, аңғарғыш.

АҢЛАМАСТАН ф. Абайламастан, байқамастан, сезбестен. Бир қаўынды бузды билмей Баймурат, аңламастан тийип кетип аяғы (ққ.поэз.ант).

АҢЛАСТЫРЫЎ ф. Байқастырыў, хабардар болыў, сорастырыў. Қасына келсе бир қабан, Белгили ол өткен душпан, Сондайлардан болың аман, Аңластырып қара балам (Бердақ).

АҢЛАТЫЎ 1. Сыпатлаў, билдириў, ескертиў, ескериў. Бул олардың дослығының беккем өмирлик екенлигин аңлатады (Г.Есемуратов). Өз-өзинен мақтанып, Бары-жоғын аңлатты. 2. Сездириў, белги бериў.

АҢЛАЎ 1. Гәп, пикир, сәўбет т.басқа да мазмунын билиў, түсиниў. 2. Қабыллаў, түсиниў, пәмлеў. 3. филос. Дүньяны, қоршаған орталықтағы қубылысты сол күйинде (турысында) өзгериссиз қабыллап, оны адам санасында сезиў формада сүрәтленетуғын билиў процесиниң дәслепки дереги. Өзлигин аңлаў (өзин аңлаў) өзиниң ҳақыйқатында ким екенлигин түсиниў, қабыллаў. Байқаў, абайлаў, билиў, сезиниў. Көрмеген жерди аңлап бас, Қурып қойған аў болмасын (С.Мәжитов). Гәпти аңлаў — бир айтқаннан түсиниў, мәнисин аңғарыў. Аңғысын аңлаў — бир нәрсениң бет алысын, ыңғайын түсиниў, бақлаў, абайлаў. Аяғын аңлап басыў — сақ болыў, абайлап жүриў. Қас қабағын аңлаў — кеўлин табыўға тырысыў.

АҢЛАМАЙ Абайсызда, байқамай, сезбей, билмей. Аңламай сөйлеген, аўырмай өледи (ққ.х.н.). Өзлигин аңламай кетпесин десең, Ел-журтқа шерменде етпесин десең, Дүньядан иймансыз өтпесин десең, Балаңызға ҳәййиў айтың аналар (Полат Карим).

АҢЛАТПА ат. лингв. (лат. annotatio) 1. Китапқа берилген қысқаша түсиник. 2. матем. Қәлеген санлар, ҳәриплер ҳәм белгилериниң бирикпеси. Барлық математика аңлатпалардан ибарат деп айтыўымыз мүмкин (сабақлықтан).

АҢЛАЎСЫЗ р. Байқаўсыз, абайсыз, билместен, елеўсиз. Сыртқа қарай жуўырдым, аңлаўсызда басым қапыға сарт етип соғылғанда мийим шайқалып кеткендей болды (К.Смамутов).

АҢЛЫ кел. Сезимли, байқайтуғын, серли, сезими бар, если, еси дүзиў, сезгир. Бираз аңлы болсаң сен де, Кеўлиң жақсы сезер сениң (С.Мәжитов).

АҢЛЫҒЫШ Бақлағыш, сезгир.

АҢЛЫСЫЎ ф. Сынасыў, көзден таса қылмаў, кемисин көриў, бақласып жүриў. Ҳаялынан оның кимде қандай дығы барын, ким менен сөз алысып, көз астынан аңлысып жүргенин душпанның бары-жоғын сорап көрди (Т.Қайыпбергенов).

АҢЛЫЎ ф. 1. Бақлаў, көзде тутыў, көрип жүриў, байқап жүриў, қадағалаў. Алыстағы душпаннан аңлып жүрген дос жаман (ққ.х.н.). 2. Изине түсиў. Аңлыўда болыў — изине түсиў, бақлаўда жүриў. Аңлыўға алыныў — бақлаўда жүриў, изине түсиў, басқан қәдемин бақлаў. Аўзын аңлыў — ҳәр бир сөзине итибар бериў, айтқанларын қалдырмай қылт етпей тыңлаў. Бирин-бири аңлыў — өз ара қарсылас болып, бақласып жүриў. Жолын аңлыў — жолында жасырынып, изине түсиў.

АҢЛЫЎШЫ ат. 1. Изине түсиўши, тосыўшы. 2. Қараўыл, гүзетши. 3. Тексериўши, қадағалап бақлаўшы.

АҢСАР ат. қыял, кеўил, зейин, дыққат, аңсаған, кеўли күсеген. Детдомға таслаған жетим баладай, Шалқыған дәўирин, шадлығын аңсар (М.Картбаева). Аңсары аўыў — қуштар болыў, кеўли аўыў, кумартыў, ҳәўес етиў. Қамсығар биразлар ықбалы жанбай, өзи сүйилмеген, сүйсе де жандай, Көрип аккуўды аўар аңсары, Деп кояды: «Бул куслар бахытлы қандай!». (Бахытлы Сарыбаев).

АҢСАТ кел. Женил, кыйын емес, оңай, қолай. Нәмнаған, ап-аўыр жигиттиң геўдесин көтерип келиў Надеждаға аңсат болған жоқ (Ж.Аймурзаев).

АҢСАТЛАСТЫРЫЎ ф. Жениллестириў, мүмкиншилик ислеў, оңайластырыў. Олардың мүмкиншилигин аңсатластырды.

АҢСАТЛЫҚ ат. Жениллик, оңайлық, қолайлық. Аңсатлық пенен табыс жоқ, бирақ ойлан (Ө.Хожанов).

АҢСАЎ ф. Күсеў, сағыныў, әрман етиў, үмитлениў. Мароккода қайғы шегип жабығып, күн нурын аңсаған лала сулыў қыз (Ш.Мәмбетмуратов). Айыбы сол: ықбал аңсап, сүйген дослық, тынышлықты (И.Юсупов).

АҢСЫЗ кел. 1. Абайсыз, серсиз, ойсыз, аңлаўсыз, байқаўсыз. Ушса парлар қырғаўылдың қанаты, Оннан үркер аңсыз жолаўшы аты (Ж.Аймурзаев). 2. Бийғам, алансыз, ойланбай. Бир мәҳәлде аңсыз турған Айқыздың қасына мылтықтың даўысы гүрп етти (А.Бегимов).

АҢ-ТАҢ р. Ҳайран, әжептәўир, бир түрли. Ол сиңлиси менен Атажанды көрип аң-таңы шығып, есик аўзында не қыларын билмей силейип қатты да қалды (А.Бекимбетов). ◊ Аң-таң болыў — ҳайран болыў, түсине алмаў, таң қалыў. Еситкенлер аң-таң болып қарасар, «Байгус аўырған ғой» десип аясар.

АҢШЫ ат. 1. Мерген, кусшы, аңшылық пенен шуғылланыўшы, кәсип етиўши инсан. Аңшы пейлин анда көрдм, Жан себил шикарда көрдм, Пайда куўған саўдагердиң, Шырўан енер түслерине (И.Юсупов). 2. Бир нәрсениң изине түсиўши, аңлыўшы. Шешен сөзшил келеди, аңшы изшил келеди (ққ.х.н.).

АҢШЫДАЙ кел. Аңшы тәризли, аңшы сыяқлы.

АҢШЫЛЫҚ ат. Қус салыўшылық, аң аўлаўшылық, мергеншилик, аң аўлаўды кәсип етиўшилик. Кердер турғынлары ҳәр қыйлы балық түрлерин-сүўен, шортан, ылақа, сазан, сыла, шабак балықларды аўлаған, аңшылық пенen де шуғылланған, бул жерлерде жолбарыс, қуланлар көп болған (тарийхый дереклерден).

АҢЫЗ ат. (лат. legenda) 1. Өмирде болған адамлардың, тарийхый тулғалардың басынан кеширгенлери туўралы халық аўзындағы әңгиме. Байлық емес, аңыз болып исиң қалар, ол ислериң айдын жолды беккем салар, Оны көрип жаңа әўлад үлги алар, Мазмунлы ҳәм шарапатлы жасап үйрен (Т.Қарлыбаев). Бердақ шайыр белгили қарақалпақ шайыры, аты аңызға айланып, халық тәрепинен «шайырлардың — шайыры» атағы берилген (газетадан). 2. Әдеб. Ел, тайпа, урыўлардың шыққан теги, кешкен жолы ямаса тарийхта болған белгили шахслар туўралы тарийхый шынлыққа тийкарланған, көркемлик сыпатқа ийе фольклорлық, прозалық жанр. Аңызлардaғы сөз етилетуғын ўақыялар, ҳәдийселер, образлар дүркини тарийхый турмыс пенен тығыз байланыста болып, тарийхый фактлерге тийкарланған, атқаратуғын ўазыйпасы бойынша қандай да бир болып өткен тарийхый ўақыяларды, турмыста жүз берип атырған елеўли ҳәдийселерди, белгили адамлар ҳаққындағы, анық географиялық орынлар, урыў, кәўим, халық атамалары туўралы зәрүрли мағлыўматларды әўладтан-әўладқа жеткерип туратуғын өзгешеликлери менен көринеди (Ққ.фольк.). 3. Атыз, қыйтак, егин жер. Гәй жерлерде бийдай аңыз көринеди («Әмиўдәрья» ж.). Аңыз етиў — белгили бир ўақыяны, жағдайды, ҳәдийсени сөз етиў.

АҢЫЗ-ӘҢГИМЕ Аңызлар менен әңгимелер жыйынтығы.

АҢЫРАЙЫЎ 1. Ес-ҳўшын жоғалтқандай, албыраў, бийпәрўа қараў. 2. Ҳайран, таң қалыў, аўзы ашылыў, лал болыў, серсиз қалыў. Қыз әлле бир сумлықты сезгендей лал болып аңырайды (Х.Сейтов). 3. Есиктиң, қапының ашық турыўы. 4. Бакырған даўыс шығарып бозлаў.

АОРТА (грек aorte ... aeiro-көтеремен) анат. Жүректиң шеп қалташасынан басланатуғын ең ири тамыр. Оннан тарқалатуғын артериялар пүткил ағза ҳәм тоқымаларды кислородқа бай қан менен тәмийинлейди.

АПА ат. 1. Ана, баланың туўған анасы, шешеsi. Әкем неге екени белгисиз, апама бир, маған бир көз таслап, қып-кызыл болып кетти (К.Смамутов). Алыстан аңсап келемен, «Үлкейемен еле мен, Апама жәрдем беремен, Ислериңди сағындым» (Ү.Тәжимуратова). 2. Әжапа, қыз апа, бирге туўысқан қыздың үлкени. Ол ҳәзир Хемиолидиң оғада жас шағында қайтыс болған апасы ҳаққында ойлады (Р.Тагор). 3. Әкесиниң яки анасының анасы, әжеси, кемпир апасы. Апам шаўлық, анам ақлық көрсем деп, Ал иним жүр алдым ашық жүрсем деп (Қ.Бабаниязов). 4. Жасы үлкен ҳаял адамды ҳүрмет етиў, ҳүрметлеў мәнисинде қолланылады. «Ana, енди теңиз жоқ, кемелер қатнамайды, балаңыз қайтса машинада ямаса самолётта келиўи мүмкин, бирақ теңиз жолы менен емес» — дейди (газетадан).

АПАЖАН ат. 1. Апасына еркелеў, қәстерлеў мәнисинде қолланылады. 2. Жасы үлкен ҳаялларға миннетдаршылық, ҳүрмет көрсетиў мәнисинде қолланылады. Ақшолпанның ҳүрмети бар, орны бар, Жас кишилер апажан деп орынлар, Менде сени ҳүрметлеймен өзгеше, Жүрегимде достым деген орын бар (М.Бабаназаров).

АПАЙ ат. Жасы үлкен ҳаялларға, өзинен жасы үлкен қыз-келиншеклерге айтылады, улыўма сыйласық ретинде де қолланылады. Жигитлер ҳәм қызлар Ақназар ата менен Бийбигүл апайға көз айдын айтты (Т.Нәжимов).

АПА-СИҢЛИ ат. 1. Бир-бирине туўысқан ямаса туўысқанлық байланысы бар ҳаял адамлар. Дүньяда өзи дийдарынан, әсиресе ағайин-туўысқан, дос-яран, аға-ини, апа-сиңли, ата-ана дийдарынан әзиз, қуўанышлы не бар? (газетадан). Апа-сиңли, қарындаслар ийбели, Мәкан тутқан жери Байсын жийдели. Шашлары қырқ өрим, түймели, Дүнья аналардан жаралған дейди (Қ.Дәўлетниязов). 2. Сыйласық, ҳаял-қызларға қарата айтылған қатнас жасаў, мүнәсибет билдириў. Үйде бос отырған апа-сиңли, аға-инилерди Кегейли районына пахта жыйын-теримине мирәт етемиз (газетадан).

АПАЛЫ-СИҢЛИЛИ р. Үлкен-кишили, жақын, туўысқан ҳаяллар, қызлар.

АПАҚ-ШАПАҚ р. Ўақты хошлық, кеўиллери хош болыў, биргелесип қуўанысыў. Жадырасып жақсы күтип алысты, Апақ-шапақ қуўанысып қалыстық, газ плита гүрлеп жанып, шай қайнап, Жыллы жерге қалың төсек салысты (И.Юсупов). Отырсам болдым опақ, Түргелсем болдым сопақ, Күнлер қайда апақ-шапақ, Өттиң бе бастан өмирим (Бердақ).

АПАЛАҚЛАЎ ф. Албыраў, асығыў, ҳаплығыў, не ислерин билмеў, айрықша қуўанғанлықтан ямаsa албырағанлықтан сасқалақлаў, абыржыў. Екеўимиз де әдеп апалақлап қалдық, Соңынан Мийирхан басын сәл көтериңкиреп питегене мыйық тартты да қойды (Ө.Хожаниязов).

АПАЛАЎ ф. Анасын шақырыў, қайта-қайта апа дей бериў, апа деп тәкирарлаў. Ең акырында болмаған соң апалап айбарақ салып бакырдым (Ж.Аймурзаeв).

АП-АЛЫС р. Дым алыс, жүдә алыс, оғада алыс, әдеўир жер, узак. Суўы да жүдә там-тарыс, өрис қалды ап-алыс (Т.Жумамуратов).

АП-АҢСАТ кел. Аңсат, жүдә аңсат, дым аңсат, оп-оңай, жеп-жеңил. Маған да ап-аңсат дәлил табылады (Т.Қайыпбергенов).

АП-АНЫҚ кел. Жүдә анық, түсиникли, беп-белгили, жақсы белгили, қайнақай. Жаздың айы, қара үй шийшең, сырттан келген адам ап-анық көринеди (Қ.Айымбетов). Билди қыз жаўды ап-анық, Ханнан келгенине қанық, Тағы күшин жыйды анық, Есигин бекитти беккем (Бердақ).

АПАРЫЎ ф. 1. Бир нәрсени екинши бир жерге жеткериў, алып барыў, өзи менен бир нәрсени алып барыў. Ала ғарға нанымды алды, Апарып салмаға салды (Қ.Айымбетов). Базарға сатсам апарып, Жалғыз қара болмайды, Барлық көрпе төсегим (А.Дабылов). Сoндaй «сөз бенен ис бирлиги» десең, Базы басшы бас қатырар бул гезде: Әўел сөзди иске апарсақпекен, Я исти апарыў керек пе сөзге? (И.Юсупов). 2. Алып кетиў, соңына ертиў, баслаў. 3. Жақынлатыў, жеткериў. Сол кезлерде Қоразбек маңғытлардың ийесиз қалған жерлерин абат етиў ушын суў апарыў ислери менен машқул болып жүрген болады (газетадан). 4. Жумысты жүргизиў, ис алып барыў, ислеў. Апарып соғыў — тап болыў, ушыраў, жетиў. Бираз жерге апарыў — мақтаў, гәп етиў.

АПАРҒЫЗЫЎ Затты, нәрсени бир жерден екинши жерге алып барғызыў, апартыў.

АПАРҒЫШ апара бергиш, апарыўға қумар, тасығыш.

АПАРЫЛЫЎ бир жерден екинши жерге әкелиниў, тасыў.

АПАРТЕИД (африка. Apartheid — бөлек-бөлек жасаў) Расалық кемситиўлердиң ең жаўыз көриниси.

АПАРЫЎШЫ алып барыўшы, жеткериўши.

АПАТИТ (лат apatetikos-алдаўшы, адастырыўшы) Вулканнан атылып шыққан көп жыныслардың бәрқулла курамында бар болған минерал (әсиресе фосфатлы төгинлер ислеп шығарыў ушын қолланылады).

АПАТИЯ (грек aphateia-немқурайдылық, қызығыўдың жоқалыўы, бийпәрўалық) 1. Адамның әтирапта, орталықтағы ўақыя ҳәм ҳәдийселерге бийпәрўа болып қалыў ҳалаты. 2. Мед. Сыртқы орталыққа қызықпай, пүткиллей бийпәрўа болып қалыўы менен сыпатланатуғын кеселлик.

АПАТ ат. 1. Қәўип-қәтер, қырғын, бахытсызлық, күтилмеген жерден болған аўыр ўақыя, тосыннан келген қәўип. Тосаттан келиўши апат, бәлелер, Тарийхқа айланар қара сәнелер (С.Курбанов). Гүрес бир абырай, урыс бир апат, Кисини кемситпек саған кәсапат (Мақтымқулы). 2. Машина ямаса басқа техниканың бүлиниўи нәтийжесинде адам күшли жарақатланыўы яки өлимине себепши ўақыя. Ашылмастан, он гүлиннен бир гүлиң, Ах! Жол апатына тап болып сиңлим, Кең дүньяны бизге тар қылып кеттиң (Ақшолпан Аманияз). Апатқа ушыраў (болыў) — шығын болыў, қаза табыў, қыйраў, бүлгиншиликке ушыраў.

АПАТШЫЛЫҚ ат. Аш-аптадалық, елдиң қорланыўы. Ҳәзир нелер болмай атыр дүньяда, Бир жақларда суўы сыймай дәрьяға, Апатшылық көрип атыр таскыннан (И.Юсупов). Бул ашлық бир апатшылық болды ғой, не илаж?.. ... — деп өзинен-өзи сөйледи (Б.Бекниязова).

АП-АЎЫР кел. Дым аўыр, тәўирак аўыр, жүдә аўыр, аўырлығы жетерли. Аздан соң еңкейип шыға бергеним ап-аўыр денем еңсесинен баса кетти (Т.Қайыпбергенов). Ап-аўыр сөз айтса ойыңнан кетпес, Сасық ойларына ақылың жетпес (Омар).

АП-АШШЫ кел. 1. Дым ашшы, жүдә ашшы, уў зәҳәр. Нақыл ғой ол билсең халықтың мүлки, Билмесең бил, журтқа боласаң күлки, Неге шоршып түстиң туўлап нағашым, Жеп қойғандай ыршып ап-ашшы түрпи! (Ақшолпан Аманияз). 2. Аўыс. Адамға аўыр тийетуғын, қатты бататуғын, кеўлине азар беретуғын: Ашшы ҳақыйқат. Тили ашшы. Сынақлы дүньяда сүриндим қалдым, Ап-ашшы ҳақыйқат бүгилип жандым (Зульфия).

АП-АШЫҚ кел. Қалай болса солай ашық, толық ашылып турған, кере ашық. Түнниң аз-маз аязы болмаса, аспан ап-ашық (Ш.Сейтов).

АП-АЯН кел. Белгили, ап-анық, мәлим, түсиникли, аттан-анық, беп-белгили. Бул мәстанның минези бизге ап-аян («Әмиўдәрья» ж.).

АПЕЛЬСИН (голл. appelsien — «қытай алмасы») 1. Қубла тәреплерде өсетуғын бәрқулла жасыл цитрус терек ямаса пута. 2. Усы теректиң қабығы тоқ сары, жуқа перделер менен тилимлерге бөлинген домалақ ҳәм созылмалы суўлы мийўе түри. Апельсин тери дүзилисин тынықластырады, оны қабыл етиў стрессти кемейтетуғынлығы дәлилленген (газетаdan).

АПЕЛЛЯЦИЯ (лат. apellatio — мәме етиў, арза) 1. Қандай да бир қарар, пикир, алынған нәтийже ушын жоқары шөлкем яки мәкемеге шағым арза менен жолығыў. 2. Суд ҳукими, қарарынан наразылық билдирип, оның тийкарына қарай қайта көрип шығыў ҳуқықына ийе болған жоқары судқа шағым арза етиў формаларының бири. 3. Мәсләҳәт бериў, қоллап-қуўатлаў ушын қатнас.

АПИКАЛ (лат apex-үстки, ушы, жоқарғы) тилдиң алдыңғы бөлими тил ушы менен бирликте азлап көтерилип жоқарғы тислерге тийиўи арқалы апикал даўыссыз сеслерди жасайды. Олар d, t, c, l, n сеслери.

АПҚАЛ ат. 1. Пейил, минез, қулық, кейип, әдет. Апқалына қарасеш, Туўрайжақ бизди үзбендей (А.Дабылов). 2. Сөйлеў т. Алып қал мәнисинде.

АПҚАН ат. Тилек, нийет, әрман. Анасы айтты күймеспеn, Өли тиринди билмеспеn, Әжел жетпесе өлмеспеn, Дейип апқан қылған екен (Бердақ).

АПОГЕЙ (грек. apogeios — Жерден узақта (жайласқан)) астр. Жер жолдасы орбитасының Жер орайынан ең узақ ноқаты.

АПОПЛЕКСИЯ (грек apoplesso-соққы менен зәлел жеткеремен) Бас мийине қан куйылыўы яки мий тамырына қан қоқымының тығылып қалыўы нәтийжесинде есинен кетиў яки болмаса ләң болыў менен өтетуғын кеселлик ҳалаты.

АПОРТ(ЛАР) (лат. apporto — келтиремен, алып келемен) 1. Сатылған акцияларға төлеў сыпатында акционерлик жәмийетине келип түсетуғын мүлк. 2. Алма мийўеси, таўлы аймақларда өсетуғын суўыққа шыдамлы сорты.

АПОСТЕРИОРИ (лат. a posteriori — кейингисинен, кейин турғанынан) филос. Тәжирийбеге тийкарланған, тәжирийбеден келип шығатуғын.

АПОСТРОФ (грек. apostrophos — шетке, арқа тәрепке қараған, қаратылған) Жазыўда (гейпара тиллерде) ҳәриплик белги менен көрсетилмейтуғын үнли орнына қатар үстине қойылатуғын яғный үтир белгисине уқсайтуғын (’) вергул көринисиндеги белги. Тағы да жазыўда шет тилинен кирип келген меншикли атлардағы жанапайларды бөлип көрсетиў ушын сөздиң үстине қойылатуғын белги. Мыс: Жанна д’Арк, о’Генри. 2. Фонетикалық транскрипцияда даўыссызларды жинишкеритип көрсетиў ушын сөздиң үстине қойылатуғын белги.

АПОСТРОФА (грек — шетлеў) Стилистикалық усыллардың бир түри болып, гейде шайыр жансыз нәрсеге жанлы нәрседей, жоқ нәрсеге бардай қатнас жасаў. Мыс: Бир келиппен келмей-келмей, Есигиңди көрдим төрдей, Сенде мениң Әмиўимдей, Аш қушақты маған, Дунай (М. Сейтназаров). 2. Бар, қатнасып отырғанға қарата туўрыдан-туўры яки тиккелей қатнас жасалмай айтыў, пикир билдириў.

АПОСТОЛ ат. (грек apostolos) диний. Христианлардың ертедеги бир қәўимнен екинши қәўимге жаяў жүрип жетип, динди тарқатқан әўлийелер.

АПОСИОПЕЗА (грек aposiopesis-жасырыў) Оқыўшы ямаса тыңлаўшының айтылажақ ойға, пикирге дыққатын аўдарыў ушын гәптин ортасында яки кейнинде үзилиске түсип тамамланбай қалыўы. Мыс: Яқ....қыстаўсыз... Жақында сайлаў бар. Күтип отыр ол жақта, — деди (И. Юсупов).

АППАҚ кел. 1. Қардай, ақ түсли, дым ақ, жүдә ақ. Ренине тәрип берип өтейин, Сары түсин жарық күнге теңейин, Аппақ ренин нуры дейин үйниңниң, Ал қарасын көзлерине мензейин. (У. Бижанова). Аппақ қарға асығып, алақанын тутады, Оннан сайын мәс қылып, Жапалақлап жаўады. (Д. Оразов). 2. Пәкизе, таза, гирбиңсиз. кирсиз, гүнасыз, кеўлинде кири жоқ. Киши менен кишидей, Үлкен менен үлкендей. Ашқан аппақ жүрегин, Тәсил-пәсил бүркемей (Т. Жумамуратов). Сени мегзетемен — Қарақалпағым, Қәлби аппақ нәрестеге саўдырақ, Сумлығы жоқ айтып сөздиң анығын, Туратуғын еки көзи жаўдырап (Ақшолпан Аманияз). 3. Еркелетиў, марапатлаў, гирбиңсиз, таза, пәк мәнисинде. Айланайын аппағымаў, Қозы жүнли қалпағым, Журт сүймесе сүймесин, Өзим сүйген аппағым (ққ.х.с.ж). Ғарға сүйер баласын аппағым деп, Кирпи сүйер баласын жумсағым деп (нақыл). Аппақ қуўдай — 1. Боп-боз, жүзинде бир тамшы қаны жоқ; 2. Толық ағарып кеткен.

АППАРАТ (лат apparatus-таярлық, буйым, үскене) 1. Қандай да бир жумысты орынлаў ушын хизмет ететуғын әсбап, үскене, механизм ҳәм усы сыяклылардың улыўма аты. Телефон аппараты, Фото аппарат. «Замин» халықаралық жәмийетлик фонды тәрепинен 200 дана еситиў аппараты менен тәмийинленеди (газетадан). Жүрек гүрс-гүрс, шүйкилдейди аппарат, Тири болсаң тири тилде даңқ тарат, Импульс барма жатпа бийкар жалт қарап, Тилиң дүньялық тилге кириўи керек (А.Дәрменов). 2. физиол. Белгили бир ўазыйпаны орынлаўшы ағзалар Көриў аппараты. Дем алыў аппараты. 3. Басқарма яки хожалықтың қандай да бир тараўында хизмет ететуғын мәкемелер жыйынтығы, усы мәкеме хизметкерлери. Мәмлекетлик аппарат. Басқарыў аппараты.

АППАРАТЛЫҚ аппаратқа тийисли.

АППАРАТУРА 1. Белгили бир исти орынлаўшы аппаратлар жыйынтығы; лаборатория, цех, үлкен қурылма ҳ.т.б да әсбап-үскенелер. Химиялық аппаратура. 2. инф. Компьютердиң техникалық қураллары менен физикалық үскенелери. Аппаратура—механикалық, электрлик ҳәм электронлық қурылмалар, яғный компьютердиң курамындағы қурылмалар: клавиатура, монитор т.б. (информатика сабаклығы).

АППЕНДИКС (лат. appendix — артықша, өсимте) анат. Сокыр ишектиң курт сыяклы өсимтеси.

АПЕНДИЦИТ ат. Аппиндикстиң исиниўи кеселлиги. Аппендицит кесели ўақтынан кешиктирмей операция ислеўди талап етеди, болмаса өмирге қәўип туўады (газетадан).

АППЛИКАЦИЯ (лат. applicatio — мейиллик, бирлесиў, қосылыў) 1. Қандай да бир гезлеме, қағазға рәңбәрең гезлеме ҳәм қағаз бөлеклерин жабыстырып яки тигип нағыс салыў усылы. 2. Сол усыл менен салынған сүўрет, нағыс, сондай нағыслы буйым.

АПРЕЛЬ (лат. aprilis ... apricos — қуяш ысытатуғын) Жаңаша жыл есабында төртинши ай, он еки айдың бири, бәҳәр айы. Апрель айының биринши ярымынан баслап, сәўирдиң самалы есип, жер дарайы көйлегин кийип, көк шөплеp менен безелди (Ө.Айжанов).

АПРИОРИ (лат. a priori — әўелден, әўел басынан) филос. Тәжирийбеге тийкарланбаған, тәжирийбеден алынбаған, тәжирийбеден алдынғы.

АПРОБАЦИЯ (лат. approbatio — мақуллаў, тастыйықлаў) Тексериў, сынаў ҳәм додалаў тийкарында рәсмий түрде мақуллаў.

АП-САП р. Тамам, кейин, тып-тынышлық. Той ап-сап болғаннан кейин Омардың шешеси баласы менен келинине қара үйдиң оң қапталына төсек салыпты. (М.Абдиреймов).

АПТАП ат. 1. Әптап, күн, қуяш, ашық, тынық, таза, күнниң көзи, сәўлеси. Мың санлы садаға басқан изинен, мисли аптап киби йүзлери бардур (Әжинияз). 2. Күнниң, қуяштың қызыўы, ысыўы. Аптап урса оттай қарып, Шәмен жанып күл болсын деп, Бағ еседи бүртик жарып, Жәҳән толы гүл болсын деп (Б.Қайыпназаров).

АПТЕКА (грек. apotheke — склад) 1. Врачлардың жазып берген рецептлерине қарап дәри таярлайтуғын, сондай-ақ, дәри-дәрман ҳәм басқа медицина товарларын сақлайтуғын ҳәм сататуғын мәкеме, дәрихана. Түстен кейин аптекадан ҳаялым дәри әкелди (А.Бекимбетов).

АПТЕЧКА Биринши медициналық жәрдем көрсетиўде, тийкарынан өз-өзине яки өз ара жәрдем бериўде қолланылатуғын дәри-дармақлар ҳәм солар сақланатуғын қутыша. Ҳәр түрли дәрилери бар аптечканың бар болыўы шәрт (А.Джальменов).

АПТЕКАШЫ 1. Аптекада дәрилер таярлайтуғын қәниге; фармацевт. 2. Аптека ийеси, хожейини.

АПЫЛ-ТАПЫЛ р. Жүрер-жүрмес, жығылып-сүринип, шала-шарпы адым атлаў, зордан-зорға, жүриўге енди ғана үйренип киятырған. Бир жасына шықты апыл-тапыл жүрди, баланың қызығын көрди («Мәспатша»). Көсилип жатқандай жалаң аяқлы, Апыл-тапыл жүргендеги излерим, Имма деўге зордан келген сыяклы, Жаңғырып турғандай шала сөзлерим. (Б.Қайыпназарoв).

АПЫР-ТАПЫР р. Баса-бас, қалай болса солай, асығыс, әй-пәйине қарамастан, тез-тез. Айпараны тута алмай, Есабы жоқ көп қалмақ, Апыр-тапыр болады («Мәспатша»). Ҳәмме ҳаўлығысып сыртқа қарай апыр-тапыр атлығып шықты (А.Баймуратова).

АР I Адамгершилик қәсийет, намыс, уят, ҳүждан. Асыраймыз, айбатым деп, арым деп, Ялғаншыда, өмирлигим, барым деп. (С.Қунназаров). Қарақалпағымсаң — намысым, арым, Ал мен перзентиңмен, мәңги диярым! (Г.Есемуратов). Ар көриў — намысланыў, уят санаў. Арын арлаў — намысын қорғаў, пәклигин дәлиллеўге ҳәрекет етиў, көмеклесиў. Арын сақлаў — намысын қорғаў, адамгершилигин сақлаў. Арын сатыў — намысынан безиў, уятқа қалыў. Арын төгиў — намысын қорлаў, уятқа қалдырыў. Пәнт жедим, ар-намысым ишиме сыймай жүрегимди жандырып жиберди (А.Бекимбетов).

АР II (фр. are ... лат area — майдан, бети, жүзи) Метр өлшеми системасында жүз квадрат метрге тең жер өлшеў бирлиги, бир гектардың жүзден бир бөлеги.

АР III ар жақ. 1. Қарсы жақ, арғы бети. 2. Изи, даўамы.

АР-НАМЫС Адамгершилик, қәсийет, ар, уят, намыс.

АРА ат. 1. Орта, ашықлық, ўақыт, аралық. Ашыңыз енди араны, Ҳаялға нәўбет қарады (А. Дабылов). Мақсым, Әмет қармалаўға тал таппай, Қашқан еди бир ақшамда арадан (И.Юсупов). Арадан неше күн өтеди, бай сол баяғыша түнде кетеди, азанда келеди (Қ. Айымбетов). Енши тийип еки теңиз арасы, Қолында қалқаны, қылыш, найзасы, Қара қалпақ кийип, ата мийрасы, Ҳақ пәтия алған ана тилинде (Ж.Өтениязов). 2. Адамлардың өз ара қарым-қатнасы. Кеўил жақын, ара алыстай, Әнтек бопты жүрген таныспай. (Ақшолпан Аманияз). 3. Ортасында, ишинде араласып жүрген. Араға от түсиў — ренжисиў, аразласыў. Араға шайтан араласыў — суўысыў, урысыў, өшигиў. Арадан қыл өтпес — татыў, сыйласықлы. Арасы алыслаў — 1. узақласыў; 2. Ренжисиў, аразлаў, өкпелесиў. Арасы аспан менен жердей — уқсамайтуғын, парық қылатуғын, өзгеше. Араға түсиў — араласыў, арашалаў, қорғаў, бириктириў. Қас пенен көздиң арасында — демде, тез. Екеў ара — екеў-екеўден, Тез ара — тезлик пенен, өз ара — өзли өзи. Ара тура — арасында. Күн ара — еки күннен бир күн, ҳәр күни емес.

АРАДА еки ортада, белгили пайытта. Жақын арада — тез күнлерде, жақында.

АРА-АРАСЫ р. Ҳәр дайым, гейде, гей ўақлары, ретинде. ... ара-арасында жәмийетлик жерге де қатнаса баслады, лекциялар да оқып жүрди (Қ.Айымбетов).

АРА-АРАСЫНДА р. Гейде, гей ўақытлары.

АРАБ н. араб. 1. Азияның Парсы қолтығы менен Жер Орта теңизи арасы бөлиминде Африкада жасаўшы, сомий тиллериниң биринде сөйлесиўши халық, миллет аты, араб еллериндеги халықлардың жалпы аталыўы, сол халықлардың ўәкили. 2. Усы халыққа (миллет) тийисли (шахс, мәмлекет ҳәм т.б) Араб алфавити — араб ҳәрип таңбалары жыйынтығы. Араб ҳәриплери — араб тилиндеги сеслерди белгилеў ушын алынған таңбалар. Араб жазыўы — Әййемги Вавилондағы аккад, шумер тайпаларының жазба ҳәриплери негизинде пайда болған ески жазыўы. Араб тили — семит-камит тиллер семьясының семит тиллер топарына киретуғын тил. Араб цифры (санлары) — математикалық таңба.

АРА БЕРИЎ ф. Пардозлаў, өзине қараў, пәкизелеў, сулыўлаў, сыйпанып тараныў. Ара берип ақ жүзиңе, муртыңа, Атланып бар балам дайы журтыңа (А.Дабылов).

АРАБЫ Арабларға ҳәм Арабстанға тийисли. Арабы ат.

АРАБИЗМ араб тилинен өзлестирилген сөз яки сөйлемлер (ибара).

АРАБЫ кел. қ. әреби.

АРАБША 1. Арабларға, араб әлипбеси, тили, әдебияты ҳәм мәдениятына тийисли. Арабша жазыў. 2. Араб тили.

АРАЗ (араб тилинен — бийкарлаў; терис қараў) Айыплап, гүнакарлап, гийне сақлап сөйлеспеў, байланыс жасамаў ҳалаты, татыў емес. Максетин араға от салып, араз кылмақ ушын сөз таўып жүрсең («Мәспатша»). Ашыў — араз, ақыл — дос (нақыл). Көрсетип ҳүрмет үлкенге, Иззетти жақсы еткенге, Араз болып көп кеткенге, Мүриўбетлик байрам келди. (У.Тажимуратова).

АРАЗЛАСЫЎ ф. Урысыў, өкпелесиў, кеўил қалысыў. Татыў едик, бирге жедик тапқанды, Бай, орташа аразласқан жоқ едик (И.Юсупов).

АРАҚ (араб тилинен — тер, пуўланыў) Суў ҳәм этил спирти араласпасынан таярланатуғын ишимлик, шарап. Арақ ишип мәс болған, Өз-өзине қас болған (А. Бегимов). Кафе тойлар еди буннан тысқары, Арақ болды сәл ғыйты етсе қушқаны, «Жүз грамм куй» — сылтаўының биреўи, Таң азанда турса шеке қысқаны (Ж.Хожалепесов). Бар тапқанын ишип жүрген заңғар бул, Алтын менен арақ турса алдында, Ойланбастан шайтан шайын таңлар бул (Ж.Хожалепесов).

АРАҚҚУМАР р. Ишимликке берилген, арақхор.

АРАҚХОР Ишиўшиликке берилген, арақты көп ишетуғын, мәскүнем. Ақмақ жөнсиз қаңғыйды, Арақхор дүкән аңлыйды (ққ.х.н.).

АРАҚХОРЛЫҚ Арақты көп ишиўшилик; майхорлық, ишкиликпазлық.

АРАҚ-ШАРАП ат. Ишимликтиң жалпы аталыўы.

АРАЛ ат. геогр. Жан-жағы суў менен қоршалған қурғақлық, атаў.

АРАЛАС 1. кел. Бирдей емес, ҳәр түрли. Аралас санлар. Дәрьяның еки бойы тал аралас тораңғыл тоғай болған (К.Султанов). Аралас егинлер аўыл хож. — Бир танапта бир ўақыtta өсирилген бир неше дақыл. 2. Қосылған, қарысып кеткен, синискен, бирге (түрли инсанлар, нәрселер). Суўымды сағалас еткен, Елимди аралас еткен, Түркменге намалас еткен, Ғардашы көп туўысқанлық (И.Юсупов). 2. көм с. Аралас қоспа гәп — дизбекли, бағыныңқылы, дәнекерсиз қоспа гәплердиң аралас байланысынан дүзилип келгенде де, дүзилиси, орын тәртиби ҳәм мәнилери жағынан ҳәр түрли болып келеди. Аралас-куралас — қосылып, биригип кеткен.

АРАЛАСПА Бир түрдеги, бир жыныслы болмаған затлардың, элементлердиң механикалық қосылмасы; түрли затлардың биригиўинен пайда болған өним. Хлорлы араласпа.

АРАЛАСТЫРЫЎ араласыў фейилиниң өзгелик дәрежеси. Бир нешше затты қосыў, бириктириў.

АРАЛАСЫЎ 1. Бир-бирине қосылыў. 2. Қандай да бир топар, группаға т.б қосылыў, кириў. 3. Бас қосыў, қатнасыў (гәп-сөз, ис т.б.) 4. Байланыс, мүнәсибетте болыў; адамларға қосылыў. Жигитлер бир-бирине қарасып, мақулласып ымласты. Сөзге тағы Әжинияз араласты (К. Султанов).

АРАЛАС-ҚУРАЛАС араласқан ҳалат.

АРАЛАСЫЎШЫ ат. Қосылыўшы, қатнасыўшы адам.

АРАЛАТЫЎ аралаў фейилиниң өзгелик дәрежеси.

АРАЛАЎ Ишинде жүриў, қыдырыў. Көп жылқыны аралап, Әкесиниң малындай, Қырқ атты таңлап алады (Бердақ).

АРАЛЫҚ ат. 1. Қашықлық, еки ортасы, арасы. 2. Ўақыт, мезгил, гез.

АРАЛЛЫ ат. Арал бойының адамы, халқы. Араллылар менен қарақалпақлар жийи-жийи отырған аўыллардың орны, гөне жоллардың қалдықлары, бир жерлердиң абат болған, үстинде сығасқан ел отырғанын дәлиллейди (Н. Дәўқараев).

АРАН ат. 1. бот. Көкнар туқымласына жататуғын бир жыллық өсимлик, шөптиң түри, аран жаўын менен қырда өседи. Аран менен селеўди, Аттың оты дер еди («Алпамыс»). 2. Ерте заманларда өмир сүрген ҳайўанаттың бир түри. Аран киби ашылғанда аўызы, Сәл созылып саўмалаған саўрысы (Т. Қабулов). 3. Гербиш пенен темирден жасалған қоршаў. 4. Аң аўлаўда қолланылатуғын үсти жабылған терең ор, шуқыр. Үстирттеги бул сырлы объектлердиң сайғақ, қулан, арқар, жайран киби мыңлап топарласып жүретуғын дүз аңларын массалық түрде аўлаў ушын қурылған қурылыс-аран екенлигин дәлилледи (газетадан). 5. Нәпси, қулқыны. Араны ашылыў — нәпсиси ашылыў, ашкөзлениў, қанаат етпеў, мисе тутпаў, қунығыў.

АРАП ат. қ. Араб. Арап халқы. Шах жас бала ерке улы, хуп демеклик арап тили (Бердақ).

АРА-ПАРАСЫ р. Ретинде, басқа жумыслардың арасында. Мийирхан екеўимиз ара-парасында көз жиберисип отыр едик, бир қарағанымда ол маған атқан октай тигилди (Ө. Хожаниязов).

АРАПША р. Араб тилинде. Шала саўатлыларды оқытыў жолы булар жоқарғылардан басқарақ, арапшаға қолы келмейтуғын орашолақ («Қыз. муғ». ж.).

АРАСАТ (араб тилинен — майданлар; ҳәўлилер) 1. дин Ислам дининде айтылыўы бойынша кыямет қайым болғанда, барлық адамзат тирилип топланатуғын қорқынышлы далаңлық, қыямет майданы. 2. Аўысп. Шаўқым-сүрен, ала-топалаң, қырғын. Жан-жакта жәнжел, арасат, Кубласы жок арқаның (И. Юсупов). Арасатта қалыў — я ояклы, я буяклы бола алмай, еки ортада, не кыларын билмей, сасқалақлаў. Арасат оты — қыямет майданында жанған от.

АРАСЫНДА р. Гейде, ҳәр гезде.

АРАСЫНША соның арасынша, тез, сол бойы.

АРА-ТУРА р. анда-санда, сийрек, гейде, ара-арасында... Ара-тура салған жылым абағым, майлағанда үйип келер қабағын (С. Нурымбетов).

АРАША ат. Төрелик, кәткудалық. Арашаға түсиў — айырыў. — Ким жағымпаз?... Қой, енди Батыр, деди Камал арашаға түсип. (К. Рахманов). Турым арашаға түсип «Тоғайлы жер аңсыз болмас» деген, жасаўыл тақсырлар Бозатаўда бар бала Хийўада жоқ па? (К. Султанов).

АРАШАЛАЎ ф. 1. Айырыў, жәнжелди басыў, урысқан еки адамды жарастырыў, тоқтатыў. Жигитлер өрре турып, Кудиярды Кәлменниң қолынан зорға арашалап алды (К. Султанов). 2. Сөзин сөйлеў, болысыў, көмеклесиў.

АРБА (араб тилинен ароба) Тийкарынан еки ямаса төрт дөңгелекли, ат, ешек яки өгизге жегилетуғын, адамлар, жүк тасыйтуғын, арбакеш басқаратуғын транспорт қуралы, ағаштан соғылған арнаўлы көлик. Қаладан алғаным алты арба асқабақ (Н. Дәўқараев). Алдыңғы арба қайдан жүрсе, соңғы арба соннан жүреди (кқ.х.н). Өз арбасын тартыў — өз исин, өз тиришилигин өзи көриў.

АРБАБ қ. әрбап.

АРБА ЖОЛ ат. 1. Үлкен жол, арба, машина жүретуғын арнаўлы кең жол. Арба жолдың бойында қалып еди пақырлар, Қызыл қумның ойында (С. Мәжитов). 2. Мектеп оқыўшылары пайдаланатуғын дәптер түри.

АРБАКЕШ 1. Арба менен жүк тасыўшы, арба миниўши, басқарыўшы адам. Алтақтаға жанбаслаған арбакеш, Артта отырған адамға сөз салмас хеш (И. Юсупов).

АРБАЛАЎ ф. Арба менен тасыў. Алтын барма, гүмис барма алып арбалап қаладан шығара баслады (Қ. Ирманов).

АРБАЛЫ Арба жеккен, арбасы бар. Асықпаған арбалы қоянға жетеди (ққ.х.н.). Алыстағы арбалыдан, жақындағы дорбалы.

АРБАНЫЎ алданыў, өзин алдастырыў, өзин-өзи арбаў.

АРБАҚЛАЎ ф. Ҳәрекеттиң ебетейсиз қозғалыўы, ебетейсизлениў, әдеттен тыс ҳәрекет. Арқаландық арбақлап, Ақырет көрдик өлимнен (Жийен жыраў).

АРБАЎ ф. Көтермелеў, жақсы сөз бенен жубатыў, алдастырыў, кеўлин бағыў. Соларды алдап, арбап соңына ертти («Қыз. муғ». ж.).

АРБАША Арбаның кишкенеси, арба сыяқлы көлик. Чайдаковты кишкентай арбашаға жатқарып операция жайына киргизди (А. Бекимбетов).

АРБАШЫ ат. 1. Арбакеш, арба айдаўшы адам, киси. 2. Арбада жақсы жүретуғын көлик.

АРБИТР (лат. arbiter — гүўа, тамашагөй; судья) 1. Тәреплердиң разылығы менен сайланатуғын судья. 2. Спорт ойынлары, жарыслардың қағыйдаларына әмел қылыўды гүзеттип, бақлап барыўшы, баҳалаўшы судья.

АРБИТРАЖ (фр. arbitrage — басқарыў суды) 1. ҳуқ. Тартыслы мәселелерди шешиў ушын арнаўлы шөлкемлестирилген ҳәм ҳәрдайым хызмет көрсететуғын суд органы. 2. Пайда алыў ушын бир валюта базарынан алынған сырт ел валютасының курсы бойынша парқына қарап екинши валюта базарында сатыў.

АРГО (фр. argot — жаргон) Жасалма тил. Қандай да бир социаллық топардың (мыс, студентлер, спортшылар, урылар т. б) өзине тән басқалар түсинбейтуғын сөзлик бирликлеринен ибарат тил.

АРГОН (грек. argos — ҳәрекетсиз) Химиялық элемент, ҳаўа қурамында болатуғын реңсиз ҳәм ийиссиз газ (электр лампалары ҳәм жарық түсириўши реклама әсбаплары ишин толтырыў ушын қолланылады).

АРГОТИЗМ (фр. argotisme ... argot — жаргон) тил билими. Белгили бир социаллық топардағы адамлар арасында қолланылатуғын шәртли сөз яки сөз дизбеклери. Онда турпайылық, кемситиў мәнилери болмайды. Қандай да бир аргодан әдебий тилге өзлестирилген сөз яки ибаралар. Мыс: қоян (билетсиз жолаўшылар — айдаўшы тилинен), уйқылатыў, паңқы, темағо (бәри жақсы), көпирме, антеннасы тартпаў (студентлер тилинен).

АРГУМЕНТ (лат. argumentum — анық дәлил) 1. Пикир, даўа ҳ.т.б дәлиллеўши тийкар, дәлил. 2. мат. Еркин өзгериўши муғдар. Дәлил, себеп, тийкар, исенерли ўәж.

АРГУМЕНТАЦИЯ (лат. argumentatio — дәлиллеў, дәлил келтириў) Керекли пикир яки қағыйданы дәлиллеў ушын дәлиллерди шөлкемлестириў, талқылаў.

АРҒАЛЫ ат. Қой нәсили.

АРҒЫ кел. 1. Ана шети, аржағы. Арғы қыздың бергиси, берги қыздың арғысы, Хийўалысы қайсысы (Қ.Айымбетов). 2. Түп-дәреги, төркини. Баян етсем ҳасыл затын, Арғы атасы Есенгелди (Бердақ). 3. Сырт, шетки жер. 4. Бурынғы, ертедеги, өткен. 5. Кейинги, соңғы, түпки. 5. аўысп. зор, қыйын. Арғы ата — үлкен ата, бабасы. Арғы күни — ертенинен келеси күн, кейинги күн.

АРҒЫ-БЕРГИ р. Бурынғы-соңғы, барлық, пүткил. Арғы-берги жағы — ол жақ, бул жағы, шамасы, мөлшери.

АРҒЫМАҚ ат. Ҳасыл, шапқыр, жүйрик, атларға берилген улыўма аты. Азамат ердиң белгиси, аз ғана сөйлеп көп тыңлар, арғымақ аттың белгиси, аз ғана отлап көп жуўсар (ққ.х.н.).

АРҒЫТ ат. Үлкен ағаш, мықлы, жуўан ағаш. Узыны келискен жуўан бир арғыт, Саны жүз сапасыз талдан жақсырақ (Бердақ).

АРДАҚ 1. Иззет-хүрмет, әдиўлеў сезими, усындай сезимли мүнәсибет. 2. Аяўлысы, әдиўлиси. 3. Қымбатлы, қәстерли, ҳасыл (жер, мәкан).

АРДАҚЛАТЫЎ ардақлаў фейилиниң өзгелик дәрежеси.

АРДАҚЛАЎ 1. Иззет-хүрмет, қәдир-қымбат, сыйласық пенен мүнәсибетте болыў. Атты бақсаң, ардақлап, жаўға бермес тар жерде (ққ.х.н.). 2. Қәстерлеў, абайлаў. Енди тоқталмасын билген соң жигитлер ардақлап баратырған батырдың соңына ерди (К.Султанов). 3. Тәбият байлығын, руўхый, мәдений қунлылықларды қәстерлеў, баҳалаў.

АРДАҚЛЫ Иззет-хүрметке, қәдир-қымбатқа ылайық. Ақ көкиреклик етип, алдаўға инанып, ардақлы Бегислерди таслап та кеткен (Ж.Аймурзаев).

АРДАНА: ардана болыў ф. 1. Мийрас болыў, тийисли болыў. 2. Өзинен аўыспаў, өзине буйырыў. Масқарапаз ҳеш ўақытта илинбес санға. Ол ардана болсын Абдираманға (И.Юсупов).

АРДАП ат. Жарма, шубат, ең суйық әҳери жоқ аўқат, күшсиз аўқат, негизинен арықлаған ылақ, бузаўларға бериў ушын арнаўлы қайнатып исленген аўқат. Ҳәмийше ардабың қайнап қойылмай, Суйық болып жарман кетти қостарым (А.Дабылов).

АРЕАЛ (лат. area — мәкан, майдан) 1. Өсимлик яки ҳайўанлардың қандай да бир түри, отряды яки туқымласы тарқалған аймақ. 2. геог. Картада ўақыя ҳәм ҳәдийселерди сўүретлеў усылы. Олардың шегарасы үзликсиз сызық, рең яки штрих пенен көрсетиледи, гейде А ишине белгилер қойылыўы ямаса түсиник берилиўи мүмкин. Бул усылдан геоботаник, зоогеографик, экономикалық карталар ҳ.т.б пайдаланады. 3. Тил қубылыслары — фонетикалық, лексикалық ҳ.т.б қубылыслар тарқалған жер, лингвистикалық ареал. Ареал атамалар — бир түрдеги географиялық термин ямаса топоформант (топоним жасаўшы қосымта) жәрдеминде жасалған топонимлер тарқалған аймақлар: — абад — Гүлабад, Дийканабад, Халқабад, — кент — Ташкент, Паркент, — төбе- Қараўылтөбе, Ақтөбе т.б. Ареал лингвистика — 1) Тил билиминиң лингвистикалық ареалларды изертлеў менен шуғылланыўшы тараўы. 2) Тил илиминде лингвистикалық ареалларды изертлеўде айрықша итибар бериўши бағдар.

АРЕНА (лат arena-қум) 1. Әййемги Рим тамаша көрсетиў орынларының амфитеатр ортасындағы қум себилген айлана майданы. Спорт ойынлары, гладиаторлар урысы, өлимге хүким етилгенлердиң жабайы ҳайўанлар менен гүрес тамашасы ушын арналған; 2. Ҳәзирги заман циркинде тамаша орны, ойын майданы, майданша, кеңислик. Ол ҳәзир манеж деп аталады. Цирк Аренасы диаметри 13,5 м; 3. Спорт майданы — арнаўлы спорт түрлери бойынша оқыў тренировка шынығыўлары ҳәм жарыслар өткериўге арналған майданша, ашықлық, кеңислик. 4. Майдан, көпшиликке тарқатыў. Олар әдебиятымызды кең аренаға шығарыўда шын кеўилден хызмет етип атыр («Әмиўдәрья» ж.).

АРЕНДА Ўақытша пайдаланыў ушын алынатуғын жер. ...қарақалпақларға жерлерди арендаға алып ислеўге туўра келди (Н.Дәўқараев).

АРЕНДАЛЫҚ арендаға, жаллаўға алынған.

АРЕНДАТОР ат. Жаллаўға берилгенди пайдаланыўшы адам.

АРЕОМЕТР (грек. araios — тығыз болмаған, бос; суйық+metreo-өлшеймен) Суйықлық ҳәм жылжымалы (төгилетуғын) қатты денелердиң тығызлығын өлшейтуғын әсбап.

АРЖАҚ р. 1. Қарама-қарсы жак, арғы бет, арғы тәреп. Аламан деп малды төгип аржақтан, Келди Досмухаммед саған Бийбайша (Омар). 2. аўыс. Даўамы, жалғасы, изи, соңы. Ол аржағын айтпай гилт иркилди (Ж.Аймурзаев).

АРЖАҚ-БЕРЖАҚ Арғы тәреп, берги тәреп. Аржақ-бержақ болып еки сан болған, Бөлүм-бөлүм жерлер қарақалпақта (Әжинияз).

АРЗА (араб тилинен — арзнама, илтимаснама) 1. Белгили бир мәкеме ямаса лаўазымлы шахс атына жазылған өтиниш, усыныс, шағым мазмунындағы рәсмий ҳүжжет. Арза бериў, арза жазыў. 2. Шағым етиў, арыз. Үш күннен кейин Қаражан Алпамыс достына арза қылды («Алпамыс»).

АРЗАГӨЙ 1. Арза менен келген яки хабарласқан шахс. Арзагөйди услап алды, Мойнына қыл арқан салды, Қарқыратып малдай шалды, Халықты жаман қысқан екен (Бердақ). 2. Биреўдиң ямаса бир нәрселердиң үстинен арза бергиш, арза жазыў менен шуғылланыўшы киси.

АРЗАН (парс — баҳасы төмен, қәдири кем) 1. Баҳасы, нырқы жоқары болмаған, қымбат емес. Суў мол болғай! Гази жоқлар газ жаққай, Арзан турғай бәрха ун менен ақ май (Ж.Анетеев). 2. Шамасынан баҳасы пәс, төмен баҳа. Арзанның сорпасы татымас (ққ.х.н.). Белгили жерден жүдә арзан сатып алып, қымбатыйман дегенше басып қояды. 3. аўыс. Қунсыз, қәдирсиз. Бизде бар, арзан қосық кеткен сыры, Сыйдан бурын кейип аты сөнген (И.Юсупов). 4. Қуры, әйтеўир, бос. 5. Жеңил жол менен, қыйыншылықсыз. Арзанға түсиў.

АРЗАН-ГИРЕЎ Тийкарғы баҳасынан бираз пәс, арзымаған пулға, төмен баҳа менен. Арзан-гиреўге сатып алыў.

АРЗАН-ҚЫМБАТ 1. Баҳасы нырқы пәс-бәлентлиги. 2. аўысп. Жақсы-жаман, қәдир-қымбат. Ким билсин жарлының арзан-қымбатын, Көрдим талай қыздың сулыў-сымбатын (А.Дабылов).

АРЗАНЛАТТЫРЫЎ арзанлаў фейилиниң өзгелик дәрежеси.

АРЗАНЛАТЫЎ 1. Негизги баҳасынан кемитиў, нырқын пәсейтиў. 2. Қәдирин кетириў.

АРЗАНЛАТЫЛҒАН Баҳасы кемитилген, қуны түсирилген.

АРЗАНЛАЎ Баҳасы кемиў, нырқы кемиў, баҳасы төменлеў. ...буның баҳасы арзанлаў (Ө.Айжанов).

АРЗАНЛАСЫЎ Баҳасы, нырқы пәсейиў, арзан болыў.

АРЗАНСЫНЫЎ Негизги баҳасынан, нырқынан арзан сораўшы, алыўшы айтқан баҳаны, нырқты кем деп билиў.

АРЗАНШЫЛЫҚ Нырқ, баҳаның арзан ҳалаты, пайыты, сатып алыў баҳасының төменлиги.

АРЗАШЫ 1. Адамларға арза жазып бериўди кәсип етип жүрген киси. 2. Лаўазымлы шахсқа яки қандай да бир мәкеме т.б. арза берген, арыз қылған шахс.

АРЗНАМА өтинишнама, арза.

АРЗЫ (араб тилинен — баян, билдириў, усыныў) 1. Татыў, жараў, еңбегине турарлық. Арзымайтуғын нәрсе — түкке турмайтуғын, арзымас, бос, мәниссиз. Айтыўға арзымайды — сөз етиўге турмайды. 2. Дәрт, ҳәсирет, шағым тәризиндеги (тийкарынан аўызеки) гәп, мәмиле қылыў. Арз етиў — 1. Билгенин, ойлағанын яки дәрт-ҳәсиретин аўызеки айтыў, баян етиў, өтиниш пенен қатнас жасаў. 2. Шағым етиў. Арз тыңлаў — Өтиниш яки шағым менен келгенлерге, оларды тыңлап, тийисли жуўап, мәмиле етиў.

АРЗЫ-АЎҲАЛ ат. Жай-жағдай, ҳал-жай. Болды енди арзы-аўҳалыңды соң айтарсаң (Р.Тагор).

АРЗЫЙТУҒЫН Турарлық.

АРЗЫМАС Онша әҳмийети болмаған. Арзымас ис.

АРЗЫМАҒАН қ. Арзымас. Арзымаған бәне. Арзымаған гәп.

АРЗЫМАЎ ф. Турарлық болмаған, арзымаған, арзымайтуғын.

АРЗЫРЛЫ кел. арзығандай, арзыйтуғындай.

АРЗЫЎ 1. Белгиленген яки соралған (алынған, сатылған) нырққа ылайық, сай, турарлық болыў. Бул атты қаншаға алса да арзыйды. 2. Баҳалықылы ҳәм әҳмийетлилиги тәрепинен тең келиў, бирдей болыў. Он жигитке арзыйды. 3. Ылайық, мүнәсип болыў. 4. Ақлаў, зая кетпеў. Тер төгиўге арзыйтуғын ис. Арзымайды — миннетдаршылық белгиси «рахмет»ке (кемтарлық) кишипейиллик пенен қайтарылатуғын жуўап сөз.

АРЗЫЎ-ӘРМАН ат. Мурат-мақсет, әрман, тилек, келешек, үмит. Елатым Мүйтеңди, Өтешдур атым, Арзыў-әрман менен қалдың Көк өзек (Өтеш). Ләблериң пистедек, тислериң маржан, Көрген арзыў менен көрмеген әрман, Ҳәрбир сөзиң дәртли күнлерге дәрман, Хабарын бер перийзатым йол болсын (Әжинияз).

АРЗЫЎЛЫ Әрманлы, керекли, интизарлы, үмитли, қәдирли, қымбатлы. Кимсениң қыз-уғлы, арзыўлы яры, Кимниң қасы қара, көзи қунқары, Әсир болып телмирисип ҳәр-сары, йығлап ат алдына түшти Бозатаў (Әжинияз).

АРЗЫ-ҲАЛ өз аўҳалы, ҳал-жағдайы ҳаққында аўызеки баян, дәрт-ҳәсирет, өтиниш етиў. Улларыңыз түсип залым қолына, Кимлер қулақ салар арзы-ҳалыма (Әжинияз). Жигитлер айтайын тыңлаң арзымды, Мен баян етейин арзы-ҳалымды (Бердақ).

АРИСТОКРАТ Аристократияға, ақсүйеклерге тийисли шахс; ақсүйек.

АР-ИЙМАН ат. Ар-уят, намыс ҳәм ийгилик, адамгершилик.

АРИСТОКРАТИЗМ Аристократларға, ақсүйеклерге тән қәсийетлер, аристократлық характер, жүрис-турыс.

АРИСТОКРАТИЯ (грек. aristokratia — жақсылар ҳәкимияты) 1. Экономикалық жақтан ҳукимдарлыққа ийе класс ўәкили, аристократлардың сиясий ҳәкимияты, ҳукимдарлығы. 2. Қулшылық ҳәм феодаллық мәмлекетлерде жеңилликке ийе қатлам (буржуазлық мәмлекетлерде белгили жеңилликлерди сақлап қалған).

АРИТМИЯ (грек. arrythmia— барысы, ритмниң бузылыўы) мед. Жүрек урыўындағы әдеттеги ритмниң барысының бузылыўы.

АРИФМЕТИКА (грек. arithmetike — есап ҳаққындағы пән ... arithmos-сан) Математикалық санлардың әпиўайы қәсийетлерин ҳәм олар үстинде орынланатуғын әмеллерди (қосыў, алыў, көбейтиў, бөлиў) үйренетуғын бөлими, есап. Әўеле ең қыйыншырақ сабақ арифметикадан мәселе шығарды (Ө.Айжанов).

АРИФМЕТИКАЛЫҚ кел. Арифметикаға тән, тийисли. Арифметикалық блок, арифметикалық прогрессия, арифметикалық символ.

АРИФМОМЕТР (грек. arithmos — сан + metreo — өлшеймен) Арифметикалық әмеллерди механикалық рәўиште орынлайтуғын ықшам есаплаў машинасы.

АРИЯ (итал агиа-қосық) Оркестр ямаса басқа музыка әсбаплары менен қосылып шертилиўи арқалы бир адам атқаратуғын вокал дөретпе, қосық (көбинесе опера, оратория ҳәм т.б. сол сыяқлы курамындағы бөлегин аңлатады).

АРКА (лат arcus — ярым шеңбер; ярым шеңбер тәризли (дуга)) 1. архит. Төбеси ярым шеңбер формасында салынған дәрўаза, есик, айна т.б. 2. Усындай дәрўаза формасындағы көркем имарат.

АРКТИКА (грек arktikos-арқа) (А-үлкен) Жер шарының арқа полюс бөлеги.

АРҚА ат. 1. Адамның арқасы, жотасы. Қан басымын пәсейтиў ҳәм қан айланысын жақсылаў ушын жыллы душ қабыл етип, суўды мойныңыз ҳәм арқа тәрепиңизге жөнелтириң (газетадан). 2. анатом. Мойыннан сегизкөзге дейинги адамның дене турқының сыртқы жағы. Абайлаңлар бирақ көралмас пәстен, Арқа пышақ урар нәмәрт, нәкәстен, Жаўдың ең жаманы шыққаны иштен, Хәр бир Ерназардың жолға ғаўы бар (З.Жоллымуратова). 3.1. аўыс. Туў сырт, арт жақ, артқы, арт бети, бир нәрсениң терис жағы, изде. 3.2. аўыс. Өтип кеткен ўақыт, пайыт. Арқаға көз таслаў. 4. геогр. Тәреп, бағдар, географиялық атама. Қублага қарай арқа шығыстан, Көкшил бултлар шығып барады (Ш.Мәмбетмуратов). 5. Қублага қарама-қарсы тәреп. Арқа, Шымбай тәрепте күн шығыста, Кегейлиниң бойларында шабыста. Илҳам пери услап жағыстан, Бир шайыр дүньяға келди де кетти. (А.Ережепов).6. аўыс. Арқасы бар — гейпара адамлардың лаў етип қызбалық, өзгеше елиргиш қәсиети бар екенлиги. Арқа сүйеў — тирек, сүйениш, арқа сүйер, жәрдемши, нсенимли адам. Арқа sүйер жалғыз таўы қыз апасы Айсултан еди (Х.Сейтов). Қойып өз орнына иззет-хүрметин, Қәдирлең барында етип хызметин, Ким сыйлаған сизге жасаў ләззетин? Арқа сүйер ата-анаң ғәниймет. (Б.Сарыбаев). Арқасы қозыў — қызығыў, кеўил кетиў, қызып кетиў, Сөйлесе арқасы қозған, Жүйрик болып кимнен озған (Өтеш шайыр). Денсаўлықтың арқасы — аўырмай дени саў болыўы, сап денели. Денсаўлықтың арқасында жүзге шығыўыңыз ушын өллеримизди күтиўимиз керек (К.Смамутов). Арқасын қағыў — хошаметлеў, марапатлаў, ҳүрмет көрсетиў ушын қолланылатуғын ишара. Арқасы музлап қоя бериў — сескениў, түршигиў. Арқасынан жүк түсиў — мүшкили жеңиллесиў. Арқа тиреў — сүйениў, исениў. Бир арқа — шамасы келетуғындай, арқасына сыйғанша. Ийт арқа — жайды салыўдың бир түри. Бул жайды салып болып, бастырғаннан кейин қырық ешектиң ямаса ийттиң арқасына уқсаслығына байланыслы келип шыққан болыўы мүмкин. 7. Көмеги менен, арқалы.

АРҚА-БАСЫ ат. Үсти-басы, денеси.

АРҚАЙЫН кел. Уўайымсыз, қайғысыз, жай-парахат, емин-еркин. Мени сизлер қайғырман. Бола бериң арқайын (Ш.Мәмбетмуратов).

АРҚАЙЫНЛЫҚ ат. 1. Тынышлық, жай-парахат. 2. Бийпәрўалық, немқурайдылық. Арқайынлық адамды, Алдастырады жолдан, Ислер қызсын егиске, Таярлық көрип молдан (Б.Қайыпназаров).

АРҚАЙЫНШЫЛЫҚ ат. Қайғысызлық, ғамсызлық, уўайымсызлық, пәрўайысызлық.

АРҚАЛАМАЙ: арқаламай отын. кел. Азғантай, көп емес, бир арқалайтуғын.

АРҚАЛАНЫЎ ф. Затты арқасына салып көтериў, көликсиз зат көтериў, жерсиз-мәкансыз затларын бәрха ийнине салып жүриў. Елден елге барғанда, Арқаланбай көшпеген (А.Дабылов).

АРҚАЛАСЫЎ арқалаў фейилиниң шериклик дәрежеси, АРҚАЛАТЫЎ арқалаў фейилиниң өзгелик дәрежеси.

АРҚАЛАЎ ф. 1. Көтериў, бир затты ийнине, арқаға салып алып жүриў ямаса бир жерден екинши жерге алып барыў. Бағдагүл қабағын арқалаў менен үйге сөйлей кирди (Т.Қайыпбергенов). 2. Баланы арқасына салып көтериў. 3. аўыс. Қайғы шегиў, ғамгүн болыў, кеўли кирлеў. Әсирлердиң аўыр шерин арқалап, туқыл ашып, жаўыр болған тийегим (И.Юсупов). 4. аўыс. Пайдаланыў, исениў, арқа тутыў.

АРҚАЛЫ к. с. 1. Бойынша, үсти менен, үстинен, жәрдеми менен, соның арқасынан. Соннан кейин телефон арқалы сөйлесе аламыз (Әд. хрест.). Әжинияз усы Гүлбий арқалы қыз бенен тиллесермен бе деп киятыр (К.Султанов). 2. кел. Арқа тирегиши бар. 3. Гейбир адамларға тән өзгеше елиргилиги, қызбалылығы бар; қозбалы. 4. Салдарынан, кесиринен. 5. Нәтийжесинде.

АРҚАЛЫҚ ат. 1. Арбаның үскенелериниң бир бөлеги, арбаның тийкарғы аўырлығын аттың (ешектиң) белине түсирип туратуғын қам шеримнен, арқан т. б. исленетуғын зат, Арбаның арқалығын әкелип қойды (Қ.Айымбетов). 2. қурылыс. Жайларға, шертеклерге ҳәм басқа да нәрселерге салынатуғын үлкен жуўан ағаш. Еки жағы еки бақан, бир ағашты кесе салған. Аман кетпес оған барған, Арқалықлы дар бар екен (А.Дабылов). 3. Аў ҳәм жылымлардың бир бөлеги. Айқыз қолға тутқан аўының арқалық жибиниң ушынан тутып... (А.Бегимов). 4. Орынлық ҳәм т.басқа затлардың арқа тирейтуғын жери, сүйениши. 5. Бесиктиң еки басын көтерип туратуғын қондырғысы.

АРҚАН ат. 1. Зығыр, кенеп, кендир, пахта жип, жүннен, қылдан, ҳәзирги ўақытлары синтетик талшықлардан, сымнан да есилип таярланатуғын, байлаў ушын қолланылатуғын буйым. Жүн арқан. Қыл арқан. Сым арқан. Аўмасын деп жолларда, Арқан менен берк тартты («Алпамыс»). ◊ Арқан бойлы — арқанның бойындай, онша жоқары емес, жаңа тикленген, жаңа ғана көтерилип киятырған. Биз аўылдан шығып далаға жыйнала баслағанымызда күн арқан бойлы көтерилип, нурлы сәўлеси менен жер жүзин жайнатып қыздыра баслаған еди (Н.Дәүқараев). Арқан салыў — 1. мөлшерлеў, өлшеў, салыстырыў — Айтқаның өзиңе жөн шығар курдас — деди Гүлбий узақ, жақын аўылда деп, арқан салып өлшеп отырғанымыз жоқ, молла қайнағаның баласы деп, орынды саған бердик. Әпиў етесиз (К.Султанов). 2. Арқан есиў — ертеде қыл менен қылшық араласқан түтилген жүннен бураў, есиў арқалы қолланылатуғын жуўан, узын жип жасаў усылы. Арқанды узын (кең) таслаў — өз жөнине қойып, билгенин ислеўине жол қойып бериў. Арқанда жүрген — арқанлаўлы, байлаўлы, өриске жиберилмеген. Кендир арқан — ертеде кендир өсимлигинен есип жасалған жуўан, беккем жип. Мойнына арқан салыў — жипсиз байлап қойғандай, айтқанын қылдырып қойыў. Қыл арқан — о дүнья яки өлим мәнисин аңлатады. 2. Қара үйди кийиз бенен орап таңатуғын баў-шуўы.

АРҚАНЛАЎ ф. 1. Отлаў ушын үй ҳайўанларын узын арқан менен қазық ямаса басқа нәрсеге байлап қойыў. Үлкен балаларға еликлеп, мен де баспағымды узын жипке арқанлап қояман (Ө.Айжанов). 2. аўыс. Сүйеп салдыға салып қойыў, жумысын питкермесе де қуры ҳәлек етип қоя бериў, ҳәлеклеп қойыў. Гүнәкарларды узын арқанлап, кең тусап, тек ғана керек адамын қамайтуғынның өзи екенин... (Қ.Ирманов).

АРҚАНЛАЎЛЫ р. Арқан менен узын етип байлаўлы. Үйдиң қасында арқанлаўлы турған қара ешек, ишин тартып акырып жиберди (Ө.Айжанов).

АРҚАН ТАРТЫЎ 1. миллий ойын. Еки топарға бөлинип, арқанды еки ушынан тартып, ортада сызықтан асырыўға күш сынасатуғын миллий ойын түри. Хәзирги ўақытта спорт жарыслары түрине енгизилип еки командаға бөлинип күш сынасады. 2. Ески арқан кериў түри.

АРҚАР ат. Орта Азияда таўларда жасайтуғын қошқардай мүйизи ири, қой теклес жабайы ҳайўан. Қаратаў арқары, Қызылқум арқары. ... ушы-қыйыры жок даланлықларды гезип жүретуғын арқар, маралдай кеңисликке шығыўды ойлады (Н.Дәүқараев).

АРҚАРДАЙ арқар сыяклы, арқар киби.

АРҚА ТАСПА ат. Ҳайўанлардың териси. Солай етип бала жолбарыстың арқа таспасын кесип алып ишинен белине қыстырды да,... (Қ.Айымбетов).

АРҚАЎ ат. 1. Улыўма тоқылатуғын (таўарлардың) затлардың кесе тартылған жиби. ... үстине бөзден арқаўы ерисинен көре сийрегирек тоқылған алашада тигилген гөне күнлик шапан кийилген,... (Қ.Ирманов). 2. Сүйениш, тирениш бир нәрсениң екинши бир нәрсеге косент, толықтырыў, биреўиниң кемисин екиншиси толықтырыў мәнисинде. Биреў арқаў, биреў ерис, Апа бала усап арқаў ериске. Сол азалы жылы мынаў қызымды, Атландырған едим бир үлкен иске (И.Юсупов). ◊ Арқаў етиў — негиз кылыў. Арқаўы бос — тәбияты жеңил, бос. Арқаў-ерисли — бир-биреўге мәдет, ес, тирек. ... солай болған соң арқаў-ерисли болып күн көрмесек бола ма? Басыңа түссе баспақшы боларсаң — деген (Қ.Ирманов).

АРҚАЎЛЫҚ кел. Күш-куўат берерлик, арқаў боларлық, тирениш.

АРҚАШ ат. Дүмпешик, қайыр, бәлентлеў жер, төбешик. Сен тезек териўге шығып арқашқа, Гейде қандай жақсы косықлар айттың (И.Юсупов).

АРҚЫРАТЫЎ арқыраў фейилиниң өзгелик дәрежеси.

АРҚЫРАЎ ф. Қудиретли дауыс шығарыў, қатты бақырыў, сүрен салыў.

АРЛАНЫЎ ф. Ары келиў, намысланыў, намысы келиў, ызаланыў.

АРЛАЎ ф. Арын әпериў, сөзин сөйлеў, ҳақлаў, тәрепин алыў, жырлаў. Арын арлап, жырын жырлаў — болысыў, көмеклесиў, сөзин сөйлеў, намысын қорғаў. Бәримиз де мийнеткеш халықтың арын арлаймыз, жырын жырлаймыз деп гүнәкар болып отырмыз (Қ.Ирманов).

АРЛЫ кел. Намыслы, ары келетуғын, сөз көтермейтуғын. Жарлы болсаң арлы болма (кк.х.н.).

АРШЫЛ кел. намыслы, ар-уятлы.

АРЛЫ-БЕРЛИ р. Арман-берман, артқа-алға, ояққа-буяққа, анда-мында. Азық, аўқат комиссары тағы да өжиреде арлы-берли жүрип, тосаттан Антонның алдына келип тоқтады (А.Макаренко).

АРМАҒАН қ. арман.

АРМАН р. Армаған, кейин, басқа жақ, узак, аўлақ. Булар көрген сайын ол арман жүргендей болады (А.Бегимов). ...Гүлайымды айтсаңшы алдыма қойып, арман қарайсаң да аға бултыйып (Омар шайыр).

АРМАН-БЕРМАН р. Ары-бери, ояққа-буяққа, арлы-берли, алға-артқа. Үйдиң айналасында арман-берман жүрди (Х.Сейтов).

АРМАНЫРАҚ р. Кейинирек, арырақ, былайырақ, узағырақ, басқа жерге. Себеби ол ҳәммеден де алысқа жолдас болып арманырақ узатыў керек (Т.Қайыпбергенов).

АРМАТУРА (лат armature — курал-жарақ, курал түри) тех. 1. Аппарат, машина, имарат ҳәм усы тәризлилердиң тийкарғы бөлегине кирмейтиўин жәрдемши бөлеклери жыйынтығы. Пуў қазаны арматурасы. 2. Темир бетон имаратлардың полат сымларынан ибарат каркас, каркас дийўал, сондай-ак, имаратларды беккемлеў ушын олардың араларына қойылатуғын металл бөлеклери жыйындысы. Шлюз дийўаллары арматурасы.

АРМАТУРАШЫ Арматура таярлаўшы яки орнатыўшы исши.

АРМИЯ ат. (лат armare-қуралландырыў) 1. Мәмлекеттиң барлық қураллы күшлери жыйындысы. Республикамыз армиясы. Ҳәрекеттеги армия — Армияның урыс ўақтындағы фронтта болған бөлимлери. 2. Қурғақлықтағы қураллы күшлер. 3. Бир ямаса бир нешше Мәмлекетлик қураллы күшлердиң жәми, әскерий күшлер жыйнағы. Армия генералы — бир қатар мәмлекетлер қураллы күшлериниң жоқары офицер курамындағы атағы. ◊ Армияға шақырылыў — ўатан алдындағы азаматлық ўазыйпасын орынлаўға тайын жасларды әскерий хизметке шақырыў.

АРМЯН 1. Армения Республикасының жергиликли халқы, миллет аты. 2. Усы миллетке тийисли шахс. Армян тили усы халыққа, миллетке тийисли тил.

АРНА ат. 1. Гейпара жерлерде мысалы Хорезмде үлкен, бас канал. 2. Гейпара Өзбекстанның бир жерлерде диалектлеринде кишкене жарлық мәнисинде 3. Дәрья өзени, қурғақ жап мәнисинде. Мәселе айтпаған улама, Суўы жоқ арнаға мегзер (Әжинияз). 4. Үлкен тыңнан жарылған жап, суў жолы. Аўылдың шетине шығып, гөне арнаның ултанына түсти (К.Султанов).

АРНАЛЫЎ ф. Бағышланыў, тигиў. Журектен шыққан арналып, муҳаббат жырын жырлайды (Б.Қайыпназаров). «Ак алтынлы атыздың азаматлары» повести колхоз аўылы турмысына арналған (Г. Есемуратов).

АР-НАМЫС ат. Ҳүждан, адамгершилик, сақлық. Адам баласында болсын ар-намыс, Ең кеми жүз болсын көз көрген таныс (Бердақ). Туўған елдиң ар-намысын алып кел, Душпанның басына саўда салып кел (С. Нурымбетов).

АР-НАМЫСЛЫ кел. Ҳүжданлы, адамгершиликли, ҳадал. Ана ушын таяр ҳәрўақ, Ар-намыслы ҳәрбир адам (Ж. Аймурзаев).

АРНАЙЫ 1. Арнап, адайы. 2. Биреў ушын. 3. Өз алдына, жеке, дара.

АРНАЎ ф. 1. Бағышлаў, бериў, меншиклеў, белгилеў, қойыў, тигиў, нийетлеў. Тири болса бийшара, Ырза болар өзиңе, Мийри қанар пақырдың, Айтқан арнаў сөзиңе (ққ.поэз.ант.). 2. әдеб. Әдебий шығарманың басында берилетуғын, сол шығарманың кимге, қандай ўақыяға байланыслы екенин көрсететуғын, көбинесе қосық түринде, гейде шығармаларда ушырасатуғын автор сөзи. 3. Биреў ушын жасаў, өмирин бағышлаў.

АРНАЎЛЫ кел. 1. Бағышлаўлы, тийисли, дәркар. Бизлер, арнаўлы кемеге миндик («Әмиўдәрья» ж.). Ерназарды жасаўыллар арнаўлы үйге айдап алып кетти (Т. Қайыпбергенов). 2. Тек өзине тән, тийисли. 3. Арнайы бағышланған. 4. Маманлыққа, илимий тараўға тийисли. Арнаўлы бақлаў комиссиясы, арнаўлы оқыў орынлары арнаўлы салық режими.

АРПА ат. Ғәлле, дәнли өсимликлер қатарына киретуғын, дәни аўқат ҳәм жем сыпатында пайдаланылатуғын бир яки көп жыллық ғәлле өсимлиги ҳәм оның дәни, ғәллеси. Арпа еккен арпа, бийдай еккен бийдай алар (ққ.х.н.). Ертеңине азанда үйден шыққанда атқа берермен деп алып шыққан ат дорбадағы арпа ядына түсти (М. Абдраймов). Арпа уны — арпадан исленген ун. аўыс. Арпа ишинде бир бийдай — жалғыз, көптиң ишинде өзгеше, айрықша. Арпа тақан — арпадан исленген тақан.

АРПА-БИЙДАЙ ат. Дәнли дақыл, азықлық егинлер жыйынтығы. Арпа-бийдай ас екен, алтын-гүмис тас екен (ққ.х.н.).

АРПАЛЫС ат. 1. Талас-тартыс, узак даўам еткен гүрес, қым-қыйқаш, түсиниксиз ўақыя. Басланды қалды арпалыс, Ашыўлы Арал гүрсинди (К.Султанов). 2. Жан талас.

АРПАЛЫСЫЎ ф. Гүресиў, тартысыў, урысыў, жәнжеллесиў, төбелесиў, айқасыў, өз ойы менен өзи гүресиў. Ыза ашыўдың арпалысқан толқыны жатыр (К.Султанов). Кемпир түпсиз туңғыйық ойдың ҳәсиретине батып, гә қуўанып, өкиниш сезим сүргининде арпалысып жүр (К.Султанов).

АРПЫЛДАЎ ф. 1. Жөнсиз биреўге бақырыў, қатты сөзлер менен урысыў, аўызын тартып урыў, арсылдаў. 2. Ийттиң ызаланып айбат көрсетиўи, даўыслаўы, қатты үриўи. Турым сабырын услап тура алмады, — Қудияр мына арпылдаған төбетлериңди байлайсаң ба, я жоқ па? (К.Султанов). 3. Аўыс. Ашыўлы түрде бақырыс. Ашыўланып арпылдап, Қолы барды жағаға (А.Дабылов).

АРСАРЫ: арсары шығыў р. Ҳайран болыў, әжептәўир, бир түрли, үрейлениў.

АРСЕНАЛ ат. (фр. arsenal-устахана) 1. Курал-жарақ, оқ-дәри ислейтуғын, оңлайтуғын, сақлайтуғын орын; курал-жарақ склады. 2. аўыс. Көп сандағы қандай да бир нәрсе, үлкен запастағы (кор) турған көп зат, нәрселер.

АРСЫЗ кел. Ары жоқ, ҳүждансыз, адамгершилик қәсийети жоқ. Ол ҳеш ўақытта буншама арсыз болыўға бармайды (Р.Тагор).

АРСЫЗЛЫҚ ат. Ар-намысы жоқ адамның адамгершиликке жат минез-қулқы, уятсызлық, намыссызлық, ары жоқлық, адамгершилиги кемислик. Қыз келисим бермесе де арсызлыққа салып өзиниң сөзин даўам етти (Қ.Айымбетов).

АРСЫЛДАЎ ф. 1. Ашыўланыў, бақырыў, жөнсиз даўысты көтериў. 2. Шабаланып үриў.

АРСЫНЫЎ ф. Ары келиў, арланыў, намысы келиў, намысланыў, Ашыўланып арсынып, Елден шығып кетерсиз («Қырқ қыз»)

АРТ ат. 1. Белгили бир заттың алдынғы бетине қарама-қарсы жағы, бети. 2. Бир нәрсениң кейинги жағы, тәрепи. 3. Бир нәрсениң тамамланыўы, соңы. Адасқанның артына бақ, Намыссызбан жүзим, кеўлим қап-қара (И.Юсупов). 4. Өзинен кейин, соңында. 5. Жаныўарлардың қуйрық жағы. ◊ Артта қалыў. экон. а) экономикалық, шарўашылық мәдений, т.б тәрепинен раўажланбай, изде қалыў. Артында туяк қалмаў — даўамшысы болмаў, урпақ қалмаў. Артына қара ермеген — изинде урпақ қалмаған. Артын ойлаў — бир нәрсениң салдарын, тийгижетуғын тәсирин жан-жақлама ойлаў.

АРТЫЎ ф. 1. Жүкти тийеў, жүк салыў. 2. аўыс. Жүклеў, тапсырыў. 3. Молайыў, абырайы асыў. 4. Исеними артыў, үмити артыў. Арта түсиў — улғая түсиў, күшейе түсиў.

АРТЕЗИАН (фр. artezian-Франциядағы Артуа (лат Artesium) областы атынан) артезиан суўлары — Басым тәризинде болған жер асты суўлары, олар суў өткермейтуғын қатламлар аралығында пайда болады. Бурғылап ашылғанда (бурғы қудықлары) атылып шығады. Артезиан қудық Бурғылап қазып алынған терең қудық.

АРТЕРИОСКЛЕРОЗ (артерия+грек. sclerosis-қатып қалыў) мед. Артериялар дийўалларының қалыңласыўы ҳәм тығызласыўы нәтийжесинде жүз беретуғын созылмалы кеселлик.

АРТЕРИЯ (грек. arteria — дем алыў жолы; aertereo — сақлаў) мед. Кислородқа тойынған қанды жүректен ағзалар ҳәм тоқымаларға жеткерип бериўши тамырлар. Өкпе артериясы. Артерия басымы. Уйқы артериясы — мойын бойлап таралған үлкен артерия.

АРТЕЛЬ ат. (фр. artel ... итал arteire — өнермент) Пуқаралардың, кәсип-өнер ийелериниң бирлесип, жәмәәт болып ислеў ушын дүзилген шөлкемлердиң бири. Артель болып гүллән исти өндирип, қыйын исти мийнетине көндирип (Ж.Аймурзаев).

АРТЕЛЬЛЕСИЎ ф. Шөлкемлесиў, биригип ислесиў, жәбдилесиў, қосылысып ислесиў, артельге биригиў, артель болыў. Жаңа туқым усылайынша себилди, Артеллесиў, мине усылай кеўилли (И. Юсупов).

АРТИЗАН қ. Артезиан.

АРТИКЛЬ (лат. articulus — сөйлеў бөлеги, бөлим) тил билими. Гейпара тиллерде атлық, атлықласқан (субстантивлескен) сөзлердиң ҳәм сөз бирикпелериниң алдында қолланылатуғын айрықша анықлаўшы сөз. Анг(а, an, the) нем(der, die, ein, eine), фр (la, le, les; un, une, des)

АРТИКУЛ (лат. articulus — бөлим, бөлеги) 1. Гейпара нызам ҳәм рәсмий ҳүжжетлерде арнаўлы статья (пункт). 2. Өним, товар түри, сондай-ақ, оның санлы ҳәм ҳәриплик белгиси (формулировка).

АРТИКУЛЯЦИЯ (лат articulatio ... articulare — анық айтыў) 1. тил билими. Сөйлеў ағзаларының (ерин, тил т.б.) сестиң айтылыўында сөйлеў ағзаларының ҳәрекети ҳәм олардың орналасыў халаты. Аўызлық артикуляция. 2. муз. Дөретпени сазда ямаса даўыс пенен атқарыў усылы.

АРТИЛЛЕРИЯ ат. (лат artillere-таярлаў) 1. Топ, миномёт ҳәм т.б. усы тәризли оқ атыў қураллары жыйынтығы. Зенит артиллериясы. Палаткада отырғанымызда артиллерия атыспаларының ҳәм снарядлардың жарылған даўыслары анық еситилип турды (Н. Дәўқараев). 2. Усындай қураллар менен қуралланған әскерлер топары. 3. Топ, снарядлар ҳәм олардың дүзилиси, урыста қолланылыўы ҳаққында пән.

АРТИЛЛЕРИЯШЫ Артиллерияда хызмет ететуғын әскер, офицер.

АРТИСТ ат. (лат. ars artis — кәсип, өнер, көркем өнер) 1. Көркем шығарманы тамашагөйлер ушын атқарыўшы, ойыншы. Эстрада артисти. Опера артисти. 2. аўыс. Қандай да бир ис-ҳәрекет, ойын т. басқаларды артист сыяклы орынлап, оның қәбилетлерине ийе, артистке тән ҳәрекет, қылықларға ийе шахс. Мине халық артистлери Айымхан, Жапақ бақсы қарақалпақ мәмлекетлик театрының еки машинасы менен келип жетти (Н. Дәўқараев).

АРТИСТКА артист ҳаял.

АРТИСТЛИК Артистке тән ҳәрекет, қылық.

АРТҚА р. Кейинге, изге, аркасына, соңына.

АРТҚЫ кел. 1. Арт жақтағы, арт жағындағы. Назлы кемпир кара үйиниң артқы шийин түрип таслады (К. Султанов). 2. Кейинги, изги, ақырғы, соңғы.

АРТТАҒЫ 1. Арт жақтағы, соңғы, кейинги. 2. Артынан ерип киятырған, кейинги жас урпақ. 3. аўыс. Өтип кеткен кездеги.

АРТРИТ (грек. artron-буўын+it(is)-жарақатланыўды аңлатыўшы қосымта) Буўынлар жарақатланыўы, кеселлиги.

АРТРОЛОГИЯ (грек. artron-буўын+logos-тәлиймат, илим) буўын ҳәм оның кеселликлерин үйренетуғын илим.

АРТТА р. Изде, кейинде, соңында. Алтақтаға жанбаслаған арбакеш, Артта отырған адамға көз салмас ҳеш (И. Юсупов).

АРТТАҒЫ кел. 1. Арт жақтағы, кейинги, соңғы, кейинде. 2. аўыс. Кейинги даўамшылар, жас урпақ. 3. аўыс. Кейинги, өткен ўақыттағы. 4. аўыс. Қалып қойған, илесе алмаған.

АРТТЫРЫЎ ф. 1. Жүкти тийетиў. 2. Көбейтиў, үлкейтиў, нобай етиў, молайтыў. Жаңа күшим жаңа куўат арттырған, Елимди шад еткен Съездим болды (С. Нурымбетов). 3. Күшин көбейтиў, күшейтиў. 4. аўыс. Истиң сапасын арттырыў, дәрежесин жоқарылатыў. Баҳасын арттырыў — кунын асырыў, абырайын көтериў. Қәдирин арттырыў — абырайын көтериў, сый ҳурмети асыў.

АРТТЫРЫЎШЫ ат. Бир нәрсениң көлемин яки сапасын бурынғысынан өсириўши, өзгертиўши, жақсылаўшы адам.

АРТЫ 1. ат. Заттың, адамның алдына қарсы тәрепин билдиретуғын көмекши сөз. Еки қолын артына қайырып кишкене бир банканы услап тур. (Ө. Айжанов). 2. р. соңы, даўамы, изи, аржағы, терис тәрепи, кейни.

АРТЫҚ 1. кел. Зыят, көп, аўысық, жеткиликли, мөлшерден тыс, жоқары, шамадан артык, мол. Томас Эдисон мыңнан артық әўметсиз тәжирийбелерден кейин ғана лампочканы ойлап тапты (Р. Киосаки). Қайсар минез артық келип күшинен, Елдиң жүгин байлап тартқан белине. Басқа емес оның өзи түсинген, керек адам екенлигин елине. (Ө. Байназаров). 2. Артып қалған. 3. Басқа менен салыстырғанда қунлы, сапалы, бахалы, артық. Сәрўидей екен бойлары, Қатардан артық ойлары, Келискен сийне сәнлери, Салланған айымды көрдим (Бердақ). 4. Дурыс, қолайлы, ең жақсы. 5. Тийимли, пайдалы. Жолым еди халқым жолы таңлаған, Ел-халқымнан артық емес жан маған (Ж. Анетеев). 6. Соннан басқа, бөтен, өзге. Меннен артық дос таптың ба, Айжамал?! Ыразы болғайсаң жаным, Айжамал!! (Г. Дәўлетова). 7. Өзгеше, басқаша, басқа. Шалқыды ел-халық қайнап қазанлар, айралықтан артық қандай жазаң бар? Енди Әмиў емес дәртли дәрьяман. (Г. Дәўлетова). Инсанға сөзден артық тәсир ететуғын қурал жоқ. (газетадан). 8. Бир нәрсениң заттың, истиң, қәсийеттиң, несийбениң көбирек болыўы. Ерте турған жигиттиң ырысы артық, ерте турған ҳаялдың бир иси артық (ққ.х.н.). Азанда ерте турған кисиниң бир несийбеси артық (ққ.х.н.). 9. Өз қунынан жоқары, қымбат. Артығы менен қайтарыў — еселеп қайтарыў. Артық болды — асып кетти ямаса жақсырақ болды. Артықлық етпейди — пайдасы болмаса, зыян келтирмейди. Артык кетти — қаттырақ кетип, ренжитип алыў. Артық сөз — жөнсиз сөз айтыў, байқамай айтылған артық сөз. Артық туўған — өзгеше жаратылған. Басы артық — пайдаға аспайтуғын, қәжетсиз. Артық көриў — а) қәдирлеў, қымбатлы; б) унатпаў, унамсыз есаплаў. 10. Ер адам аты.

АРТЫҚ-КЕМ 1. Асып кеткени, барлы-жоқлы, жетпей қалғаны. 2. Өзгеше көзге түсетуғын жақсылы-жаманлы қәсийети.

АРТЫҚЛАЎ кел. 1. Молырақ, көбирек, артығырақ. 2. ф. Илгерилеў,

АРТЫҚЛЫҚ 1. Мол, көплик, артык болыўшылық. 2. өзгешелик, айрықша.

АРТЫҚСЫНЫЎ 1. Өзин басқалардан артық санаў, жоқары санаў. 2. Көпсиниў, зыят есаплаў.

АРТЫҚМАШ кел. 1. Айрықша, өзгеше, зийрек, айдан арыў, күннен сулыў, жақсы. Қарасын үзип кетпесе, Артықмаш қарыў етпесе, Жүйрик қоянға жетпесе, Қайың тазы неге керек (Бердақ). Сәл артықмаш, кем де болдым, Ийтке-кусқа жем де болдым, өзиме-өзим даўасыз дәрт, өзиме өзим ем де болдым (Х. Дәўлетназаров).

АРТЫҚМАШЫЛЫҚ ат. 1. Өзгешелик, айрықшалық, өзиншелик. Соннан кейин дийқанлар биротала артықмашылық алады (Т. Қайыпбергенов). 2. Тийимлилик, пайдалылық. 3. Кемшилик, артық кетиўшилик.

АРТЫҚША кел. 1. Зыят, айрықша, басқаша. Қуўанды сонда ҳәммеси, артықша еди дәмеси (Бердақ). 2. Қосымша.

АРТЫЛЫЎ ф. 1. Мингесиў, бирине-бири жабысыў, бириниң үстине екиншисиниң миниўи, қаптырылыў. Қашар артылып ғарры өгизге, Қоңырат зорлық қылған екен (Бердақ). 2. Биреўден асып кетиў, мөлшерден асып кетиў. 3. Бир нәрсениң көликке т.б. тийелиўи, жүклениўи.

АРТЫНАН соңынан, изинен.

АРТЫНДА изинде, ақырында, соңында.

АРТЫНЫЎ ф. 1. Ийинине, арқасына бир нәрселерди жүклеп көтериў, арқалаў. 2. Денедеги яки оның қандай да бир бөлегиндеги ызғар, хөлди сүлги менен ысқылап кетириў.

АРТЫНЫЎ-ТАРТЫНЫЎ ф. Ийинине, қолына, арқасына жүктти бирден көтериў, көтериниў.

АРТЫСЫЎ тийесиў, көмеклесиў, жәрдемлесиў.

АРТЫЎ ф. 1. Көбейиў, молайыў, асып кетиў, тасыў. Көтерил көкке, Өрле бийикке, Сезимин артып (Г. Есемуратов). 2. Жүклеў, тийеў. Жастан солып қызыл гүлим, Гүнлердей байланды тилим, Қайысты қайғыдан белим, Дуз артқандай куба нарға (Бердақ).

АРТЫЎЛЫ кел. 1. Тийеўли, жүклеўли. Ортамызда бир ешек, көрпе-төсек артыўлы, Бәри ғана олардың, Жақсысы жоқ жартыўлы (Жийен жыраў). 2. Көбейиўи, артыўы, молайыўы.

АРТЫНША Истиң соңын ала, изинше.

АРУЗ (арабша-қосық өлшеми) 1. әдеб. Араб поэзиясында қосық дүзилиси бойынша илимий қағыйда. Аруз — узынлы-қысқалы буўынлардың өз ара тәкирарланып келиўине негизленген күтә қыйын қосық өлшеми. Ол қосықтың турақлы қағыйдасы сыпатында арабларда белгили илимпаз Халил ибн Ахмед тәрепинен тийкар салынады, кейин бир қатар күншығыс халықларының поэзиясына таралады. Аруз өлшеминде алпыс қосықтың түри бар, соннан кең пайдаланатуғынлары-хаджаз, раджаз, рамал, мутакариб, мудари, вафир, камил, басит т.б. 2. Қосық өлшемлери ҳаққындағы тәлиймат.

АРФА (нем Harfe — итал. Агра) Үшмүйешли ертедеги көп тарлы музыка әсбабы.

АРЎАҚ қ. әрўақ. (араб тилинен) ат. диний. 1. Жан денеден бөлек деген исеним бойынша өлген инсанның тиришиликтеги адамларды қоргап жүретуғын руўхы. 2. аўыс. Қуў сүйек, куры дене. 3. аўыс. Қәсийетли, кийели деп есапланатуғын орын, мәкан. 4. аўыс. өзгеше, айрықша, руўхлы, арқалы күш. Арўағы басым — арўағы күшли. Арўағы услаў — күшейиў, күш алыў. Арўақ яр болсын — диний тилек. Арўақ қоллап-қуўатласын, жәрдем етсин, жолың болсын деген мағанада. Арўақ қысыў, Арўақ қозыў т.б.

АРЎАҚТАЙ кел. 1. Өлген, жансыз адам сыяклы. 2. Куп-куў, боп-боз, аппақ.

АРЎАҚЛЫ кел. Қәсийетли, кийели, арқалы.

АРЎАНА қ. әрўана. Бир өркешли, түйениң урғашысы.

АРХАИЗМ (грек. archaios — ең биринши, ертедеги) линг. белгили дәўир ушын гөнерген, қолланылыўдан шығып баслаған тил бирлиги, өзиниң мазмунына қарай салт-дәстүрди, диний түсиниклерди, хожалық затлары менен ҳәр түрли атамаларды аңлататуғын сөзлер. Мыс: Онсери бел менен сийсери кетпен, жантак дәстелетип, томар геўлеткен (И. Юсупов). Ертеде онсери, сийсери — салмақты белгилейтуғын өлшем бирликлери болған.

АРХАИК Гөнерген, қолланылыўдан қалған.

АРХЕОЛОГ Археология алымы, кәнигеси.

АРХЕОЛОГИЯ (грек. archaios — әййемги, ертедеги+logos-тәлиймат) Әййемги мәдений мийраслар тийкарында халықлардың тарийхый өтмишин, турмысы ҳәм мәдениятын үйрениўши илим. Археология музейи.

АРХИВ (лат archivum ҳәм грек archeion — мәкеме) 1. Барлық тараў бойынша мәмлекетлик, өндирислик ҳәм мәдений, ески ҳүжжетлер, жазба ҳәм графикалық мийрасларды сақлаў, системаластырыў сүўретлеў ушын шуғылланатуғын арнаўлы мәкеме. Мәмлекетлик архив. 2. Мәкемениң ески ҳүжжетлер, тамамланған жумыслар т.б. сақланатуғын бөлими. Институт архиви. 3. Қандай да бир мәкеме яки шахстың жумысына тийкарланған хатлар, фотосүўретлер т.б жыйындысы. Жазыўшы архиви.

АРХИВШИ архив хизметкери, архивте ислеўши.

АРХИЕПИСКОП (грек. archi — сөз жасаўшы сөзлердиң биринши бөлеги болып, «жоқары», «жоқары дәреже» «үлкен» мәнилерин билдиреди; archiepiskopos-үлкен епископ) Епископтан жоқары атак ҳәм усы атакқа ийе болған руўханый.

АРХИЕРЕЙ (грек. archiereus — биринши, үлкен руўханый) Христианлар ширкеўлеринде; жоқары дәрежели руўханыйлар (епископ, архиепископ ҳәм митрополит)дың улыўма аталыўы.

АРХИМАНДРИТ (грек. archimandrites) Еркеклер монастыры баслығының ҳәм монахлардың жоқарғы атағы ҳәм сол атакқа ийе болған шахс.

АРХИПЕЛАГ (грек. arche-баслы; +pelagos-теңиз) Бир-бирине жақын жайласқан теңиз атаўлары группасы, атаўлар.

АРХИТЕКТОНИКА (грек. architektonike (techne) — қурылыс (санааты) 1. архит. Санаатта, әсиресе архитектурада бир пүтинниң айырым бөлеклери ортасындағы сәйкеслик, сайма-сайлығы; көркем элементлердиң өз ара муўапықлығы, сәйкеслиги. 2. әдеб. Шығарманың қурылысы, яғный композициясы.

АРХИТЕКТОР (грек architecton-архитектура қәнигеси) Архитектура қәнигеси, имаратларды жобаластырыўшы яки қурыўшы қәниге.

АРХИТЕКТУРА (лат architectura ... грек architektonike) Имарат ҳәм қурылысларды жобаластырыў, қурыў ҳәм безеў өнери. Заманагөй архитектура.

АРХИТЕКТОРЛЫҚ Архитектор кәсиби, архитектураға тийисли.

АРЬЕРГАРД (фр arrire-арттағы+ garde-сақшы) Әскерий жүрис, ҳужум ҳәм шегиниў ўақтында тийкарғы күшлердиң изинен барыўшы ҳәм оларды душпанның арттан келип ҳужим етиўинен сақлаўшы әскерий бөлим.

АРША ат 1. Кийим-кеншек, дәскелер ямаса ыдыс-табақлар т.б. салып қойыў ушын, ағаштан исленген қуты. Қәне, енди баламның хатын маған бер, аршаның түбинде естеликке сақлап қояман (Ө.Хожаниязов). 2. Кипарислер туқымласларына тийисли, ҳәрдайым жасыл, бүршикли тереклер түри — ёлка. Арша ағашты қулатты (Қоблан). 3. Усы теректиң жаңа жыл байрамларында кесип алып безетилген шақалары яки түби. Арша безеў. Арша байрамы балалардың безелген арша әтирапында өткерилетуғын байрамы.

АРШЫЛ кел. Сөз көтермейтуғын, қамшы сүймейтуғын, намыслы, кекшил. Ол оғада кекшил, аршыл ҳайўан болды дейди («Әмиўдәрья» ж.). Ержан артта қалыўды сүймейтуғын аршыл... (Т.Есемуратов).

АРШЫЛЫЎ ф. Қабығынан тазаланыў, қыршылыў.

АРШЫН ат 1. Метр өлшем системасына кирместен алдынғы қолланылған узынлық өлшем бирлиги (0,71 метрге тең). Ол төрт-бес аршын бийикликте дәрўазаның үстине шықты (С.Салиев). 2. Усы өлшем бирликтеги өлшеў әсбабы; кез, адым. 3. аўыс. Биреўге, бир нәрсеге ямаса ўақыяға өзиниң жеке көзқарасы бойынша баҳа бериў, өлшеў, салыстырыў. Өз перзентине берген ананың биринши аршыны тийкарсыз болмайды (К.Досанов).

АРШЫНЛАЎ ф. 1. Метрлеў, өлшеў, мөлшерлеў. 2. аўыс. Аяғын кең басыў, адымлап басыў.

АРШЫЎ ф. 1. Қабығынан тазалаў, қыршыў, алыў. Ымысын шабақларды аршып тазалағанша, Шәжим бир кепшик жүйерини қоңсысының дигирманына барып майдалап тартып келди (Қ.Досанов). 2. аўысп. Кеўил кирин кетириў, өкпе-гийнени жазыў, кеўил алыў. Әжинияз әкесиниң бопсасы менен өкпесин аршыў ушын жымыйып күлди (К.Султанов). 3. аўыс. Қайта қозғаў, қопарыў. Басын аршып алыў — бәледен, гинадан ақланыў, бойын аўлақ салыў.

АРЫ қ. Әри. 1. Турған жеринен қашығырақта, буннан кейин. 2. Басқа жақта алысырақта. Ары кетсе....көп дегенде, шама менен. Ары қарай — оннан ары, буннан былай. Ары тарт, бери тарт — бир пикирге келе алмай, жан-жаққа, бири олай, бири булай тартыў. Не ары, не бери. Не боларын билмей, я ары емес, я бери емес.

АРЫ-БЕРИ р. 1. Алай-булай, арман-берман, олай-булай, ояққа-буяққа, алдына-артына. Екеўи машинаның жанында аз ғана турды да, ары-бери жүре баслады (Ө.Хожаниязов). 2. Тынымсыз, не ислерин билмей.

АРЫЗ қ. арза. ат. (араб тилинен) 1. Мүтәж, муң, тилек. 2. Арыз сөз, өкпе сөз. 3. Өтиниш. Арыз айтыў — өтиниш жасаў, жағдайын айтыў, көмек сораў. Арызы жетиў — айтқаны болыў, сөзи өтиў, тилеги орынланыў.

АРЫЗДАР ат. Арза бериўши, арза қылыўшы адам. Намаз руўза қарыздар, Болсын бир адамға атам, Қалайша болдың арыздар, Себеп недур маған атам (Бердақ).

АРЫЗШЫ ат. Арзагөй, биреўдиң үстинен арза бериўши.

АРЫҚ кел. 1. Ети жоқ, жүдеў, азғын, тозған. Арықларды бағыўға, Семизлерди байлаўға, Халқына беккем тапсырды («Қырқ қыз»). 2. Майы жоқ, майсыз. 3. аўыс. Жарлы-жақыбай, жупыны, гедей. 4. аўыс. Қунарсыз, өним бермейтуғын. Күйдиреди арық жер, Төккен маңлай териңди (Б.Қайыпназаров).

АРЫҚАҚСАҚАЛ аш. Әмелий елдиң бийи, ақсақал, басшылық ис алып баратуғын, суўмурап, ҳәзирги гидромелиорация ислери бойынша ис алып баратуғын суўмурап. ...шегиңди болған соң қанша дем алсаң алабер,— деди Арықақсақал (А.Бегимов).

АРЫҚЛАЎ 1. кел. жүдә арық емес, арығырақ, пәслеў, орташа. Ол арықлаў узын бойлы, қара шашы қап-қалың келиншек екен (К.Смамутов). 2. ф. Жүдеў, азыў.

АРЫҚЛЫҚ ат. Пәжмүрделик, жүдеўлик, болдырғанлық, ҳалы жоқлық, ҳәлсизлик. Махийтабан емес мәжнүн көринди, Шапқан атым арықлықтан сүринди, Кем-кемнен аңланар сөзлерим енди, Бәршеси дүньяның ялған көринди (Бердақ).

АРЫҚ-ТУРАҚ кел. Арықлаўдан келген, арықлаў, арықторыдан келген, ебиндей, орташа. Меңлибай Ешниязов сылынғырдан келген арық-турақ бала еди (Ж.Аймурзаев).

АРЫҚ-ТУРЫҚ кел. Жаман-жуман, жаман-жәўдик, пәжмүрде, азғын. Баспақ, тана арық-турыққа қолдан жылытып суў бермек керек (С.Мәжитов).

АРЫЛДАЎ Ҳайўанлардың, аңлардың айбат шегиўи, ырылдаўы.

АРЫЛМАС кел. Таўсылмас, изи жоқ, ада болмас. Бул ис болар арылмас дәрт. Белди буўып болайын мәрт (Өтеш).

АРЫЛМАЎ ф. Жазылмаў, саўалып кетпеў, тәўир болмаў, қутылмаў. Кулласы усы бала туўғалы аўырыўдан арылмайды. (ққ.х.е.). ◊ Басынан таяк арылмаў — урып-соғыўдан, қорлық, азаптан басы шықпаў. Қайғы арылмаў — ўайым-қайғы кетпеў. Қонақ арылмаў — келим-кетим үзилмеў, қонақсыз отырмаў.

АРЫЛТЫЎ ф. 1. Тазартыў, ада етиў, таўысыў, адақлаў, жоқ қылыў. Дағын арылт қысыўметтин, Жолын кес ески әдеттин, Дәртке аспаған жигиттин, барынан жоғы жақсы (С.Мәжитов). 2. Ажыратып алыў, бөлип алыў, тазартыў. 3. Босатыў. 4. Емлеў, аласлаў.

АРЫЛЫЎ ф. 1. Айрылыў, жоқ болыў, тазарыў, жақсарыў, қутылыў, азат болыў, жуда болыў. Асаў толқынлы Әмиўдәрья, Қысқы муздан арылды, Қызкеткенниң тарнаўында, Сарқырады сарылды (Т.Сейтжанов). 2. Арықлаў, етинен айрылыў. 3. аўыс. Ақланыў, өз басын арашалаў.

АРЫМАЎ ф. Азбаў, тозбаў, жүдемеў, шаршамаў, еттен түспеў, жалықпаў, болдырмаў, сыр бермеў. «Ақыл арымайды алтын ширимейди (ққ.х.н.).

АРЫРАҚ р. 1. Кейинирек, узағырақ, арманырақ, аўлағырақ. Арырақ барса, өлип атырған қасқыр менен түлкиниң териси жатырған екен, оны алып өгизге арта береди (ққ.х.е.). 2. аўыс. Тереңнен, алыстан, арманнан.

АРЫС ат. 1. Арбаның еки қапталының узын ағашы, арбаны атқа. өгизге т. б. жегиўде ең кереклий жақлаў ағашы. Арбаның қасында қалған баспашылар адамларды тегис байлап болған соң, атларды арыстан шешип алды. (К.Султанов). Сығасқан көп арба. Арбаға байлаўлы, ертлеўли, өгиз сыйыр, жылқы еки-үштен ҳәр арбаның арысына байланған (К.Султанов). 2. Аўыс. Бир қапталы, бир жағы, теңбе-тең, аўырлықты тең тартыўшы, қайғыны, қуўанышты тең бөлисетуғын адамның биреўи, ер адам, азамат. Еки арыстың бирисең, арбаны тең тартасаң, — деди Асқар сөзди кесип («Әмиўдәрья» ж.). 3. Үйдиң төбесин жапқанда қолланылатуғын көлденең, бел ағаш.

АРЫС ат. 1. Урыўлық бир тайпаны қурайтуғын аталар, тийре. 2. тарийх. Тайпалық өз ара жақын урыўлар бирлеспеси. Пәлекениң туўысқан дайысы қарақалпақтың он төрт урыў арысының қытайының қуйын тийресинен еди (А.Бегимов). Еки арыс — ерли-зайыплы, жубай.

АРЫСЛАН ат. 1. Пышық тәризлилер туқымласына киретуғын тырнақлары өткир, күшли, ири жыртқыш сүт емизиўши ҳайўан. Жигит сөзинен, арыслан изине қайтпас (ққ.х.н.). 2. аўыс. Күшли, айбатлы, бахадыр, дәўжүрек, өжет, қайсар, батыр, жигитлердиң султаны адам ҳаққында (усы ҳайўанға салыстырып сыпатланады). Айбатына қарасаң, Адам түйе досларым, Арыслан да қорққандай («Қырқ қыз»). 3. Ер адамлар аты. 4. астроном. Эклипкадағы он еки зодиак шоқ жулдызлардың бири.

АРЫСЛАНДАЙ кел. Арыслан сыяклы, күшли, жүдә күшли, айбатлы, қүдиретли. Жигит болсаң арысландай туўылған. Хизмет, еткил, удайына халық ушын. Жигит болсаң арысландай туўылған, Қашпас ҳәзге қара бастың ғамы ушын (Бердақ).

АРЫЎ кел 1. Сулыў, сымбатлы, айрықша, көркем, оғада жақсы, ақ билек, ақ дене. Суў ишиўге бир арыў арал, Саған мегзеп қалды, Әмиўдиң қызы (И.Юсупов). 2. поэт. Көрикли, сәнли, шырайлы. 3. Ҳасыл, таза қанлы.

АРЫЎАНА қ. әрўана.

АРЫЎЛАЎ ф. диний. Мейитти ақ жуўып, ақ бөз бенен ораў; кәстерлеў.

АС ат. 1. Адамзаттың керекли заты, тағамы, ишип-жеми, аўқат. Отаўға Мүширип келип, ас таяр болғанын хабарлады (К.Султанов). Мийнет пенен от жақпаған, Ас нанның қәдирин билмес (А.Дабылов). Ағайин татыў болса ат көп, абысын татыў болsa ас көп (нақыл). 2. дин. Қәдирли, атақлы адамның қайтыс болғанына бир жыл яки бир неше жыл өткен соң еслеў, руўхына арнап қуран оқыў, белгилеў, садақа. Ҳадал ас — ислам шәртлери толық сақланған, ишип-жеўге толық жарамлы ас, тамақ, тағам. Ас батпаў — тамақ сиңире алмаў, кеўли, мазасы болмаў, қапа болыў. Ас болсын — тилек. Жегениң сиңсин. Ас писирим — еки-үш сааттай ўақытты билдиретуғын ески өлшем бирлиги. Ас дузы — аўқатқа салынатуғын дуз. Асын ишип, асына түпириў — қәдирин билмеў, жақсылыққа жаманлық ислеў. Аўзы асқа тийиў — жасаў шараяты жақсыланыў, тәўирлесиў. Жарлының аўзы асқа тийсе, мурны қанайды (ққ.х.н.). Ас бериў (тарқатыў) — инсанды еске алыў ушын садақа бериў. Жерик ас — таңлаўлы, таңсық тағам, ҳәмиледар ҳаяллардың жегиси келген жемиси. Ишкен асы бойына тарамаў — кеўли кеншимеў, тыныш емес, алаң болыў.

АСА кел. 1. Артық, көп, аслам. Аса билим шайырлық жоқ өзимде. Көп кемислер қалды айтқан сөзимде (Бердақ). 2. ф. Аўызды толтыра тамақ жеў, же деген мәнисинде. Аса палаўды деп. Тазшаның алдына қойды (ққ.х.е.). 3. аўыс. Пайда көриў, есабын табыў, биреўдиң есесинен пайдаланыў. Есабын тапқан еки асар (ққ.х.н.). Аса силтеў — шамадан тыс кетиў, еркинсиў, артық кетиў. 4. р. Өте, сонша, дым.

АСАБАТ ат. дин. Өлиге тийисли садақа, өлгеннен кейинги берилетуғын қарасы, жетиси, қырқы, жүзи, жылы. Малын сойды ет болды. Асабаты көп болды, үш-төрт күнниң ишинде таркатып бәрин жеп болды (А.Дабылов).

АСАЛЫЎ ф. 1. Улғайыў, асқыныў, жаман болыў, үлкейиў, жараның, күйиктиң, кеселдиң қозып, айнып, кетиўи. 2. Аўыс. Озыў, асып өтиў, жетиў. Айрылдым жалғыз қостарым. Маңлайы дөңес қошқардан, Асалмай қалдым асқардан. Не боларымды билмедим (Бердақ). 3. Желиниў, ишилиў.

АСАМ: бир асам; кел. Аўыздың бир толысы. «Таўдан тастан қайтпаған жүрегим бир асам майдан қайтама» деп ойлады Сапар ишинен (М.Абдиреймов).

АСАТЫЎ асаў фейилиниң өзгелик дәрежеси.

АСАЎ кел. 1. Бойсынбаған, адамға үйретилмеген, жуўас емес, күш бермей ерксиз кететуғын. Әри дайымдикине бараман, әри асаў тайымды үйретемен (ққ.х.е.). 2. аўыс. Инсан еркине бойсындырылмаған, жылаўланбаған (тәбият күшлери) Асаў дәрья. 3. Ерке, тентек. 4. ф. Аўзын толтырып жеў, аўзына аўқатты сыйғанынша тығыў. Есабын таўып еки асап, Ислемей күн көрип жасап, Суў жуқтырмас пуқта кусап, Етек-жеңин түргенлер бар (С.Мәжитов). Еки асап, бир жалмаў — тез жеў. Асарын асап, жасарын жасаў — узақ өмир сүриў, қартайыў.

АС-АЎҚАТ ат. Тамақ, ас, нан, ишим-жем, азық-аўқат. Күн өтти, шабысқан аттай, Тек жүрдим жүрекке ас-аўқат батпай (М.Дәрибаев).

АСАЎЛАНЫЎ ф. Күш бермеў, туўлаў, жөнсиз кетиў, турпайыланыў. Асаўланып жигитине тасланар... Еки жаста тоймас сыбыр-сыбырдан (Т.Сейтжанов).

АСАЎЛЫҚ ат. Үйренилмегенлик, көнликпеўшилик, жатырқаўшылық, мойынсынбағанлық, ысылмағанлық.

АСБЕСТ (лат asbestos-өшпейтуғын, жемирилмейтуғын) Отқа шыдамлы, кислота ҳәм силти тәсир етпейтуғын, ыссылық ҳәм электр өткермейтуғын талшықлы минерал.

АСЕПТИКА (грек. а-бийкарлаўшы қосымта+septikos — ириңли) Ириңли жарақатларға инфекция түсирмеўге қаратылған шара-илажлар системасы.

АСИЛИК қ. әсилик,

АСИММЕТРИКАЛЫҚ Симметрикалық болмаған, симметрикалық емес.

АСИММЕТРИЯ (грек asymmetria-өлшеми бир емес) симметрияның жоқлығы яки бузылғанлығы; симметриясызлық. ант. Симметрия.

АСКЕР қ. әскер.

АСКЕТ (грек asketes — шынығыў ислеўши, дәруиш). Аскетизм тәрепдары, жападан-жалғызлықты таңлаўшы, кәлендер, дәруиш.

АСКЕТИЗМ 1. Ҳәмме дүнья нәрселеринен ўаз кешип, төрки дүнья қылыў, дәруишликти үгитлеўши диний-нәсиятлық теориясы. 2. Өмир ләззетлеринен, ҳәмме дүнья ислеринен, бахыт-саадаттан ўаз кешиў, төрки дүнья қылыў, дәруишлик, кәлендерлик.

АСКИЯ (арабша зийреклик, тапқыр) 1. Өзбек халық дөретпелериниң бир жанры болып, онда сөз ойынына, астарлы сөзлерге тийкарланған еки ямаса оннан артық адам я болмаса тәреплер жарысады. А. әдетте той-тамаша, сейил, зыяпат сыяклы жыйынларда өткериледи. Аския айтысыў — 1. жарыста қатнасыў. 2. Сөз ойыны, астарлы сөзлер менен масқаралаў, мазақ етиў.

АСҚАБАҚ ат. Тамақ ретинде пайдаланылатуғын ири жемисли бақша егинлериниң түри. Гүлдей жайнаған жүзин суўық урған асқабақтың пәлегиндей солдырды (А.Бегимов).

АСҚАБАҚТАЙ Көлемли, үлкенлиги асқабақ сыяклы.

АСҚАЗАН ат. Ишкен-жеген аўқаттың сақланатуғын ҳәм сиңирилетуғын ишки қурылыстағы адам организми, ас сиңириў мүшеси. Бул үйдегилер Ромештиң өкпесине суўық тийер деп, соншелли қорықса да асқазан бузылар-аў деп ойламайтуғын еди (Р.Тагор). Асқазан аўырыўы, асқазан рагы, асқазан жарасы т.б.

АСҚАН 1. ф. Озған, айрықша, артықмаш, өзинше. Көпке гүрес тутпақ итибар емес, Журттан асқан артык күши болмаса. (Әжинияз). 2. кел. Аса, дым, жүдә, зор.

АСҚАР кел. 1. Бийик, зәўлим, бәлент. Қарамындай асқар таўдың, Әрман зили белге түсти (И.Юсупов). 2. ат. Таў, шың. 3. аўыс. Қыйыншылық, аўырманшылық, салмақ, аўыр жүк, қайғы-нәпес. Асып өтин талай гүрес асқарын, Изинде көп жаңа әўлад жасларын (И.Юсупов). 3. Адамның аты, меншикли аты, исми. Асқар қоянларға уя дүзетти («Жеткиншек» г.) Асқар таў — тирениш, сүйениш. Асқар таў, шалқар көл —алыс, қыйын — қыстаў, узак сапар.

АСҚАРДАЙ кел. 1. Асқар сыяклы, тәризли, бийик. 2. Сүйенетуғын, исенетуғын.

АСҚАРЛАЎ бийиклеў, бийикке көтерилиў, шарықлаў. 2. поэт. Толқынланыў.

АСҚАТЫҚ ат. Азық, аўқат. Жармаға қататуғын айран, қатық. сүт, ағарған. Сыйырдын саўып, гүбисин писип, асқатықлық айран алып киятырман (А.Бегимов).

АСҚЫЗЫЎ ф. қазан көтерип, тамақ, ас таярлатыў.

АСҚЫНДЫРЫЎ ф. 1. Аўырыўын гүжитип алыў. 2. Исти насырға шаптырыў, шийеленистириў. 3. Күшейтиў, үдетиў.

АСҚЫНЛАЎ ф. 1. Толып-тасыў, кеўилди ҳадден тыс көтериў, анаў-мынаўды писент етпеў. Сен асқынладың, кәтелестиң, бир күнлери өкинерсең... 2. аўыс. Улғайыў, аўырыўы күшейтиў, айныў. Аўырыўы асқынлады ем көрмей, Жаным қатты шаншып атыр — шеңгелдей (Т.Жумамуратов). 3. Шектен шығыў.

АСҚЫНЫЎ ф. 1. Улғайыў, аўырыўы күшейтиў. 2. Күш бериў, айныў. Халық ағылды тезден ески қорғанға, Ғәзеп оты көкиректе асқынды (И.Юсупов).

АСҚЫНЫЎШЫЛЫҚ ат. Асқынып кетиўшилик, шектен шығыўшылық.

АСҚЫШ: қулақ асқыш. Тил алғыш, тыңлағыш.

АСЛА қ. ҳасла.

АСЛАМ 1. кел. Артық, көп, зыят, артығырақ, үстем. 2. р. Белгили бир мөлшерден, шамадан артық, көп. Бәри жабылып жүзден аслам саўын сыйыр саўады (К.Султанов). Операция басланғалы арадан төрт сааттан аслам ўақыт өтти (А.Бекимбетов).

АСЛАМЫРАҚ кел. Артығырақ, көбирек, молырақ, бираз, тәўирақ. Ҳәзир мениң сеннен хат алмағаныма он айдан асламырақ ўақыт болды (Г.Изимбетов).

АСЛАЎ Ағаштан исленген үлкен ыдыс. Аслаўға дуздан сүр болып шыққан балықларды салып адамлар, тазалап жуўып атыр (К.Султанов). Аслаўыңа дән салдым, кел тезирек көре ғой (Х.Тәжимуратов).

АСЛЫ қ. ҳаслы.

АСЛЫ-ПАСЛЫ ат. Негизги, түп дереги, туқымы, шыққан жери, шығысы, ата теги. Есенгелдиниң аслы-паслын билип сөйлесиўге кумар етеди (Қ.Ирманов).

АСМАН қ. аспан.

АСПАНИЙ-ЗӘМИЙЙИН ат. Жердиң асты-үсти, дүнья жүзи. Аспаний-зәмиййинниң асты қапылып, Мәтен жыртық шайыр болған емес пе (А.Муўсаев).

АСПА ат. Асып қойылған, илинип турған, асылып турған зат. Аспа шыра, аспа календарь, аспа көпир, аспа саат.

АСПАЗ ат. Аўқат писириўши, аспазлық кәсиби менен шуғылланыўшы адам. Аспазлар қасық-табағын жап-жақсы етип жуўады (Жайен). Аспаз пуўға (ққ.х.е.).

АСПАЗЛЫҚ ат. Аўқат писириўшилик, аўқат писиретуғын кәнигелик, кәсип.

АСПАЗШЫ ат. сөйл. АСПАЗ. Куўырдақшы, кәбапшы, Ас писирип аспазшы. («Ер Зийўар»).

АСПАЗШЫЛЫҚ ат. сөйл. АСПАЗЛЫҚ

АСПАЙ-САСПАЙ ф. Асықпай, албырамай, әсте-ақырын. Дарья кең пейил, мәрт дарья ғана аспай-саспай созылып ағып тур (К.Султанов).

АСПАҚ ат. гэнер. Дар ағашы, жазалаў куралы.

АСПАЛЫ кел. Асыўлы турған, асып қоятуғын, илиўли. Аспалы саат.

АСПАН ат. Жердиң ямаса басқа да астрономиялық объекттиң жоқарғы қатламы, төбемиздеги кеңислик. Бабам пақыр түйеде аяқласа, Мен аспанның ақ бултын жарып келдим (Т.Жумамуратов). Аспан шыршалаған бадыядай көк (И. Юсупов). ◊ Аспанға балта ылақтырыў — ашыўланып қутырыў; аспанға көтериў, аспанға шығарыў — асыра мақтаў, марапатлаў, ҳүрметлеў; аспандағы айға қол созыў — шамасы келмейтуғын иске урыныў; аспанды еки ели әкелиў, аспанды жерге түсириў — 1) қорқытыў; 2) ўайымлаў, қайғырыў; аспанды тиреп турыў — қүдиретке ийе болыў. Егер сен аспанды турсаң да тиреп, аттан түсип сәлем бермегиң керек (И.Юсупов). Аспаннан түскендей — 1) тосаттан, бирден; 2) хабары жоқ; 3) түсинбейди. Аспан үзилип жерге түсеме — ўайымлама, қайғырма, қорқпа.

АСПАНЛАТЫЎ Жоқарыға шығарыў.

АСПЕКТ ат. (лат. Aspectus — көзқарас, көринис). Белгили бир мәселе, қубылыс, түсиник ҳәм т.б. соларға уқсаған фактлерди үйрениўге тийкар болатуғын көзқарас.

АСПИД I ат. 1) уўлы жылан; 2) сөйл. Жаўыз, залым, ҳийлекер.

АСПИД II ат. таў жынысының түри.

АСПИРАНТ ат. (лат. aspirans, aspirantis — талпыныў. Аспирантурада оқып атырған илимпаз. Жоқары оқыў орнында ямаса илим изертлеў институтында илимий, илимий-педагогикалық хизметке ҳәм кандидатлық диссертациясын қорғаўға таярланыўшы қәнеге.

АСПИРАНТКА аспирант ҳаял-қыз.

АСПИРАНТУРА ат. Жоқары оқыў орынларында яки илим изертлеў институтларында профессор-оқытыўшылар ҳәм илимий кадрларды таярлаў системасы, нәтийжеде диссертация қорғалыўы ҳәм илим кандидаты илимий дәрежеси берилиўи есапланады. Аспирантураға қабыл етилиў. Аспирантураны тамамлаў.

АСПИРАТОР ат. 1. ҳаўадан ямаса газден олардың курамын, тозаңланыўын анализлеў максетинде үлги алыўда қолланылатуғын қурылма; 2. өндирислик орынлардан шаңланған ҳаўаны сорып алыўға арналған аппарат; 3. мед. Аспирацияны иске асырыўшы әсбап.

АСПИРИН қ. Ацетилсалицил кислотасы 1. Әййемги Рим монетасы (теңгеси); Әййемги Рим аўырлық өлшем бирлиги. 2. Асс- Ассос — Әййемги Мизиядағы (Мисия) порт ҳәм қаланың атамасы.

АС-САДАҚА ат. дин. Өлген адамларға арналып берилетуғын ас-суў, өлиниң жолына берилетуғын кудай жолы, садақа. Шанаш түбинде мардан қуўысында қалған азы-кем напақа менен кемпир ас-садақа бергиси келмеди (К.Аралбаев).

АССАЛАМ 1. Туўры формасы: ассалаўма әлейкум. 2. Сәлем жоллаў, қутлықлаў формасы.

АССАЛАЎМА ӘЛЕЙКУМ қ. с. 1) Сәлем бериў, сәлемлесиўдиң түри. Ассалаўма-әлейкум, — деп даўыслап сәлем бердим (Ә.Шамуратов). Балалар дүркиресип ҳәр қайсысы еки қолын қаўсырып, ... ассалаўма әлейкум деп арты менен шығып кетип атыр (Ә.Шамуратов). 2) Аўыс. кек етип сөйлеў мәнисинде. Ассалаўма алейкум, хош, енди қалайсыз?

АССАМ ТИЛИ линг. Ҳиндстанның Ассам штатының рәсмий тили. Сондай-ақ Бутан ҳәм Бангладеште де кең тарқалған. 15 миллионнан аслам адам бул тилде сөйлейди.

АССАМБЛЕЯ фр. (assemblee-мәжилис, жыйналыс) 1. Халықаралық шөлкемлерде гейпара басқарыў органлары аты. Мыс: Бирлескен Миллетлер Шөлкеми Бас Ассамблеясы 2. Жыйналыс.

АССИГНАТЛАР фр. (assignats лат.assigno) Уллы француз революциясы дәўириндеги қағаз пуллар.

АССИГНАЦИЯ 1. тар. Россия империясында 1769-жылдан 1849-жыллар аралығында кредит билет енгизилгенге шекем өмир сүрген қағаз пул белгиси. 2. гөн. ассигнациялық рубль Россиядағы биринши қағаз пул билети.3. тар. ассигнат; Уллы француз революциясы дәўиринде қағаз пул белгиси сыпатында Францияда шығарылған бахалы қағаз түри. 4. фин. Бир тәрептиң екинши тәрепке қандай да бир мақсет тийкарында белгили суммадағы пул, бахалы қағазлар ямаса басқа да бахалы затлар түринде бериўи ҳаққында шәртнама.

АССИМИЛЯЦИЯ (лат-assimilatio-уқсатыў, салыстырыў, теңлестирилиў). 1. биол. Өсимлик яки жәниўар организми искерлиги процесинде сырттан қабыл етилген затлардың өзлесиўи, сиңиўи, өзлестирилиўи, синдирилиўи. 2. Бир халық (яки оның бир бөлегиниң) басқа бир халық үрп-әдетлерин, мәденияты ҳәм тилин өзлестирип, өз тилиниң, мәдениятының ҳәм миллий сана-сезиминиң жоқ етилиўи нәтийжесинде усы халыққа қосылып кетиўи. 3. линг. Бир сестиң екинши бир сес тәсиринде уқсас (бир түр) формаға өтиўи. Мыс. Жуўазшы-жуўашшы.

АССИМИЛЯЦИЯЛАНЫЎ ассимиляцияға ушыраў, өзлестирилиў.

АССИМИЛЯЦИЯЛАЎ ассимиляция енгизиў.

АССИРИОЛОГИЯ Ассирия, Вавилония ҳәм Месопотамия тарийхын, мәдениятын, тиллерин ҳәм жазыўларын үйренетуғын комплексли гуманитар пән;

АССИСТЕНТ (лат assistens, assistentis — қатнасып атырған, жәрдемлесип атырған) 1. Қәнигениң жәрдемшиси. Профессор ассистенти. 2. Жоқары оқыў орынларында киши оқытыўшы лаўазымы ҳәм усы лаўазым ийеси.

АССИСТЕНТЛИК Ассистент жумысы, лаўазымы. Ассистентлик етиў.

АССОНАНС фр. (assonans латынша assono — уйқас еситилемен, үйлесим) поэтикалық ямаса прозалық текстте даўыслы сеслердиң үнлесип қайталаныўы.

АССОРТИ (фр. assorti — жақсы сараланған) Бир тепли затлардың арнаўлы жыйнағы.

АССОРТИМЕНТ (фр. assortiment — терме, топлам, сараланған, топланған) Товарлардың ҳәр қыйлы түрлери, атлары ҳәм сортларына қарай топламы.

АССОЦИАНИЗМ психикалық процесслердиң динамикасын ассоциация принципи менен түсиндиретуғын дүнья жүзилик психологиялық бағдарлардың тийкарғы түрлериниң бири.

АССОЦИАТИВ ПСИХОЛОГИЯ (Ассоцианизм) — XVIII-XIX әсирлердеги психологиялық концепциялар ҳәм мектеплар жыйынтығы болып, онда ассоциация сана хизметиниң тийкарғы ямаса ҳәтте жалғыз механизми болып саналды.

АССОЦИАТИВЛИК А. алгебра, А. кольцо.

АССОЦИАЦИЯ (лат. associatio — бирлеспе, қоспа) 1. Тийкарғы мақсетке ерисиў ушын дүзилген шөлкем, аўқам. 2. псих. Нерв-мий искерлиги менен байланыслы болған өз алдына психикалық акт, яғный елес, пикирлер, сезимлер арасындағы байланыс ҳәм усы байланыс тийкарланған қабыл етиў. 3. филос. Психикалық элементлер ортасындағы байланыс. А. басқаша.

АС-СУЎ ат. Азық, азық-аўқат, ишимлик-жегилик. ...Адамлардың ас-суўына қарап бир кисиниң жумысын қылып, үйдегиниң барған-бармағанын билдирмес едим (Қ. Ирманов).

АСТАН-КЕСТЕН р. Ала топалаң, асты-үстине шығыў, ойран болыў, кыйратыў, түсиниксиз, тәртипсиз, бирден болған кыян-кести ўақыя, жердиң асты-үстине шығып бузылыўы. Гранаттың түскен жери жасыл түскендей болып астан-кестен болды (газетадан). ◊ астан-кестенин шығарды — 1) кыйратты, бүлдирди; 2) масқара қылды; астан-кестени шықты — 1) ойран болды; 2) есерленди; 3) әбигерленди.

АСТАПЫРАЛЛА қ. АСТАЎПЫРАЛЛА (араб тилинен Кудай, өзиң сақлағайсаң; Кудайым өзиң кеширгейсең) 1. Әжеплениўди, таң қалыўды билдиреди. 2. Ғәзеп, ашыўланыў аралас таңланыў, наразылықты билдириў.

АСТАР ат. (араб тилинен — перде, жаўлық, парсы тилинен — ишинен тигилген гезлеме) 1. Кийим яки көрпе, көрпеше сыяклы нәрселердиң ишки қабаты, ишки тәрепине тигилген гезлеме (материал). Еки қолы менен шапанының ишки астарынан услап, қаўсырынып алды (Ж.Аймурзаев). 2. аўыс. Сөздиң басқаша, екинши мәниси. — Ақсақал да бәле екен заңғар! Гәпимниң астарына түсинип шақақ атып күлди де, табаққа қол ура берди... (Т.Қайыпбергенов).

АСТАРЛАТҚЫЗЫЎ Көрпеше яки кийимге басқа адам тәрепинен астар салдырыў.

АСТАРЛАТЫЎ астар салдырыў.

АСТАРЛАЎ астар салыў.

АСТАРЛЫ кел. 1. Астары бар, астар салынған. Астарлы көрпе. 2. Басқаша мәнили, екинши мәнидеги, лийкинли. Мақалалардың ғейпаралары астарлы идиомалық мәниске ийе болып отырады (Қ.Айымбетов).

АСТАРЛЫҚ ат. Астар етиўге жарамлы, астарбап. Астарлық шыт.

АСТАРСЫЗ кел. Астары жоқ, астар салынбаған. Астарсыз шапан.

АСТАЎПЫРАЛЛА танл. (араб. Кудай, өзиң сақла; кудай өзиң кешир) 1. Әжеплениўди, таңланыўды билдиреди. Астаўпыралла бала, мына шаппаттай қыздың көтергидей сөзлерине ҳайран қаламан-аў (Г.Есемуратова). 2. Ғәзеп, ашыўланыў, наразылықты билдиреди. Алыўда — биссимилла, бериўде — астаўпыралла (Нақыл-мақал).

АСТАҚТА ат. Қамыр жайыў ушын ағаштан арнап соғылған тахта, тахтай. Ол түйиншикти анасының дастығының астына тықты да, печтиң қуўысында жатқан папка ишинен бир дәптер алып, астақтаның үстине жайды, бирақ не жазарын билмей, кәлемин бармақларының арасына қысқан ҳалында ийегин еки алақанына басып отырып қалды, узақ отырып қалды (Т.Қайыпбергенов).

АСТЕНИЯ мед. (грек. күшсизлик), хроникалық (созылмалы) шаршаў синдромы — кеўил-кейпиятының аса турақсызлығы, өзин тутыўдың ҳәлсиреўи, шыдамсызлық, бир жерде отыра алмаслоқ, уйқының бузылыўы, узақ ақылый ҳәм физикалық күш салыў уқыплылығының жоғалыўы, шаўқымды, жоқары жақтылықты, өткир ийисти көтере алмаў белгилеринде көринетуғын жоқары шаршаўшылық пенен наўқасланыў жағдайы.

АСТЕРОИДЛАР астр. (грек. aster — жулдыз + eidos — көринис; уқсас) Қуяш системасының Марс ҳәм Юпитер орталығында айланатуғын киши планеталар, киши аспан денелери; киши планеталар.

АСТМА мед. (грек asthma — ҳалласлаў, буўылып қалыў) Бронхлар тесигиниң тосаттан тарайып қалыўы яки жүрек кеселликлери нәтийжесинде тутылатуғын буўылып дем жетпеўи.

АСТРА ат. (грек. astron — жулдыз) бот. Қурамалы гүллер туқымласларынан түрли реңдеги ири гүлли бағ өсимлиги. Күлип жатыр Ялта менен Гагра, Астра ҳәм Цитрусқа көмилип (Т.Мәмбетмуратов).

АСТРО (грек astron — жулдыз) Қоспа сөзлер курамындағы сөзлердиң алдында келип, жулдыз ҳәм планеталарға байланыслылығын аңлатады.

АСТРОБИОЛОГИЯ (астро...+ биология) Әлемдеги тиришиликтиң барлық түрдеги көринислерин үйренетуғын илим. А. астрономия, биология, биохимия тараўларындағы илимий нәтийжелерге тийкарланады. Гейбир мәселелерди шешиўде А. космослық биология ҳәм космослық медицина менен тығыз байланысады.

АСТРОБОТАНИКА (астро... + ботаника) Астрономияның планеталардағы (биринши кезекте Марстағы) өсимликлерди үйренетуғын бөлими.

АСТРОГРАФ (астро... + жазаман) аспан объектлерин сүўретке алыўшы телескоп.

АСТРОГРАФИЯ Галактиканың орналасыўын ҳәм оның ҳәрқыйлы тәбийғый ҳәм жасалма кубылысларын изертлеўши, соның менен бирге жулдызлар ара кеңислик карталарын дүзиў менен шуғылланыўшы илим.

АСТРОЛОГ Астрология менен шуғылланыўшы шахс, қәнеге; болжаўшы.

АСТРОЛОГИЯ (астро... + грек logos — тәлим, түсиник) Ертеде аспандағы жақтыртқыш денелердиң ҳалатына қарап пал ашыўдан ибарат болған жасалма илим.

АСТРОЛЯБИЯ (грек astrolabion <астро+labe — услаў, тутып алыў) Астрономияда узынлық ҳәм кеңисликлерди анықлаў ушын XVIII әсирге дейин қолланылып келген мүйешлерди өлшеў әсбабы.

АСТРОМЕТРИЯ Астрономияның тийкарғы ўазыйпасы — аспан денелериниң геометриялық ҳәм кинематикалық қәсийетлерин изертлеўден ибарат болған бөлими.

АСТРОНАВИГАЦИЯ Ушыў аппаратының ямаса кемениң аспан денелери бойынша бағытын ҳәм координаталарын анықлаўға имкан бериўши әмелий астрономияның усыллар топламы.

АСТРОНАВТ қ. Космонавт.

АСТРОНАВТИКА (астро+грек nautike — кемени басқарыў) қ. Космонавтика.

АСТРОНИМ (астро (жулдыз) + ним (ат, исим)) автордың исмин алмастырыўшы жулдызлар. Космик объекттиң меншикли атамасы.

АСТРОНИМИКА Аспан денелериниң меншикли атамаларын ҳәм олардың жыйынтығын үйренетуғын ономастиканың бөлими.

АСТРОНОМ Астрономия алымы, қәнегеси.

АСТРОНОМИЯ (грек. astronomia <astron+nomos — нызам) Аспан денелери, улыўма әлем, галактика дүзилиси ҳәм раўажланыўы ҳакқындағы илим.

АСТРОНОМИЯЛЫҚ Астрономияға тийисли. Астрономиялық әсбап. Астрономиялық санлар — жүдә үлкен санлар менен сыпатланатуғын муғдарлар, көлем (шама).

АСТРОФИЗИК Астрофизика менен шуғылланыўшы алым, қәнеге.

АСТРОФИЗИКА (астро+физика) Астрономияның аспан денелериниң физикалық ҳалатын ҳәм химиялық курамын үйренетуғын бөлими.

АСТРОФОТОГРАФИЯ, АСТРОГРАФИЯ, АСТРОНОМИЯЛЫҚ ФОТОГРАФИЯ астрографлар жәрдеминде аспан денелерин сүрәтке алыў тийкарында астрономиялық бақлаўлар өткериўдиң бир усылы.

АСТРОХИМИЯ (молекулярлық астрофизика) — астрофизика ҳәм химия илимлериниң биригиўиндеги жулдызлар орталығындағы атомлар, молекулалар ҳәм шаң дәнешелери арасындағы химиялық реакцияларды, жулдызлар ҳәм планеталардың пайда болыў фазаларын, сондай-ақ, атомлар ҳәм молекулалардың космик нурланыўы менен өз ара тәсирин үйренетуғын илим тараўы.

АСТЫ р. Төмен, асты бети, төмен тәрепи. Көрпе астында ҳаўа жетиспей буўылып, еки ийнинен зорға-зорға дем алып жатыр. (Т.Қайыпбергенов). Себеби Гүлим менен Әмет екеўиниң ара-тура көз астынан бир-бирине нәзерлесиўи Қуўанышбай ағаны гүманландырайын деди (Т.Қайыпбергенов). Апай көз әйнегин кийди де, дастығының астынан китабын алып оқый баслады... (Г.Есемуратова). ♦астына көпшик қойды — мақтады; жалпылдады, жарамсақланды.

АСТЫНҒЫ кел. Астындағы, төмендеги, пәстеги, төменги. Жумабайдың және сөйлегиси келип, қызға бир нәрселерди айтыўға оқталды да, әлле қандай бийжөн сөз бенен ямаса натууры ҳәрекет пенен зейнине тийип алыўдан қорқып, астынғы ернин тиследи. (Т.Қайыпбергенов). Келиншек астынғы ернин тислеп, босанғысы келип түргелди, босана алмады. (Т.Қайыпбергенов).

АСТЫН-ҮСТИН р. Астын-үстине шығыў, ала-топалаң. Астын-үстин жердиң бети, суусыз қамыр қарығандай (Ә.Шамуратов). ♦астын-үстин болды — 1) бүлинди, кыйрады; 2) есерленди, кутырды.

АСТЫРТЫН р. Билдирместен, жасырын, сырттан, купыя. Әбден кешиккен соң, астыртын Турымды жиберип еди (К.Султанов).

АСТЫРТЫЎ 1. Аўқат асқызыў, писиртиў, таярлатыў. 2. Илип қойдырыў, дарға асқызыў.

АСТЫРЫЎ асыў фейилиниң өзгелик дәрежеси.

АСТЫ-ҮСТИ р. Ояқ-буяқ, жағымлы жағына шығыў, ҳәр түрли ҳәрекет ислеў. Асты-үстине түсип жалынады (ққ.х.е.). ♦Асты-үстине шығыў — жағымпазланыў, ҳүрмет көрсетиў.

АСФАЛЬТ ат. (грек asphaltos-таў смоласы, қара май) 1. Жоллар, тротуарлар қурыўда ҳәм өндиристиң базы бир тармақларында қолланылатуғын тәбийғый яки жасалма, қара, смола сыяклы зат. Асфальт жатқарыў. 2. Жолға, жер бетине жатқызылған усындай зат қатламы. Ҳасла өкинбеймен, балалық изим, Асфальт жол астында қалғанлығына. (И.Юсупов).

АСФАЛЬТЛАНЫЎ Асфальт пенен қапланыў.

АСФАЛЬТЛАЎ Асфальт жатқарыў, асфальт пенен қаплаў.

АСФАЛЬТЛЫ кел. Асфальт төселген, асфальтланған. Асфальтлы көшелер.

АСФАЛЬТСЫЗ Асфальт төселмеген, асфальт пенен қапланбаған.

АСФЕН мед. (Asphenum) Ацетилсалицил кислотасы менен фенацетинниң бирикпесинен жасалатуғын дәрилик зат.

АСФИКСИЯ (грек а — бийкарлаў қосымтасы + s phyxia-пульс) Буўылып қалыў — организмде кислород жетиспей, карбонат ангидрид көбейип кетиўи нәтийжесинде пайда болатуғын патологиялық ҳалат.

АСХАНА ат. 1. а) Үйдиң ишиндеги аўқат писиретуғын орын, тағам таярлаўға арналған өжире. Турымбет балта сорап усы асханаға киргенде, ол шығып кетежақ болып турды да, және оны көрмеген киси кусап бир қырынлап жатты. (Т.Қайыпбергенов). б) Аўқатланыўға арналған бөлме. Асханадан азанғы аўқатымызды жеп болып палатаға келдик. (Г.Есемуратова). 2. Жәмийетлик аўқатланыў орны.

АСХАНАСЫЗ асханасы жоқ, ас писириўге арналған өжиресисиз.

АСХАНАШЫ Асхана ийеси.

АСЫҒЫП-ҮСИГИП Шыдамсызлық пенен, қатты асығыс түрде, тезлетип.

АСЫҒЫС р. 1. Тез орынланыўы лазым болған, кешиктирип болмайтуғын, қыстаўлы. Асығыс буйрытпа. Асығыс мәжилис. 2. Қыстаў, жылдам, шаққан, ғапыр-ғупыр, тез-тез, дәрриў. Келдик деди Хурзия асығыс түрде (Ж.Дәрибаев).

АСЫҒЫСЛЫҚ ат. Шыдамсызлық, тезлик, жылдамлық, шаққанлық. Ең шатас жол асығыслықта басланған жол деп бабалар айтып кеткен даналықты еситпеген бе едиң? (Т.Қайыпбергенов). Айша асығыслық пенен жақынлап Ханымгүлдиң қарнына ыңқ еткизип бир тепти, оның қолы босады. (Т.Қайыпберgeнов).

АСЫҒЫСТА р. Асыққан ўақытта, тығын-таянда. Хатты алып Гүлайым асығыста оқыды («Қырқ қыз»).

АСЫҒЫЎ ф. Гөзленген истиң, мақсеттиң тез әмелге асыўы ушын умтылыў, сабырсызлық пенен ҳәрекет етиў; тез ислеў, жылдамлатыў, тезлетиў, шаққанлатыў. Жумабай паданың изинен асығып кетти. (Т.Қайыпбергенов). ♦Асығып-үсигиў — қалай болса, солай, тез-тез, шаққан, ғапыр-ғупыр. Йолшыға итибар берместен асығып-үсигип сөйлей баслады (Айбек). Асыққанда ләббай табылсаў — асыққанда жақсы деўши болмаў. Асыққанда ләббай табылмас (ққ.х.н.) Асыққанда күн өтпеў — к. ўақыт өтпеў. Асыққанда күн өтеме, үш күннен кейин келди (Ө.Айжанов).

АСЫҒЫЎ-АЛБЫРАЎ тез, жылдам, жан-жағына қарамастан ҳәрекет етиў, сасқалақлаў.

АСЫҚ I ат 1. Қойдың, ешкиниң ҳәм де усы сыяқлы майда жанлы-жаныўарлардың артқы еки аяғында болатуғын дизедеги сүйек, буның менен балалар ойнайды. Түски бос ўақтымызды асық ойнаў менен-ақ өткеремиз (Ә.Шамуратов). ♦Асығы алшы — иси сәтли, ис жүрген, бахытлы, әўмети келген. Асығы алшылаў — иси жүриў, жолы болыў, дегени орынланыў. Азап берип залым Хийўаның ханы, Асығы алшылап жеңди ығбалы (газетадан). Асығы алшы турыў — иси жүрисиў, әўмети жүриў, иси оңынан келиў.

АСЫҚ II. Асығыў фейилиниң буйрық формасы.

АСЫҚҚЫШ кел. Асығатуғын, асыға беретуғын, мудамы асығып жүретуғын. Асыққышпан-ау мен оғада, Питсе деймен бәри бирден (И.Юсупов).

АСЫҚПАЙ-АЛБЫРАМАЙ р. Жай парахат, әсте.

АСЫҚПАЎ ф. Жай парахат қыймылдаў, бир жумысты әсте ислеў. Соң асықпай барып алдындағы жаптың рашына минди (Т.Қайыпбергенов).

АСЫҚТЫРЫЎ асығыў фейилиниң өзгелик дәрежеси.

АСЫЛДЫРЫЎ асылыў фейилиниң өзгелик дәрежеси.

АСЫЛЫСЫЎ ф. Жармасыў, қолын услаў, иркиниш жасаў, тырмасыў. Олар селт етпестен ийттиң орнына келип бир-бирине асылыса отырды (Т.Қайыпбергенов).

АСЫЛЫЎ ф. 1. Илиниў, салбыраў, асылып турыў, жармасыў, услап қалыў, еки қолы менен услап турыў, услаў, сүйениў. Светлана анасының бетин зорлық пенен ашыў нийетинде изине ерип жүрип көрпесине асылды (Т.Қайыпбергенов). 2. Дарға асылыў — қазаланыў, өлиў. 3. Аўыс. Қазан көтериў, писириў.

АСЫМ: бир асым ат. Азырақ, қазанға бир салым, бир тамақлық. ...не болады! Сойың, алысқанда жигитлерге бир асымнан жетеме деп оны да азсынды (Қ.Ирманов).

АСЫМДАЙ бир асым шамасында.

АСЫМЛЫҚ ат. Қазанға бир саларлық, бир тамақлық, бир писиргендей, шамалы, боларлық. Көлге Пирман ау салайық, Асымлық балық алайық (Өтеш).

АСЫНЫЎ ф. Тағыныў, белине, ийнине жарақ ямаса мылтық қыстырыў. Бүгин атасының базарлап кеткенин тақыйық билип, Ерназар анасының тилин алмай, мылтығын асынып, тазысын ертип, шикарға шығып кеткен еди (К.Султанов).

АСЫП-САСЫЎ Асығып-үсигиў, сасқалақлаў, албыраў, ҳаўлығыў.

АСЫП-ТАСЫЎ 1. Дәрья суўынының жийегинен асыўы. 2. аўыс. Дәўлети артыўы, шексиз байыў. 3. аўыс. Жағымсыз. Молшылықты көтере алмаў, шалқайыў.

АСЫРАЛЫЎ Бағылыў, күтилиў.

АСЫРАНДЫ кел. 1. Асырап алынған, асырап сақлаған, келеге келтирген, екинши биреўдиң сақлағаны. Ҳинд колына түскен асыранды пилдей, Унсиз жетегиңе ере бердим мен, Мениң жигит ўақтым сениң қыз ўақтың (И.Юсупов). 2. Қолда өскен, қолға үйретилген.

АСЫРАП-САҚЛАЎ ф. Бағып-қағыў, күтиў.

АСЫРАТЫЎ ф. Бактырыў, күттириў, өсиртиў.

АСЫРАЎ ф. Саклаў, тәрбиялаў, күтиў, бағыў, тәмийинлеў, әменгерлик етиў. Мен соң билдим, олар бийперзент ата-аналар екен, жетимлерден бала қылыў ушын асыраўға алады екен. (Т.Қайыпбергенов).

АСЫРАЎЛЫ кел. Бағыўлы, күтиўли.

АСЫРАЎСЫЗ кел. Қараўсыз, қараўы жок, кеўил бөлинбеген, тәрбиясыз, әдеп көрмеген, тәртип көрмеген. Бир дегенде не жаман, Асыраўсыз өскен ул жаман (ққ.х.қ.).

АСЫРАЎШЫ ат 1. Бағып-қағатуғын, тамақ таўып беретуғын адам. 2. аўыс. Өмир сүриў, тиришилик етиў орталығы.

АСЫРЫЛЫЎ ф. Бир нәрседен өтиў, асырылып түсиў, ысырылыў, алға илгерилеў. — Есик қайда? Есик — деп Перихан дүүденге салынған бүлбүлдей тыпыршылап, ҳәр мүйешке бир соқлығысыў менен бирден балконның ашық калған есигинен сүңгип кирип, сол пәти менен балконның решеткаларынан арман асырылып кетти. (Т.Қайыпбергенов).

АСЫРЫМ: жети асырым ат. 1. Қарақалпақ халық намаларынан бириниң аты. Сазла бақсы дуўтарыңды, Жети асырым намасына (И.Юсупов). 2. Белгили бир өлшемлик жол, мөлшер.

АСЫРЫЎ ф. 1. Арттырыў, өткериў, бийиклетиў, жоқарылатыў, раўажландырыў, көбейтиў, ысырып салыў. Еки молла биринен-бири кишипейилликти асырып, «сиз алың, сиз алың» менен бираз отырғаннан кейин барып, биреўи биреўинен көбирек айтқысы келгендей «биссимилланы» ағыл-тегил етип табаққа қол урысты. (Т.Қайыпбергенов). 2. Жүзеге асырыў, иске асырыў — орынлаў.

АСЫЎ I ф. Илдириў, байлап қойыў, салбыратыў. Дарға асыў.

АСЫЎ II ф. Писирип қайнатыў, қазанға салыў, қазан көтериў. Жумагүл қазан асыўға киристи. (Т.Қайыпбергенов).

АСЫЎ III ф. 1. Артыў, артык, мөлшери көп, асып-тасыў. 2. Узақлаў, екинши тәрепке өтип кетиў, көп жерге жүриў. Әтирек, Гүрген, Ҳажар асты Бозатаў (Әжинияз). Түнги саат екиден асты. Ол еле гүбирленип жатыр. (Т.Қайыпбергенов).

АСЫЎ-АСЫЎ р. Көп-көп, бираз, талай-талай. Асыў-асыў жолдан өтип, Ойға алған жерге жетти, Таярлықты ҳәм үдетип, Төрткүлге де барсаң нетер (Қ.Ирманов).

АСЫЎЛЫ кел. 1. Илиўли, илдириўли. Оның көзи асыўлы себетке түсти (С.Айний). 2. Қайнатыўлы, қазан көтерилиў. Асыўлы қазан, писиўли ас (ққ.х.н.м.).

АТ I ат. Жылқы, жылқының еркеги. Торы ат ийесине усап күтә жуўас еди. (Т.Қайыпбергенов). ♦Ат байрақ — а) ат шабыстан, жарыстан, озып келген атқа берилетуғын зат, байрақ; б) ат шабыстырыў, жарысқа қосыў. Тап ат байраққа жиберер ўақта Айдос пенен Аймурза бай да барады (ққ.х.е.); Ат басындай — айрықша, жақсы, ортаң қолдай, мине дегендей, үлкен. Ат басындай ул туўды, Ақ жарылқап күн туўды (ққ.х.н.). Йүреклери ат башындек батырлар, Катынша йоқ ат-ярағы болмаса (Әжинияз); Аттың геллесиндей — үлкен, нәҳән; Ат жибериў — а) хабарлаў, хабар айтыў, ат жоллаў. Тум-тусқа ат жиберип, ат жетер жердеги жерлерге хабар етти (А.Бегимов); б) шабысқа, жарысқа қосыў; Ат кейнине салыў — хорлаў; Атты (атын) қамшылаў, атына қамшы басыў — асығыў, тезлетиў; Аттың қасқасындай — ап-анық, айқын, ҳәммеге белгили; Ат қашырыў — атты байраққа жибериў, байраққа ат қосыў. Ат қашырар жерлери, Он күншилик жер еди («Қырқ қыз»); Ат қуйрығын кести — аразласты, қатнасықты үзди, өкпеледи; Атқа миниў — қатарға қосылыў, теңликке ерисиў, қатарда жүриў; Ат ойнатыў — тәртипсизлик, бүлгиншилик, үстемлик, ҳуким сүриў, ғазабатлық көрсетиў. Ат ойнатпай қаламда, Түсе бергил жолыңа («Қырқ қыз»); Ат салыў — ғайратланыў, жигерлениў, күшке миниў, ҳәмме ғалаба қарыў салыў, жеделлениў. Бахадырлар алла дейип ат салар, Нәмәрт жемин таппай жайында қалар (Әжинияз); Ат салысыў — жәрдемлесиў, көмеклесиў, үлес қосыў; Атына терис мингизиў — жаманлаў, жаман атлы қылыў; Ат терлетти — узақ жол жүрди; Ат шабар — хабаршы, буйрыққа таяр туратуғын адам, хизметкер, атты байраққа қосыў ушын сейисленгеннен кейин оны минип шабатыўн бала. Ҳасаны қолына алып атшабар баладай сазланды («Мәспатша»); Ат шабыў — ат жибериў, ең тезлигине салыў. Узын-қуйың жалғыз өзи ат шаўып киятырған адамды көрип турған Иран әскерлери ҳайран қалып қарап турды (ққ.х.е.); Ат шаптырым жер — узақ жол, алыс; Ат шаптырыў — ат жибериў, хабар жеткизиў, асығыў, Ат шаптырып далаға, жар салдырып қалаға, гүреспаз палыўан болсаң, ат шабар болсаң, бақсы-жыраў болсаң келе бересең деп дағаза қылды («Қоблан»); Ат үсти — жеңил-желпи, әйтеўир, қалай болса солай, кеўилсиз, үстиртин, арнаўлы түрде емес; жол-жөнекей, асығыс. Ол жумысты тек ат үсти ислейди; Ат үсти қараў — немқурайды болыў, әҳмийет бермеў.

АТ II 1. Адамның жеке исми. Жақында туўылған үкеме Айгүл деп ат қойды («Жеткиншек» г.). ♦Ат қойыў — бала туўылғанда исм бериў. Үш күн, үш түн өткен соң көпшилик жыйылып келип, балаға Дәүлет деп ат қойды (Ө.Айжанов). Атын аўзына алмаў — бир адам туўралы улыўма сөз етпеў, ол адамды еслемеў; Атымды басқа қояман — ўәде беремен, ант ишемен; Аты жер жарды — даңкы шықты, аты елге жайылды; Атына дақ түсириў, атына шық жуқтырыў, атын былғаў — 1) масқара етиў; 2) масқара болыў; Атына дақ түсирмеў, атына шық (шаң) жуқтырмаў — белгили бир адамға сөз келтирмеў, жаман ат илдирмеў; Аты өлмейди (өшпейди) — өзи өлсе де, сөзи менен иси умытылмайды. 2. Лақап, атақ. Оның үстине, дурыслықты талап еткен бийтапларға ат тағып, тентек деген айдар қойып сөйлейтуғынын қәйтерсең. (Г.Есемуратова). ♦Ат көтериў — атағын алыў; ийе болыў, ат тағылыў. Патша деген ат көтердим («Мәспатша»); Ат көтермес — ат көтермейтуғын, сөз сүймес, аршыл, назлы, салтанатлы. Посып кетти ат көтермес беглер, Хош аман бол бизден қалдың Жаңа суў (Омар); Ат қалыў — өзи өлсе де, ислеген иси, даңқы қалыў. Тоймады халықтың сулыўына, Кейнинде ат қалыўына, Тағы қызды алыўына, Патша талап еткен екен (Бердақ); Атын сатыў — биреўдиң арқасында күн көриў, пайдаланыў; Ат тағыў — жала жабыў; Атқа шығарыў — жаксысын асырыў, елге танытыў, мақтаў абырайын көтериў. Ер жигиттиң ҳаял атын шығарар, Жаманға гез болса жигит не қылар (Бердақ); Аты шығыў — атағы шығыў, даңқы жайылыў, лақап ийелеў, елге танылыў. Гүлистанда мийнет етип шыныққан, Пахтакешсең аты шыққан аўылда, Қайсар едиң қыйынлыққа, аўырға, Суңқар едиң өрлеп ушқан даўылға (Т.Сейтжанов); Атқа шыққан — даңқы жайылған, тәрийпи елге түскен, атақлы абырайлы; Аты өшти — умыт болды, жоқ болды, курыды. 3. Үйретилген ҳайўанлардың лақабы.

АТ III қ. атыў.

АТ АРБА Атқа жегилген арба.

АТ ДОРБА ат. Атқа жем бериў ушын материалдан исленген қалта. Ертеңине азанда үйден шыққанда атқа беремен деп алып шыққан ат дорбадағы арпа ядына түсти (М.Әбдиреймов).

АТ ЖАҚЛЫ кел. Узын жақлы, бети жумалақ емес узынша, бети сопақ жақлы. Досберген ол жаңа толысып киятырған узын бойлы, ат жақлы, сары сынлы, жасы үлкен, жасы кишилердиң алдында өзиниң ашық жүзли мүләйимлилиги менен үлкен абырайға ийе (А.Бегимов).

АТ ЖЕМ ат. Атқа берилетуғын жем, от-шөп, дән т. б.

АТ ЖОЛЛАЎ ф. Хабарлаў, хабар жибериў, ат жибериў. Дәрбент жолдың аўзына, Сарҳабын бәлент ойдырып, Узағына хат жоллап, Жақынына ат жоллап, Ели журтын жыйдырып (Н.Дәўқараев).

АТ ОТЫ ат. Ат жеми, от-шөп, беде, жонышқа. Бозатаў дегениң әжеп жай екен. Қамыслары ат отыға сай екен, Қызлары салланған ели бай екен, Хош аман бол, бизден қалдың Бозатаў (Әжинияз).

АТ САЙМАН Ат ҳәм оған кереклик жабыўлар; ер-турман, қамыт-сайман.

АТ СЕЙИС қ. сейис.

АТ-ТОН Минер ат, кийер кийим-кеншек.

АТ-ТУРМАН ат-сайман, ер-турман.

АТ-ТҮЙЕ: ат-түйедей. Қәдирли, қымбат.

АТШЫ 1. Ат бағыўшы адам. 2. Арбаның атын жүргизиўши адам, арбашы.

АТА ат. Әке, әкесиниң әкеси. Адам қартайса балаға айланады дейди. Атамның зейнине тийип алмаңлар!... (Т.Қайыпбергенов). ♦Ата душпан — бурыннан соңғы душпан, әзелден дос емес. Кулласы хан үжипли дәлил таба алмай үш баланы өзиниң ата душпаны қалмақ ханына жумсайды (ққ.х.е.). Ата жолы — бурыннан киятырған ата-бабасының кәрин тутыў, солардың кәсибин ислеў. Ҳуким қылып көп халыққа, Ата жолын қуўған екен (Бердақ). Ата-журт (мәкан) — бурыннан соңғы ата-бабасының отырған, қоныс басқан жери, ата мәканы. Өзиниң атақлы «Посқан ел» поэмасында қарақалпақ халқының ата журты Түркстанды таслап кетиўине ел ишиндеги байлары менен бийлердиң, молла ийшанлардың себепши болғанлығы әшкараланған (Б.Исмайлов). Ата кәсиби — 1) ата-бабасы шуғылланған кәсипти даўам етиў, жалғастырыў; 2) бойына сиңген әдет. Ата қораз — ең үлкен, қартайған, жасаған қораз. Аўылдың арқа шетинде еки адамның ата қоразының урысып атырғанын көрип қалды (Т.Қайыпбергенов). Аталар сөзи — жасы үлкенлердиң, тәжирийбели кисилердиң нәсияты, кеңеси. Аталар сөзи — ақылдың көзи (ққ.х.н.). Ата теги — шыққан жери, ата-бабасы туўралы мағлыўмат.

АТА-АНА ат. Әке-шеше, ата-ене. Ата-анам ядқа түсти нәйтейин (Омар).

АТА-БАБА ат. Бурында жасап кеткен, ата-тек. Ата-бабам малды жыйнап, Шыбын жанын бәрха кыйнап (Бердақ).

АТАВИЗМ (лат atavi-ата-бабалар) биол. Әййемги ата-бабаларда болған белгилердиң бир нешше ағзаларында жоқ болып кетип, соңынан басқа әўладларда және пайда болыўы.

АТА-ЕНЕ Күйеўиниң ата анасы; қайын ата, қайын ене.

АТАЖАН қ. с. Ата жаным, жаным атам. Мәхшәримде йолдаш болсын ийманым, Ғамхорым, атажан қолың бер инди (Әжинияз).

АТАЙЫ кел. Нағыз, ҳақыйқат, бурыннан соңғы, әзелги. Атайы (әзелги) душпан ел болмас (ққ.х.н.).

АТАКА ат. Атыс, ҳужим, оқ жаўдырыў.

АТАКАЛАЎ ҳужим жасаў.

АТАҚ ат. Даңқ, дәреже, абырай, ҳүрметли ат. Мине қандай! Арал теңизи уллы атаққа ийе! (Ә.Шамуратов).

АТАҚЛЫ кел. Аты шыққан, атақ алған, атаққа ерискен, даңқы жайылған, танымалы, даңқлы, дәрежели, абырайлы, белгили. Атақлы пахтакеш Айым Камалованың шақырығына ол қосылған еди («Әмиўдәрья» ж.).

АТАҚЛЫЛЫҚ ат. Даңқлылық, танымалылық, абырайлылық.

АТАҚСЫЗ кел. Даңқсыз, дәрежесиз, абырайсыз, аты шықпаған.

АТАҚСЫЗЛЫҚ ат. Даңқсызлық, атаққа ийе емеслик.

АТАЛАС кел. Әкелери туўысқан, ағайин, туқымлас. Аўылласың ким болса, аталасың сол болады. (ққ.х.м.).

АТАЛМЫШ Жоқарыда аталған, сөз болған.

АТАЛЫ Әкеси бар, әкеси тири. Аналы жетим зор жетим, Аталы жетим қор жетим (ққ.х.н.).

АТАЛЫ-БАЛАЛЫ Әкеси менен баласы яки балалары.

АТАЛЫҚ I ат. 1. Революцияға шекемги пуқара халықтың үстинен ҳукимлик етиўши, ел басқарыўшы, әмелдар киси. Дийқаншылыққа қолайлы жерлер аталық байлардың қолында болды (Н.Дәўқараев). 2. Аўыс. Ғамхорлық, қайырқомлық. Пүткил жүрегинен шыққан аталық сөзин айтыў менен бирге мени қайта-қайта қушақлайды, аймалайды (Ж.Аймурзаев).

АТАЛЫҚ II 1. Атаның өз перзентине болған мүнәсибетлери ҳәм сол мүнәсибетлерге байланыслы ҳалатлар. ♦Аталық етиў — аталарша ғамхорлық, мехрибанлық көрсетиў, жәрдем бериў.

АТАЛЫҚ III 1. биол. Жаныўарлар менен жәнликлердиң аналыққа қарама-қарсы жыныс ўәкили. 2. бот. Гүлдиң көбейиў мүшеси.

АТАЛЫНЫЎ Белгили бир ат пенен айтылыў, белгилениў.

АТАЛЫЎ ф. Атын атап бериў, инам етилиў.

АТАМА бир нәрсениң ямаса кубылыстың аталыныўы, термин.

АТАМАН 1. тар. Патша Россиясы заманында әскерий, ҳәкимшилик, полициялық хизмет атқаратуғын баслық. 2. Пуқаралық урыс ўақтындағы ақ гвардияшылардың басшысы. 3. сөйл. т (аўысп.). Топар басшысы.

АТА МӘКАН ат. Туўып өскен жер, ата-бабаларынан берли жасап отырған орны. Ел айрылды ата мәкан жеринен, Ақ қуў ушты туўып өскен көлинен (Әд. алым.).

АТАМ ЗАМАН кел. Әййем заман, өткен заман, ертедеги. Өзиниң атам заманынан киятырған жериниң байлықларын пайдаланыў, тоғайларды ҳәм тың жатырған далаларды қулпырған егислик жерлерге айландырыў қарақалпақлардың көптен берли ойлап киятырған әрманы еди («Әмиўдәрья» ж.)

АТАМТАЙ қ. хатамтай.

АТАН ат. Пиштирилген түйе. Сәҳәр турып атанға жүк арттырдың, Аўмасын деп арқан менен тарттырдың («Алпамыс»). Алты ай атан болғанша, алты күн буйра бол (ққ.х.н.).

АТАНАҚ ат. Төрт мүйешликтиң ортадағы ашықлығын төртке бөлгендеги сызықлардың дәл ортасындағы кесискен жери, узынына бир, кесесине бир тартылған сызық.

АТАНАҚЛАЎ ф. узынына, кесесине айқастырыў. Төрде сегиз қызыл кур, маңлайша үстинде төрт ақ кур, атанақлап айқастырып байланған (К.Султанов).

АТАНЫЎ ф. Аты шығыў, аты жайылыў, қәнегелиги, өнери, искерлиги менен танылыў. Перзенти Тазагүл жетимликтиң кесапатынан қандай болып өседи?... Жесир ана тәрбиялаған «көрмедик қыз» атанып кетеди. (Т.Қайыпбергенов).

АТАҢА НӘЛЕТ к. Нәлет.

АТАСТЫРЫЎ ф. Жаслайынан қызды я баланы әке-шешеси тәрепинен күйеўге ямаса келин алыў ушын және биреўдин қызына я баласына басын байлаў, ўәделесип қойыў. Қыз бесикте жатқанда белгили биреўге атастырады (Н.Дәўқараев).

АТАСЫДУР ф. Атасы еди, оның атасы. Атасыдур Бекмурза ийшан, өзи халықтан шыққан душпан. Ҳасла ҳуқықын берегөрмен (А.Муўсаев).

АТАТЕК ат. Туқым-теберик, шығысы, аты-жөни. Мен оны ата тегинен бери билемен (Қ.Айымбетов).

АТАЎ I ат. Көлдин ортасындағы суў шықпаған ашықлық жер. Атаў ишиндеги ағайин-туўғанларға кетемиз (К.Аралбаев).

АТАЎ II ф. Атын айтыў, атап өтиў, белгилеп кетиў, айта кетиў, сызып өтиў, еслеп кетиў. Неге сизлердин бәриңиз мени Сушила деп атайсыз? — деп сорады қыз бирден (Р.Тагор). Атымды атап сыбағамды ийтке сал (ққ.х.н.). ♦Атап өтиў — белгилеп кетиў, айта кетиў, сызып өтиў. Бунда мына нәрсени атап өткен дурыс болaр еди (Қ.Максетов).

АТАЎЛЫ кел. Атындағы, сол ат пенен аталған, барлығы, бәри, түўел, ҳәммеси. ...Жәрдемлесиў балықшы атаўлыға дәстүр (газетадан).

АТАЎЫЗ ат. Қысқыш, тистеўиш. Ағам қобдыйдан шөккиш пенен атаўызын алып, созанын сабақлай сала, геўишин жамаўға киристи (Т.Қайыпбергенов).

АТЕИЗМ филос. Динди, диний тәлийматты, кудайды, улыўма иләхий күшлерге исенимди инкар етиў.

АТЕИСТ филос. Атеизм тәрепдары. Бердақтың қосықларына қарағанда ол диннен биротала безген — атеист болған адам емес (И.Сағитов).

АТЕИСТЛИК Атеизмге қатнаслы, атеизм руўхындағы, динге қарсы қаратылған. Атеистлик әдебият, атеистлик пропаганда.

АТЕЛЬЕ 1. Сүўретши, мүсинши, фотографтың жумыс ислейтуғын ханасы. 2. Кийим-кеншек, етик ҳәм т.б. сол кусаған затларды тигиў, радио, телевизор ҳәм сол кусаған затларды оңлаў менен халыққа хизмет көрсетиўши устахана.

АТЕРОСКЛЕРОЗ биол. Артерия қан тамырларының тарайыўы ҳәм функцияларының әсте-ақырын бузылыўынан келип шығатуғын кеселлик.

АТҚАМИНЕР ат. Ийге тартар, үлкен, ҳәмелдар, ири баслы. Бирақ өзиң сақ болып ғана жүр, атқа минерлер изиңе жаман түсе қалды (Қ.Ирманов).

АТҚАРАЗ ат. Ат қосатуғын қараз, үлкен қараз, дигирман.

АТҚАРЫЛЫЎ ф. Ислениў, орынланыў, бежерилиў. Бириншиден дәстанның дөретилийи, екиншиден, атқарылыў жағы... (Қ.Мақсетов).

АТҚАРЫСЫЎ Бирге атқарыў, биргелесип орынлаў.

АТҚАРЫЎ ф. Орынлаў, ислеў, жумыс апарыў, жумысты жүргизиў. Нөкис қалалық атқарыў комитети (газетадан).

АТҚАРЫЎШЫ Қандай да бир жумысты орынлаўшы, бежериўши адам.

АТ ҚОСШЫ ат. Жәрдемши, көмекши, жүрген жерде атын байлап от салатуғын, басқа да жумысларын ислеп жүретуғын адамы, не айтса соны орынлаўшы. Айт қәне, жас бий, жасаўыл атқосшыға қайсы бийдиң баласын қәлейсең? (Т.Қайыпбергенов).

АТҚУЛАҚ ат. Жабайы өсимлик, аттың қулағындай ири жасыл жапырақлы өсимлик. Атқулақтың жапырағын жулдым.

АТҚУЛАҚТАЙ кел. Атқулаққа усаған. Ҳақыйқатында Аллаярдың дәл өзи жалпақ мурын, қысық көзли, басы тандырдай, қулақлары ат қулақтай,... (Т.Қайыпбергенов).

АТҚЫШ кел. Жақсы ата алатуғын, ҳақыйқат мерген. ...бизиң батальонның орнына атқышлар дивизиясы келди (Ө.Хожаниязов).

АТЛАНДЫРЫЎ ф. Атқа миндириў, жолға салыў, баслап бериў, узатыў. Бир топар қыз-жигитлер оны узақ сапарға атландырыўға келген (Ж.Сапаров).

АТЛАН-ШАП р. Қыстаўлы хабарды жеткериўши адам, қыстаныў, асығыў, қуўанышта, қыстаўлы ўақта, қайғыда, анда-мунда жуўырысыў, шыр-пыры шығыў, аяқларына қөз басылғандай тез ҳәрекет етиў. Маманларға хабар жетип жән-жаққа, атлан-шап атлылар кетти (Т.Қайыпбергенов).

АТЛАНЫС ат. Топылыс, жайлаўға шығыў, урысқа атланыў. Сол мәҳәллери Хорезмниң елине монғол басқыншылары атланыс жасайды (ққ.х.е.).

АТЛАНЫЎ ф. 1. Атқа миниў; 2. жолға түсиў, сапарға шығыў, жол алыў. Анасы оның жүрис-турысына қарап ҳәм бүтин бахыт жолына атланатуғынын сезип қуўанады, әттең кийимин көрип ренжийди. (Т.Қайыпбергенов). Узақ сапарға атланар алдындағы мухаббат күниниң тамашасы өз алдына ғой (К.Султанов).

АТЛАС I ат. 1. Гезлеме, материалдың бир түри, жүзи жылтырақ, жүзлеме жипек. Қазының алдына атлас дастурхан жайылды (К.Султанов). 2. Географиялық атама, карта.

АТЛАС II кел. Адам атларының бир болыўы, аты бир.

АТЛАСТАЙ кел. Атлас сыяқлы, дөнетуғын, жылтырақ. Бәҳәрги ўақыт жер бети атластай дөнип, адамның көзин, ойын өзине ерксиз тартады (М.Дәрибаев).

АТЛАСЫЎ ф. Өтлесиў, биригиў. Мен апамның не дегенин есите алмадым, кирпиклерим атласып қалғып кеттим (К.Смамутов).

АТЛАТЫЎ атлаў фейилиниң өзгелик дәрежеsi.

АТЛАЎ I ат. 1. Айран атлайтуғын, ағаштан арнап соғылған зат, предмет. Атлаўды ала жуўырып еди, ана ҳаял шақалақлап күлип жиберди (К.Султанов).

АТЛАЎ II ф. Өтиў, секириў, ырғыў. Зордан атлап өттим, түсте салмаңды, Дийқан аштан өлер болды қазы ийшан (ққ.х.қ.).

АТЛЕТ қ. атлетикашы.

АТЛЕТИКА ат. Гимнастикалық шынығыўлардың жыйындысы. Жеңил атлетика.

АТЛЕТИКАШЫ Атлетика менен шуғылланыўшы спортшы.

АТЛЫ кел. 1. Атқа минген киси, атта отырған адам, атлы жүрип киятырған адам. Ай астынан көринген жекке атлы олардың қоңсысынан Сәнем кемпирдиң үйин сорап келе берди. (Т.Қайыпбергенов). 2. Аты бар, сондай атлы. Анам бир үлкен мерекеге барғанда сол тойды басқарып, кәткудалық етип жүрген сын-сымбаты келген Гүлайша атлы шырайлы, кейўаны ҳаялды көрип унатып қалған (Г.Есемуратова).

АТЛЫ ӘСКЕР ат. Ат пенен тәмийинленген әскерлер. Балаңыз батыр шақырық комиссиясының пүткил қараўынан жарамлы болып өтип, атлы әскер қатарына саналды (Ә.Шамуратов).

АТЛЫҒЫЎ ф. 1. Тасыў. тасып кетиў, сыймаў, ыдыстан шығып кетиў. Сондай сулыў жер бар таў арқасында, Мың көзден булақлар атлығар онда (И.Юсупов). 2. Зуўлаў, зытыў, зыңғыў.

АТЛЫ-ПИЯДА р. Әсте-ақырын, атлы ҳәм пияда.

АТМА-АТ р. Ҳәр кимди ҳәр басқа, өз алдына атын атаў, ҳәр кимди өз аты менен. Сизде солардың дизими бар. Мына бийлерге атма-ат оқып, көширип бер (К.Султанов).

АТМОСФЕРА 1. Жерди басқа базыбир планеталарды орап турған газге уқсас қабық. Жер атмосферасы, Куяш атмосферасы, атмосфера басымы. 2. физ., тех. Басымды өлшеў бирлиги.

АТМОСФЕРАЛЫҚ Атмосфераға қатнаслы; атмосферада болып өтетуғын. Атмосфералық электр разряды.

АТОЛЛ геог. Ашық теңизлерде архипелаг формасында ушырасатуғын қалқан тәризли маржан атаўлары.

АТОМ ат. Химиялық элементтиң барлық қәсийетлерин өзинде сақлаған, ядро электронлардан куралған ең майда бөлеги. Таўды, тасты, теңизди де, Ҳасыл байлық кәни қылдың, Қудиретли атом күшин, Шын өмирдиң сәни қылдың (Т.Сейтжанов).

АТОМИЗМ Ҳәмме нәрсе ғәрезсиз элементар атомлардан куралған ҳәм ҳәмме нәрсе усы элементлердиң араласыўы, бирлесиўи ҳәм ажыралыўы тийкарында жүзеге келетуғынлығы ҳаққындағы тәлиймат. Материяның атомлардан жасалғанлығы ҳаққында тәлиймат.

АТОМИСТИКА қ. атомизм.

АТОМПАЗ Атом қуралынан пайдаланыў тәрепдары.

АТОМШЫ 1. Атом энергиясын ажыратыў ҳәм оннан пайдаланыў бойынша қәнеге, илимпаз. 2. аўыс. Атом қуралын агрессиялық мақсетте қолданыўшы адам.

АТОНИЯ мед. Улыўмалық аўқатланыўдың жетиспеўшилиги, нерв системасының бузылыўлары, жуқпалы аўырыўлар, эндокрин безлери хизметиниң бузылыўы ақыбетинде раўажланатуғын скелет булшық етлериниң ҳәм ишки органлардың нормал тонусының болмаўы.

АТПА-АТ қ. атма-ат.

АТРИБУТ 1. филос. Зат яки ҳәдийсениң өзине тән, ажыралмас ең зәрүр характерли қәсийети, белгиси. Ҳәрекет материяның атрибуты болып есапланады. 2. линг. Гәптин қандай да бир бөлегиниң сыпатын, белги-қәсийетин характерлеп келиўши екинши дәрежели ағза; анықлаўыш.

АТРИБУТИВЛИК линг. Атрибутқа, анықлаўышқа қатнаслы; анықлайтуғын, анықлаўшы. Сөзлердиң атрибутлық байланысы. Сөзлердиң атрибутивлик байланысы.

АТРОПИН бот. Паслёнлар туқымласына тийисли өсимликлер: беладонна, мыңдуўана, бәңгидиўананың гейбир түрлери курамында бар болған өсимлик алколоиды.

АТРОФИЯ 1. биол., мед. Азықланыўдың бузылғанлығынан ямаса узақ ҳәрекетсизликтиң себебинен органның ҳәм тоқыма клеткаларының семин киширейиўи. 2. аўыс. Қандай да бир қәсийетин жойтыў.

АТРОФИЯЛАНЫЎ Өсиўден қалыў, раўажланыўдан қалыў.

АТТАЙ кел. 1. Ат сыяқлы, мықлы, қайнақай, анық. Алмастан қайтқан полаттай, Порсаң аяк жаман аттай, Жарықтағы жарғанаттай, Болған жигит неге дәркар (А.Дабылов). 2. Нақ, ҳақыйқат. Қәллибек Турдының қолында, аттай бес жыл жүрди (А. Бегимов).

АТТАШЕ Дипломатиялық ўәкилликтиң қасындағы бир тараў бойынша қәнеге адам. Әскерий атташе, саўда атташеси.

АТТЕСТАТ ат. Гүўалық. гүўалықнама, 1. Орта мектепти питкергенде берилетуғын гүўалық; ержеткенлик гүўалығы. Светлана оныншыны питкеретуғын жылы бәҳәрде бийшара кемпир аўырыўға шатылып, аклығының аттестатын көре алмай-ақ дүньядан өтти. (Т.Қайыпбергенов). 2. әскер. Әскерий хизметтегилерге пул, зат ҳәм т.б. азық-түлик алыўға ҳуқық беретуғын ҳүжжет. Пул аттестаты. 3. Илимий ямаса арнаўлы атақты алғанлығы жөнинде гүўалық.

АТТЕСТАЦИЯ 1. Биреўдиң искерлигине, уқыбына баҳа бериў. 2. Бир нәрсеге ямаса биреўге берилетуғын баҳа, минезлеме.

АТТЕСТАЦИЯЛАЎ 1. Атак бериў. 2. Аттестациядан өткизиў, баҳа бериў, баҳалоў.

АТТРАКЦИОН Цирк ямаса эстрада бағдарламасының тәсирли номери.

АТТЫРЫЎ атыў фейилиниң өзгелик дәрежеси.

АТХАНА ат. Ат байлайтуғын, бағатуғын сайлайтуғын жер, орын, там. Атхананың аржағындағы намбардан алып, тартпа бойындағы жүўериниң үстин төге бер (А.Бекимбетов).

АТШАБАР гөне.с. Ҳәкимниң, бий-болыслардың ҳуким-қарарларын халыққа жеткизетуғын хабаршы, шабарман.

АТ ШАПТЫРЫМ кел. Әдеўир, бираз, узақ жол, аралық, бир талай жер. ...қалаға ат шаптырым жерде бир таў бар (ққ.х.е.).

АТ ШОҚАЙ ат. 1. Ашлықта адамлардың жеген заты, жерден көгерип шығатуғын өсимликтиң тамыры. Ат шоқайды бир табак етип, Ат шоқай кыяметин ашлықта көрдик (Әжинияз). 2. Өлеңлер туқымласына киретуғын, бойы 30-120 сантиметр келетуғын, көп жыллық шөп денели өсимлик.

АТЫ-ЖӨНИ ат. Түп-дәреги, ким екенин жөн-жосағы, ата-теги, шығысы. Болажак күйеўдиң аты-жөнин биле алмады (Қ. Аралбаев).

АТЫ-ЖУРТЫ ат. Арғы, түби, шығысын, теги, жөн-жосағы.

АТЫЗ ат. Егин егилетуғын улыўма жердиң бир бөлшеги, кишкене бөлеги. Ол өзиниң еки қыйтак атызында кешке шекем жүриўди жақсы көрди (Қ. Досанов). ♦Атыз көти — суўғарылатуғын, егилетуғын жерлерде суўды тиккелей алмай басқа бир атыз арқалы алыў, суўғарыў. Атыз көти мирят — әйтеўир, мәзи, қуры, өтирик. Сениң атыз көти мирятиңе ким барады (газетадан).

АТЫЗ-АРЫҚ ат. Егилетуғын жерлер, жап-шеллер. Тап усындай бир күнде мен де атыз-арықты көрейин деп шыққан едим, шайқалған пахта атызларына бараман дегенше қара суў, қара терге шомылдым (Ө. Хожаниязов).

АТЫ-ЗАТЫ ат. Түп-дәреги, негизи, дәреги. Енди қайтып мен көрген қайғы-муң ҳешкимниң басына түспесин, аты-заты көкке күл болып ушсын, биротала мәңгиге өшсин!.. (Ө. Хожаниязов).

АТЫЗЛЫҚ ат. Барлығы атыз иши, өне бойы егислик жерлер. Мен апамның зорлығына ушырап, бузаўға кала сыртындағы атызлықлардан пәшек, суўшигин әкелип салыў ушын кетип баратырман (Ә. Шамуратов).

АТЫЗ-ШЕЛ ат. Атыз, атыздың жийеги, шети, ана-атыз бенен мына атыздың шегарасы, атызлардың шет-шебири. Шамурат атыз-шелдиң арасы менен аўылдың арқасындағы кумға туўрылап жүрди (Қ. Досанов).

АТЫЛЫЎ ф. 1. Оққа түсиў, жазаланыў. 2. Қурал-жарақтан оқ шығарылыў.

АТЫМ: бир атым кел. Аз муғдар, аз мөлшер, азғантай, көп емес. Адамның кеўили бир атым насыбайдан қалады (ққ.х.н.).

АТЫСПА ат. Атысыў, оқ жиберисиў. Үйренискен жаў атыспаға жаксы (кк.х.н.).

АТЫСПАҚ к. атыспа.

АТЫСЫЎ ф. Бир-бирине оқ дөндириў. Жол бойына атысыў менен алға илгерилей берди (А.Бегимов).

АТЫЎ I ф. 1. Жығыў, өлтириў, нәзерлеп түсириў, оққа тутыў, гөзлеп оқ тийдириў, кулатыў. Жапалак көрсең атып ал, Жаманнан бойың сатып ал! (кк.х.м.). ♦Атыўға (атарға) оғы жоқ — бир адамды қатты жек көриў; Тас атыў — жаманлық ислеў, душпанлық ойлаў. 2. Тазалаў, айырыў.

АТЫЎ II ♦таңның атыўы — Күнниң шығыўы, жаңа күнниң туўылыўы, жарық түсиўи.

АТЫЎ III ♦ насыбай атыў — насыбайды аўызға салып нәшелениў.

АТЫЎ IV ♦шешек атыў — гүллеў, гүллердиң ашылыўы.

АУДИЕНЦИЯ Жоқары дәрежели хызметтеги шахстың рәсмий түрде қабыллаўы.

АУДИТ ат. Аудиторлық ҳуқыққа ийе шахслар (аудиторлық фирмалары) тәрепинен хожалық субъектлери финанс есабатының экспертизасы ҳәм анализи.

АУДИТОР ат. Белгиленген тәртипте аудиторлық искерлиги менен шуғылланыў ҳуқықын алған ҳәм аудиторлардың кәсиплик дизимине киргизилген шахс (кәниге).

АУДИТОРИЯ ат. 1. Лекция, баянат өткерилетуғын хана, бөлме. 2. Халайық, тыңлаўшылар. Аудиторияның бағытына қарай дәстанларды гейде созып, гейде қысқартып айтыў жағдайлары болған (Қ.Максетов).

АУКЦИОН экон. Ўәжди көпшилик алдында артық пул усыныўшыға сатылатуғын бәсекилес, жәрия түринде сатыў тәртиби; сатыў өткизилетуғын орын.

АУКЦИОНШЫ ат. Аукцион менен шуғылланыўшы.

АУРА биол. Парапсихологияда: биологиялық организмлердиң өз дөгерегинде пайда етиўши көзге көринбес майданы.

АЎТ 1. Спорт ойынларында: топтың, шайбаның ҳәм т.б. белгиленген шектен өтип кетиўи. 2. Судьяның боксшы нокаутта екенин жәриялаўы.

АУТСАЙДЕР 1. Монополиялық бирлеспе менен бир қатарда ҳәм бир ўақытта ҳәрекет етиўши, бирақ оның қурамына кирмейтуғын киши ямаса орташа өндирис тараўы. 2. Жарыста ақырғы орынлардан бирин ийелеп турған спортшы ямаса команда. 3. аўыс. Қандай да бир истиң ең ақырында, артта жүрген адам.

АУТОСКОПИЯ ат. Субъекттиң өзин, өз денесин сыртынан, аралықтан турып өз алдына бөлек сыртқы объект сыпатында көриўи. Бул әдетте кеселленген жағдайда болады.

АУТОТРЕНИНГ мед. Өзин исендириў методы менен өз бетинше сыртқы тәсирсиз булшық ет ҳәм нерв күшлерин алып таслаў.

АУТОЭКОЛОГИЯ Организмниң қоршаған орталық пенен қарым-қатнасын үйренетуғын экологияның бир бөлеги.

АЎ ат. 1. Балық тутатуғын үлкен тор. Ол күнде Қәлли өзектниң жағасында аў салатуғын еди (Қ.Айымбетов). 2. Жаманлық, дузақ, душпанлық, ҳийле. Көрмеген жерде аңлап бас, Қурып қойған аў болмасын (С.Мәжитов) 3. Табыс, ишип-жем, керекли азық-аўқат. Аштың аўы жүрмейди (кк.х.н.). Бир түлки өзиниң күндеги әдети бойынша бир аўылға келип аў қыдырып жүр еди (кк.х.е.).

АЎА м. с. 1. Және, тағы. Аўа, шырағым, тағы не сорайсыз? -деди ғарры, Қәлек артына қайырылып (Қ.Ирманов). — Аўа, оны қайдан билемиз? (Ж.Аймурзаев). — Аўа, аўа айта гөр кәне? Айтпашақ, оны келипти деп еситип едик ғой (Ө.Хожаниязов). 2. Солай, якшы, мақул, дурыс. Сонда аўылымыз қаладай бола ма? Аўа, ол сөзсиз (Ә.Тәжимуратов). 3. Өзгериў, солыў, қыйсайыў, аўысыў. Кеўлиң аўа берсе көрген қызға, Қандай адам болса да болар қызба, Еситкен ерсилерге елеңлеў, Айтыңызшы уқсамай ма ақылсызға (Әжинияз). Түн ортасы аўа үйине келип, азанда таң қараңғысында излеп жүрмейин деп кийимлерин бас ушына қойды да төсекке бойын таслады (К.Султанов).

АЎАН кел. Еси жоқ, әўмелек, ақылсыз, еси кеткен, бир түрли, аўыш, ар-сар. Халықтың арын арламаса, Бары-жоқты барламаса, Аш ҳәм тоққа қарамаса, Аўан басшы неге керек (Күнхожа).

АЎАНЛЫҚ ат. Бассызлық, ақылсызлық, аўышлық. Аўанлығың толып еди, Гоя гүлиң солып еди, Кеўип қаның қашып еди (С.Мәжитов).

АЎАРА кел. Саны, муғдары. Үш аўара табақ тартылды.

АЎАРА-САРСАҢ р. Қалай ислеўди билмей ҳайран болыў, не қыларын билмеў, ойланыў. Муптилла аўара-сарсаң, өзи ортаға түсип зорға нан сындырысқан курдасына ойқан салыў тағы қыйын (Н.Бөрекешов).

АЎ-ӘСБАП ат. Аў салыў ушын керекли курал-сайманлар. Бул бизиң аў-әсбапларды тоқыў-сеплеў бригадамыздың жумысы (Ә.Шамуратов).

АЎҒАН ат. 1. Ыссы аңызақ самал, хәўирли самал (бул аўған сөзи түркменлердиң айырым тайпаларында айтылады).— Және де бар «Аўған» деген жыртқыш кузғын, Уясынан ушса, олар, от қанлайды қойнын дүздиң... (И.Юсупов). 2. к. аўыў.

АЎДАҢЛАЎ ф. Ояқ-буяғына теңселиў, аяғын ҳәр жаққа бир таслап басыў. — Хош халқым, — деп жуўап қайтарды да, қыстастырып турған жасаўыллардың алдында аўдаңлап жүрип кетти (К.Султанов).

АЎДАРМА ат. Сөзлердиң екинши бир тилдеги мәниси. Оригинал шығарма емес, ал аўдарма («ҚҚ.Р.С.»).

АЎДАР-ТЕҢКЕР р. Астын-үстин, ала топалаң, қалай болса солай, тәртипсиз. Сонда машина аўдар-теңкер болып кетти де, нениң не екенин билмей қалдым (К.Рахманов).

АЎДАРТЫЎ аўдарыў фейилиниң өзгелик дәрежеси.

АЎДАРЫЛЫЎ ф. Төгилиў, астын-үстине шығыў, бир жағынан екинши тәрепине өзгерилиў. Ал жылым салғанда жылымлары аўдарылып, жылым аўдың табаны шыйратылып бос шыға берди (А.Бегимов).

АЎДАРЫС к. аўдарыспақ.

АЎДАРЫСПАҚ ат. Төңкериспек, revolution, бир тәртиптиң орнына екинши бир тәртиптиң орнаўы, көтерилис. «Қарақалпақстанда Октябрь аўдарыспағына шекем тек еки мектеп болып, онда 45 оқыўшы оқыған» (Қ.Ирманов).

АЎТ 1. Спорт ойынларында: топтың, шайбаның ҳәм т.б. белгиленген шектен өтип кетиўи. 2. Судьяның боксшы нокаутта екенин жәриялаўы.

АУТСАЙДЕР 1. Монополиялық бирлеспе менен бир қатарда ҳәм бир ўақытта ҳәрекет етиўши, бирақ оның қурамына кирмейтуғын киши ямаса орташа өндирис тараўы. 2. Жарыста ақырғы орынлардан бирин ийелеп турған спортшы ямаса команда. 3. аўыс. Қандай да бир истиң ең ақырында, артта жүрген адам.

АУТОСКОПИЯ ат. Субъекттиң өзин, өз денесин сыртынан, аралықтан турып өз алдына бөлек сыртқы объект сыпатында көриўи. Бул әдетте кеселленген жағдайда болады.

АУТОТРЕНИНГ мед. Өзин исендириў методы менен өз бетинше сыртқы тәсирсиз булшық ет ҳәм нерв күшлерин алып таслаў.

АУТОЭКОЛОГИЯ Организмниң қоршаған орталық пенен қарым-қатнасын үйренетуғын экологияның бир бөлеги.

АЎ ат. 1. Балық тутатуғын үлкен тор. Ол күнде Қәлли өзектниң жағасында аў салатуғын еди (Қ.Айымбетов). 2. Жаманлық, дузақ, душпанлық, ҳийле. Көрмеген жерде аңлап бас, Қурып қойған аў болмасын (С.Мәжитов). 3. Табыс, ишип-жем, керекли азық-аўқат. Аштың аўы жүрмейди (кк.х.н.). Бир түлки өзиниң күндеги әдети бойынша бир аўылға келип аў қыдырып жүр еди (кк.х.е.).

АЎА м. с. 1. Және, тағы. Аўа, шырағым, тағы не сорайсыз? — деди ғарры, Қәлек артына қайырылып (Қ.Ирманов). — Аўа, оны қайдан билемиз? (Ж.Аймурзаев). — Аўа, аўа айта гөр кәне? Айтпашақ, оны келипти деп еситип едик ғой (Ө.Хожаниязов). 2. Солай, якшы, мақул, дурыс. Сонда аўылымыз қаладай бола ма? Аўа, ол сөзсиз (Ә.Тәжимуратов). 3. Өзгериў, солыў, қыйсайыў, аўысыў. Кеўлиң аўа берсе көрген қызға, Қандай адам болса да болар қызба, Еситкен ерсилерге елеңлеў, Айтыңызшы уқсамай ма ақылсызға (Әжинияз). Түн ортасы аўа үйине келип, азанда таң қараңғысында излеп жүрмейин деп кийимлерин бас ушына қойды да төсекке бойын таслады (К.Султанов).

АЎАН кел. Еси жоқ, әўмелек, ақылсыз, еси кеткен, бир түрли, аўыш, ар-сар. Халықтың арын арламаса, Бары-жоқты барламаса, Аш ҳәм тоққа қарамаса, Аўан басшы неге керек (Күнхожа).

АЎАНЛЫҚ ат. Бассызлық, ақылсызлық, аўышлық. Аўанлығың толып еди, Гоя гүлиң солып еди, Кеўип қаның қашып еди (С.Мәжитов).

АЎАРА кел. Саны, муғдары. Үш аўара табақ тартылды.

АЎАРА-САРСАҢ р. Қалай ислеўди билмей ҳайран болыў, не қыларын билмеў, ойланыў. Муптилла аўара-сарсаң, өзи ортаға түсип зорға нан сындырысқан курдасына ойқан салыў тағы қыйын (Н.Бөрекешов).

АЎ-ӘСБАП ат. Аў салыў ушын керекли курал-сайманлар. Бул бизиң аў-әсбапларды тоқыў-сеплеў бригадамыздың жумысы (Ә.Шамуратов).

АЎҒАН ат. 1. Ыссы аңызақ самал, хәўирли самал (бул аўған сөзи түркменлердиң айырым тайпаларында айтылады).— Және де бар «Аўған» деген жыртқыш кузғын, Уясынан ушса, олар, от қанлайды қойнын дүздиң... (И.Юсупов). 2. к. аўыў.

АЎДАҢЛАЎ ф. Ояқ-буяғына теңселиў, аяғын ҳәр жаққа бир таслап басыў. — Хош халқым, — деп жуўап қайтарды да, қыстастырып турған жасаўыллардың алдында аўдаңлап жүрип кетти (К.Султанов).

АЎДАРМА ат. Сөзлердиң екинши бир тилдеги мәниси. Оригинал шығарма емес, ал аўдарма («ҚҚ.Р.С.»).

АЎДАР-ТЕҢКЕР р. Астын-үстин, ала топалаң, қалай болса солай, тәртипсиз. Сонда машина аўдар-теңкер болып кетти де, нениң не екенин билмей қалдым (К.Рахманов).

АЎДАРТЫЎ аўдарыў фейилиниң өзгелик дәрежеси.

АЎДАРЫЛЫЎ ф. Төгилиў, астын-үстине шығыў, бир жағынан екинши тәрепине өзгерилиў. Ал жылым салғанда жылымлары аўдарылып, жылым аўдың табаны шыйратылып бос шыға берди (А.Бегимов).

АЎДАРЫС к. аўдарыспақ.

АЎДАРЫСПАҚ ат. Төңкериспек, революция, бир тәртиптиң орнына екинши бир тәртиптиң орнаўы, көтерилис. «Қарақалпақстанда Октябрь аўдарыспағына шекем тек еки мектеп болып, онда 45 оқыўшы оқыған» (Қ.Ирманов).

АЎДАРЫСТЫРЫЎ ф. Араластырыў, былғастырыў, аўдар-теңкер етиў, астын-үстине шығарыў. Оны әтештанның ернегине қойып кесеў менен ошақтағы күлди аўдарыстырып еди, пештеги қоздың арасына таслаған жас тезек шала жана келген екен (К.Султанов).

АЎДАРЫСЫЎ аўдарыў фейилиниң өзлик дәрежеси.

АЎДАРЫЎ ф. 1. Төңкериў, қопарыў, көз аўдарыў. Шақылдаған таяк биреўинен соң биреўиниң басына тийип аўдарып таслай берди. (А.Бегимов). 2. Жер сүриў, бел ҳәм кетпен менен жерди аўдарыў. 3. Кеўил бөлиў, дыққат, аўдарыў. Мине ҳәзир ол мениң аңсарымды аўдарып тур (Ө.Хожаниязов). 4. Көз аўдарыў, алартыў. ♦Дыққат аўдарыў — кеўил бөлиў, көзге түсиў, көзге илиниў, ой бөлиў. Ислеген хызметлериңиз көзге илерлик ҳәм дыққат аўдарарлық (А.Бекимбетов).

АЎ-ДУЗАҚ ат. Балықшылыққа тийисли курал-сайманлар. Қазы салып аў-дузағын, Алды көлдиң ақ шабағын (Бердақ).

АЎДЫРЫЎ ф. Қыйсайтыў, бир жағына бейимлестириў. Тек көз ушында қара торы ғунан ерин аўдырып тур (Т.Қайыпбергенов).

АЎ-ЖАЙ ат. Қусларды аўлайтуғын жер, орын. ...әстен аяғын ғаз-ғаз басып аў-жай тәрепке қарай жүрди (А.Бегимов).

АЎ-ҚАЙЫҚ ат. Балық аўлаўға тийисли затлар, курал-сайманлар.

АЎҚАМ ат. Шөлкем, бирикпе, қурама, куралпа, бас қоспа.

АЎҚАМЛАС кел. Бириккен, шөлкемлескен, бирликли.

АЎҚАМЛАСТЫРЫЎ ф. Шөлкемлестириў, бириктириў, аўқам дүздириў.

АЎҚАМЛАСЫЎ ф. Биригиў, бирлесиў, шөлкемлесиў, жәмлесиў, аўыз бирлестириў.

АЎҚАМЛЫҚ Аўқамға байланыслы.

АЎҚАТ ат. Тамак, тағам, ишим-жем, ас-аўқат, азық-түлик. —Қәне, енди бизин үйге кирейик, аўқат тайын, — деп кемпир Периханның қолларынан сүйип, үйине қарай тартты... Анасы оған селтең бермей аўқатын писириў менен бент болды (Т.Қайыпбергенов).

АЎҚАТЛАНДЫРЫЎ ф. Тамақландырыў, аўқат жегизиў, тойдырыў, хәллендириў. Буннан кейин саўыншы малды ўақтында аўқатландырып, мезгилинде суўғарып турыўдың үлкен әҳмийетке ийе екенин айтты (Ж.Сейтназаров).

АЎҚАТЛАНЫЎ ф. Тамақ жеў, тойыныў, аўқат жеў, хәллениў. Ал енди бизлер қай жерден аўқатланамиз, соны ойласып алайық (Р.Тагор).

АЎҚАТЛАСЫЎ ф. Аўқатты биргелесип жеў, бирге тамак жеў. Кеште қонағымыз аўқатласып болып үйине қайтты (Қ.Айымбетов).

АЎҚАТЛЫ кел. Қурғын, жағдайы жақсы. Қәндеклиниң ишиндеги аўқатлысы да, инабатлысы да Сейдулла (Н.Дәўқараев).

АЎҚАТЛЫҚ Аўқат болғандай, аўқат писириўге мөлшерленген. Аўқатлық зат.

АЎ-ҚУС ат. Аң аўлаўда пайдаланатуғын кус, кус пенен аң аўлаў. Кел, Аманбай сорасалы. Не аў-кусдур жибергениң, Ак-қызыл сары жипек пе? Аяк баўына өргениң (Бердақ).

АЎЛА кел. Артык, зыят, ағла, зияда. Сан мың кулдан аўла болды, Қырқ жигиттиң айбаты, Тайынбай урыс кылыпты, Мына мөхмин зуряды («Қоблан»).

АЎЛАҚ кел. 1. Узақ, алыс, бөлек, қашық, сақ. «Ҳасыл ийт өлигин аўлаққа қалдырып өледи» дейди... (Т.Қайыпбергенов). 2. Адам жоқта, жекке. Жан бар жерде қапалығын билдирмей, Аўлағында өксип-өксип алады (Т.Жумамуратов).

АЎЛАҚЛАСТЫРЫЎ ф. Узакластырыў, алысқа жибериў, өзинен бет бурғызыў, жақынлатпаў. Оны өзинен аўлақластырыўға умтылды (кк.х.е.).

АЎЛАҚТА р. Узак жерде, адамсыз, тынышлықта, купияда. Дем алғың келсе аўлақта, Саяманлы тал болайын (И.Юсупов).

АЎЛАҚШЫЛЫҚ ат. Адамсыз, жан жоқ, тынышлық, купия, жеке, өз-өзи. Ҳәзир бул мәжилисте әңгиме қылып отырмайық, аўлақшылықта тағы бир ойласып көрермиз (Қ.Ирманов).

АЎЛАНЫЎ ф. Тутылыў, усланыў, топлаў, жыйнаў. Балық аўланыў мәселеси қаралды (газетадан).

АЎЛАЎ ф. 1. Қолайын табыў, ретин гөзлеў, бақлаў, аңлыў, есабын табыў, қолға түсириў, шанышқыға илдириў, услаў. Гүз болып мийзан түссе қайтар кийик, Мергенлер кийик аўлар шоқай кийип (Әжинияз). 2. Кеўил бағыў, кеўлине қараў. Ғәрип анам муңлы кеўлим аўланды, Өзи ишпей-жемей мени сайлайды (А.Бегимов).

АЎМА кел. Ессиз, еси жоқ, аўмесер, есаўан, әўмелек.

АЎМАҚАЙ кел. Табансыз, турақсыз, ерме. Аўмақайың шығып жүре берме, тез келерсең... (Ө.Айжанов).

АЎМАСТЫРЫЎ ф. Өзгертиў, орнын өзгертиў, алмастырыў. Соннан бери көйлек-дизкийим де аўмастырып киймеген (Н.Бөрекешов). Айдың жарық нуры өз орнын аўмастырып (А.Бегимов).

АЎМАСЫЎ ф. Өзгертиў, алмасыў, гезеклесиў, орнын бериў. Гүз бенен орын аўмасып, Қутлы болсын, — деди жаз (Ж.Аймурзаев).

АЎМИЙИН м.с.дин. Пәтияның жуўмақлаўы. Халық аўмийин деп қол көтерди дуўаға, Жаман сөз айтқанлар қалды табаға, Уллы киши жылап қәдир кудаға, Хан әдил болгай деп дуўа қылдылар (Бердақ).

АЎМЫЛТЫҚ ат. Аң атыўға арналған мылтық.

АЎНАТЫЎ аўнаў фейилиниң өзгелик дәрежеси.

АЎНАЎ ф. Жерге жатыў, жерде домаланыў, жерге сүйкениў. Астындағы торысы қамшыға шыдамай аспанға бир секиргенде, Жумабайдың салмағына шыдамай гөне айыл үзилип, ол ер менен қушақласа артқа аўнап түсти (Т.Қайыпбергенов).

АЎСАР кел. Еси жоқ, еси жарым, аңқаў, гөдек. Олжа қыздур мамаң нашар, Оннан туўған түбиң қулшар, Қул туқымы қулға усар, Досым аўсар бабаң сениң (Бердақ).

АЎСЫЛ ат. Малларда болатуғын аўырыўдың түри. Аўсыл болған бир-еки баспакты басқа малларға қоспай бөлек жайда сақлатты (Ө.Айжанов).

АЎҲАЛ ат. Жай, жағдай, ҳал, ҳал-жай. Аўылда усындай аўҳал болып атырғанда көлде жүрип аман қалатуғын қандай адам. Бул аўҳалдан жаңа ғана кутылып аўылға келгенде Айқыз турмысында екинши бир ўақыяға тап болды (А.Бегимов).

АЎШЫ ат. Қус салатуғын, аң аўлайтуғын киси. Таўларда гезген таўшыман, Қусларды салған аўшыман («Алпамыс»).

АЎШЫЛЫҚ аў менен шуғылланатуғын.

АЎЫЗ ат. 1. Адам, жанлы-жаныўарлардың тамақ жейтуғын ағзасы, бир мүшеси. Бет аўызын лаўдан көйлегиниң жеңи менен көлегейлеп, көзиниң қыйығын салды (К.Султанов). Жарлының аўызына ас тийсе, мурны қанайды (кк.х.н.). 2. Бир нәрсениң аўызы, тесиги. ♦Аўыз ашар, аўызбастырық, аўызбирлик, аўыз суў, Аўыз салыў — а) аўыз қойыў, тесик ислеў. Қой қораға аўыз салып болдым (М.Дәрибаев). б) тислеў, умтылыў, жулып алып, екинши биреўге орынсыз урысыў. Жолдан нәдәўир жер қашықлаған ўақытта танадай бир ҳайўан кесе белден шыға келип, зәңгиликке аўыз салды (К.Султанов). Аўыз тийиў — аўқаттың, нанның улыўма тайын турған тамақтың шетинен шымтып аўызға салыў, дәмин татыў. Тандыр жапқан жеңгейлерден бар мирят, Руқсат жоқ аўыз тиймей өтиўге (И.Юсупов).

Аўзы ашылып қалыў Оның шеберлигине кемпирдиң аўзы ашылып калды (Т.Қайыпбергенов). Аўзынан суўы ағыў Кисини жақтырмайтуғын Гүлбийке кемпирге шекем мақтағанда аўзынан суўы ағады (Т.Қайыпбергенов). Аўзы бос адам Өсекке жақын адам. Күлсе күлсин, көкиреги ҳақ, жолы дүзиў ғой. Аўзы бослар айтар да қояр! (Т.Қайыпбергенов).

АЎЫЗБИРШИЛИК ат. Татыўлық. — Баяғыда сен Турымбеттиң ҳаялын Төребай алды дегениңде ишимнен еки миллеттиң қазаны бир қайнамас деп ойлап едим. Олардың аўызбиршилиги мени ҳайран қалдырды ғой. (Т.Қайыпбергенов).

АЎЫЗҒЫ кел. Есик беттеги, шетки. Аўызғы жай.

АЎЫЗДА р. Аўыз бет, есик жақ. Буннан соң ол аўыздағы жайға шықпақшы болып қапыны тартты, есик ашылмады, ол сырттан қулыпланған еди (С.Айний).


АЎЫЗДАҒЫ кел. 1. Аўызға түсип, айтылып жүрген, аўызға салыўлы. Алтаў ала болса аўыздағыны алдырар, төртеў түўел болса төбедегини түсирер (кк.х.н.). 2. Есик аўзындағы, есик жақтағы, аўызға таман.

АЎЫЗДАН-АЎЫЗҒА р. Биреўден-екиншиге, екиншиден-үшиншиге өтип жүрген. ...олар неше жүз жыллардан бери атадан балаға, аўыздан-аўызға өтип, умытылмай сақланып киятыр (И.Сагитов).

АЎЫЗЕКИ кел. Аўызша, аўыз бенен сөйлеп бериў арқалы. Аўызеки әдебияттың арнаўлы атқарыўшылары болады (Н.Дәўқараев).

АЎЫЗ ЖАЛАСЫЎ ф. Биригиў, аўыз бириктириў, қосылып пайдаланыў. Қарақалпақ бийлери Хийўа ханы менен аўыз жаласып, сатылып кетти (Әд. хрест.).

АЎЫЗҚАБАҚ ат. Мал саўыўға арналған суў қабақтан исленген ыдыс. —Қәне тыңлаң! — деп Перихан үлкен қазанның қасына қойылған шелеклер менен аўызқабақлардың ортасында тикейип турып, асығыс түрде даўыслап оқый баслады (Т.Қайыпбергенов).

АЎЫЗЛЫ кел. 1. Қайтпай сөйлейтуғын, қаймықпай айтатуғын адам. Ерназар ала көз өз заманындағы аўызлы адамлардың бири болған (Қ.Айымбетов). 2. Аўызы бар, аўыз қойылған, есикли. Маған арнап үлкен етип мерўерт тастан бир аўызлы гүмбез түзеттир (Қ.Айымбетов).

АЎЫЗЛЫҚ ат. 1. Аттың аўзына салынатуғын жүгенниң темирден исленген бөлеги. Ат басына күн туўса, аўызлығы менен суў ишер, Ер басына күн туўса, етиги менен суў кешер (кк.х.к.). 2. Аўыздың еки қапталы, шети, езиўи.

АЎЫЗША р. Аўыз бенен ғана айтылатуғын, тек сөз жүзинде. Коллектив тәрепинен дөретилген аўызша атқарылатуғын дәстанлар (Қ.Мақсетов). Бул хәдийселерди Кәмал маған аўызша да, хат менен де билдирген еди (Ә.Шамуратов).

АЎЫҚ кел. Қыйсық, дүзиў емес, бир жағына мейил берген, тең емес, бир жағы басым, бир жағына бейим. Болмасын деп үсти ашық я жабыўы аўық, Сени тынышайтып болып, жатар едим басым маўық (Қ.Ирманов).

АЎЫЛ ат. Жабан, елат. Бул аўыл өзи туўылып өскен аўылға қарағанда бираз көркемлирек усаған (Т.Қайыпбергенов).

АЎЫЛ-АЙМАҚ ат. Қыр-дөгерек, алыс-жақын, бәри, қоңсы-қоба. Достым сәлем дегил ата-анаға, Қызды өсирген аўыл-аймақ қалаға (Ә.Шамуратов).

АЎЫЛ-АРАСЫ р. Елдиң, аўылдың, отырған жердиң иши, қоңсы-қоба. Машина узақ жолды қуўсырып, аўыл-арасына кирип қалды (Ө.Айжанов).

АЎЫЛ-ЕЛ ат. Ата, мәкан, туўылып өскен жер. Аман ба екен мениң аўыл-еллерим, Бул дүньяға шыққан менен не пайда (Күнхожа).

АЎЫЛЖЫЎ ф. Бир түрли болыў, жүректиң әжеп-тәўир болыўы, мийдиң айланыўы. Жайдың төбеси еденге түсип, едени жоқарыға көтерилип баратырғандай мийи аўылжып, түбинен кесилген ағаштай әсте-әстелеп дүс төменине жығылды (Т.Қайыпбергенов).

АЎЫЛЛАС ат. Бир аўылда туратуғын, бирге бир мәканда жасайтуғын адамлар, аўылы бир, қоңсы, бир-бирине жақын туратуғын адам. Ал, мениң аўыллас достым Әўдийип, Турар қапталында улындай оның (И.Юсупов). Бул жағдай оның аўылласларына меҳирин күшейтип, ким ушын келин, ким ушын қыз атанып, падашылық жумысын даўам етти (Т.Қайыпбергенов).

АЎЫЛЛЫҚ ат. Аўыллық жердеги, аўылдағы, аўыл ишиндеги, аўылдан, аўыллық жер. Әжинияз дәслеп ески аўыллық мектеплерде оқып саўат ашқан, кейин, өз илимин Хийўадағы медреседе тереңлестирген (Б.Исмайлов).

АЎЫЛМА-АЎЫЛ р. Ҳәр аўылды аралаў, аўылларды гезиў, аўылдан-аўылға өтиў. Әдетте баслық күн шықпастан бурын турып, аўылма-аўыл пахта аралап кеңсеге 10-11 лерде келетуғын еди (Ө.Хожаниязов).

АЎЫЛ СОВЕТ гөне. с. Аўыл кеңес, аўыллық ақсақал. Бердақтың ақлығы Айекениң баласы Сейтназар, ҳәзир Шымбай районының Калинин аўыл советиндеги Каганович атындағы колхозда турады (Қ.Айымбетов).

АЎЫР кел. 1. Салмақлы, зилдей, салмағы басым. Тереңлиги бес метрге жақын бул фронтқа аўыр жүги бар ири суднолар тоқтайды (газетадан). 2. аўыс. Қыйыншылық, шыдамаслик, қайғылы. Өмир оны аўыр сынаққа түсирди (З.Насруллаева). 3. Өтлескен, қурамалы. Кесели аўыр, өзи жүдә әлжуўаз болып қалған кемпир екен (Т.Қайыпбергенов). ♦Аўыр сөз. Кетерде ағам менен урысып қалдың ба?.. Аўыр сөз айтты ма?.. (Т.Қайыпбергенов).

АЎЫР-ЖЕҢИЛ р. Жақсы-жаман, парықсыз, парықлай алмастан. Сонда да олардың балалығыма, кисилик жарыстырғаныма, әйтеўир сөзиниң аўыр-жеңилине сер салмай кеўлине келгенин ислегиси келеди (Қ.Айымбетов).

АЎЫРЛАНЫЎ ф. 1. Салмақлы болыў, салмақ басыў, кыйналыў. Аўырланып адым басты, Өмирбайдың изи менен (Ж.Аймурзаев). 2. Қыйналыў, жәбирлениў.

АЎЫРЛАСЫЎ ф. 1. Аўыр болыў, бурынғыдан аўырлап кетиў, қыйынласыў, жүк минийў. 2. Қайғы басыў, ўайымланыў. 3. Кесели күшейиў, зорайыў. Арыўханның аўҳалы кем-кемнен аўырласып, тула бойы от болып жанды (А.Бекимбетов).

АЎЫРЛАТЫЎ ф. Жүкти көбейтиў, жүклеў. Оған буны айтпай кетиў гүнәсын аўырлататуғындай болып сезилди (Ө.Айжанов).

АЎЫРЛАЎ р. Аўырырақ, жәбирлеў, салмақлы, салмағы басымырақ, кеўилдегиден зыятлаў. Жетимниң еңсесине минген жүк жасы артқан сайын усылай аўырлап барды (Н.Бөрекешов).

АЎЫРЛЫҚ ат. 1. Салмақлылық, аўыр жүклилик. Онсери аўырлық өлшеўи — батпанның төрттен бири (Қ.Айымбетов). 2. Қыйыншылық, қапашылық, хәсирет басыў, жәбирлилик.

АЎЫРМАНЛЫҚ ат. Қыйынлық, қыйыншылық, жуўапкерлик, жәбирлилик. Наданлықлар енин жайып, Аўырманлық түсти басқа (Ә.Шамуратов).

АЎЫРМАНШЫЛЫҚ ат. Жуўапкершилик, қайырқомлық, миннетдарлық. — Жок, шәртимиздиң ҳешбир аўырманшылығы жоқ (А.Бекимбетов).

АЎЫРСЫНЫЎ ф. 1. Қыйналыў, азапланыў, шыдамаў. Аяғын қозғалта алмай аўырсынып, көзине жас алды (Ш.Сейтов). 2. Қайыл болмаў, жәбирлениў.

АЎЫРТЫЎ аўырыў фейилиниң өзгелик дәрежеси.

АЎЫРЫҚ ат. Ший тоқыў ушын ылайдан ямаса кесектен сопақлаў белинен жип байлаў ушын арнаўлы исленген зат, курал.

АЎЫРЫҚТАЙ кел. Аўырыққа усаған. Мәтқурбан жан-жағына қарап турды да баланың қолынан аўырықтай қорғасынлы, сары сақаны жулып алды (К.Султанов).

АЎЫРЫЎ ф. Наўқасланыў, бийтапланыў, кеселлениў, сырқасланыў. «Аўырыў қалса да әдет қалмайды» деп Төлепберген талай жерде дәкки жесе де, бул әдетин қоя алмады (Қ.Айымбетов). ♦Бас аўырыў — бастан тутатуғын кесел. Бас аўырыўы гәүдесинен кетпеген. Доктор келсе қашар буғып шет пенен (С.Нурымбетов). Ас казан аўырыў — иши, қарыны аўыратуғын наўқас. Ол жердиң суўы асқазан аўырыўына ем болады (Р.Тагор).

АЎЫРЫЎ кел. Наўқас, бийтап, кесел. Палўанның анасы аўырыў, өзлери кәмбағал екен (Т.Қайыпбергенов).

АЎЫРЫЎЛЫ Аўырыўы бар, бийтап адам.

АЎЫРЫЎ-СЫРҚАЎ к. аўырыў.

АЎЫРЫЎХАНА қ. емлеўхана.

АЎЫСҚАН қ. аўысық.

АЎЫСПАЛЫ Астарлы мәнис.

АЎЫСТЫРЫЎ ф. 1. Қалдырыў, гизнеў, сақлаў, сүйистириў. Мениң де санитаркалық жумыстан аўыстырып жүрген пулларым бар еди, той жасадық (Т.Қайыпбергенов). 2. Алмасыў, өзгертиў, бир жерден екинши жерге көшириў, басқа жумысқа өткериў, алмастырыў. Қәдирди мениң усынысым бойынша басқа цехқа аўыстырыў керек (Оразов).

АЎЫСЫҚ кел. Қалған зат, сүйисик, артықмаш, зыят. Есабын тапсаңыз, аўысық пулыңызға сатып алыңлар (Т.Қайыпбергенов). Тек азаматы бар деген атағы болмаса, олар да камбағаллаў! Аўысық неси бар дейсең? (Т.Қайыпбергенов).

АЎЫСЫЎ аўысып қалыў, артық, зыят болыў.

АЎЫТ-АЎЫТ р. Ретинде, анда-санда, ара-тура. Ғунанның аўыт-аўыт жорғасы да бар, бирақ жолым өнбегендей және жүринкиресе екен деп қулшынаман (Ө.Хожаниязов).

АЎЫТҚЫЎ ф. Мең-зең болыў, мий айланыў, жүрек уйытқыў, әжептәўир болыў. Мең-зең болып аўытқып мийим, жатырман бийтаныс жайда (И.Юсупов).

АЎЫЎ ф. 1. Айныў, өзгериў, бузылыў, бурылыў, бир жағына басымланыў, екинши тәрепке бейимлениў. Ҳәммениң кеўли Айымжамалға аўды (Ө.Хожаниязов). Апамды дарға асқан жаўыз жәллатлар, Адамзаттан аўған фашист әўладлар (Ә.Шамуратов). 2. Бир жаққа қарай жылысыўы, жылжыўы, сүйисиўи. Куяш аўыўға мейил берип, тас төбеден сәл еңкейген еди (Т.Қайыпбергенов).

АЎЫШ кел. Ақылы жок, есинен айрылған. Бир аўышқа теңгердиң, Тоқтаполат өзиңди («Ер Зийўар»).

АФАЗИЯ мед. Еситиў қәбилети сақланған ҳалдағы сөйлеў қәбилетиниң бузылыўы менен қәлиплесип болған сөйлеўдиң (алалиядан айырмашылығы) белгили дәрежеде жетиспеўшилиги ямаса бузылыўы.

АФАКИЯ мед. Көз гәүҳарының жоқлығы менен характерленетуғын патологиялық жағдай.

АФЕРА ат. Тәўекел ис, иплас ис, ҳийле.

АФЕРИСТ ат. Ипласхор, ҳийлекер.

АФИША ат. Лекция, концерт, спектакльлер туўралы жазылып, көшелерге, белгили орынларға илдирилип қойылатуғын дағаза.

АФОНИЯ мед. Даўыстың улыўма шықпай, еситилмей қалыў жағдайы.

АФОРИЗМ ат. Өткир, мәнили, ушырма сөз, мазмуны күшли, баянлаўы аз, нақыл есабындағы сөз. Әжинияздың көпшилик қосықларында афоризмлик қатарлар ушырасады (Б.Исмайлов).

АФРИКАЛЫЛАР Африка материгиниң негизги халықлары.

АФРОДИТА миф. Он еки уллы олимп кудайларының бирине киретуғын грек мифологиясындағы гөззаллық ҳәм ышқы-муҳаббат кудайы.

АФФЕКТ миф. Сыртқы ямаса ишки тәсирлер себебинен тез пайда болатуғын, қысқа мүддетли өзин тута алмай қатты ашыўланыў, қызбашылық.

АФФЕКТАЦИЯ Жасалмалық, жөги көтериңкилик.

АФФИКС ат. линг. Сөзге қосылып, жаңа сөз ямаса сөз формасын пайда етиўши тил бирлиги; жалғаў, қосымта.

АХИЛЛ (АХИЛЛЕС) Әййемги грек мифологиясының персонажы, Троя урысының қатнасыўшысы, Гомердиң «Илиада»сының баслы қаҳарманларының бири. Эакидлер әўладынан Пелея ҳәм Нереида Фетиданың улы.

АХМАҚ сөйл. к. Акмақ.

А(Х)ҚРАП ат. Ескише Октябрь айына туўра келетуғын ай аты. Ахрапта суўық урмаса, ақыретте де суўық урмайды (ққ.х.н.).

АХУН ат. 1. тар., гөне. с. Дин хызметкери. Арнаўлы диний мектеплерде оқып билим алған ҳәм диний мектеплерде оқытыўшылық ететуғын ямаса мешитлерде иймамлық қылатуғын молла. Оның екинши гилти тек Турымбеттиң алдынан шығатуғын ахунда ғана (Т.Қайыпбергенов). 2. Халық ишинде уйғырларға қойылған лақап.

АҲ т.с. Гүрсиниў, таңланыў, әжеплениў. Ол әўелги күнлери, аҳ-уҳ деп аўыр гүрсинип жүрди (Ж.Аймурзаев). Скамьяға барсам жақын, Еситтим ашықлардың «аҳын» (И.Юсупов). Аҳ-дүнья-ай қалай-қалай заман болды (Б.Бекниязова). ♦Аҳ урыў — ғам шегиў, қайғы жеў, гүрсиниў, зарланыў. Тек сен ушын аҳ урады жүрегим. Сен дегенде қан қақсайды сүйегим (Ә.Шамуратов). Аҳ урса жетеме бенденин дады. Бул дүньяға шықканымнан не пайда (Омар). Аҳ шегиў — қайғыланыў, қайғы шегиў, азап көриў, кыйланыў, жапа шегиў. Аҳ шегип багрын сөкмәгәч, көзинен яшын төкмәгән (Әжинияз). Аҳыў-зар — ынтық, зар қайғы, хәсирет, интизар, зар-гирян. Қәдирданым мениң шын аҳыў-зарым, Екеўимизди қосар күнлер бармекен (ққ.х.қ.).

АҲЛАЎ ф. Зарлаў гүрсиниў, зар шегиў, аҳ урыў. Алла көрсе алла дийип аҳлаған, Пинхамы ислерден өзин сақлаған (Өтеш).

АҲЫЎ-АФҒАН ат. Зар-гирян, ўайым, қайғы, жапа, капа. Балалар менен оқып куран, Биле алмасам бағрым гирян. Аҳыў-афған күнлерим (Бердақ).

АҲЫЎ-ЗАР Мүтәж болыў.

АШ кел. 1. Аўқат ишпеген, тамақ жемеген, жарымаған, тоймаған. — Палўан ғой! Дайысы менен. Еле аш жүрипти. Менсиз аўқат жей алмайды, апа! (Т.Қайыпбергенов). 2. Жарлы, гедей, кәмбағал. 3. қ. ашыў.

АШ БЎЙИР Иши куўсырылған, қарны тартыңқы бүйир.

АША ат. Айры, ағаштың еки айрылған жери. Дастурханды зорға дегенде, ағаштың ашасына танды (қк.х.е.).

АШАЛАҚ-ЖУМАЛАҚ р. Дәрриў, тез, уйқыдан оянар-оянбас, көзди ашар-ашпас, есин жыйнар-жыйнамас. Егер уйқылап калса апасына «неге оятпадың, деп өкпелеп қай биреўлери жылап, жыламсырап, тамаққа, жуўыныўға қарамай ашалақ-жумалақ мектепке қарап жуўырады (С.Мәжитов).

АШАЛАНЫЎ Еки бөлиниў, екиге айрылыў.

АШАМАЙЛЫ ат. Урыўдың аты. Дөңгелек көлди айланып отырған қыят, ашамайлы ишиндеги бескемпир, қолдаўлы өзимизге белгили Досбергенниң дайысы Палеке (А.Бегимов).

АШАР ат. Ашқыш, бурап ашатуғын темирден исленген, ағаштан сабы бар курал.

АШАРШЫЛЫҚ ат. Жоқшылық, ашлық, кемтаршылық, кәмбағаллық, ишип-жейтуғын аўқаттың жоқлығынан болған гүйзелис. Ас қәдирин билмесең, ашаршылық берер жазаңды (ққ.х.н.). Ел ашаршылық, халық теңселиўде (Н.Дәўқараев).

АШ-АРЫҚ ат. Жарлы-жақыбай, тоны жамбасына жетпеген, аш-жалаңаш, кәмбағал. Суўға, жерге ийе болып, Оналып қалды аш-арық (Х.Тәжимуратов). Қыйын болды бизлердей аш-арыққа, Қәдирли шийрин жан сеннен не пайда (Омар).

АША ТУЯҚ ат. Айры туяқ, ешки туяқ.

АШ-ӘПТАДА кел. Жарлы, ҳеш нәрсеси жоқ, кийерге кийими, ишерге тамағы жоқ. Ҳақ кеширсин жазығымны, Қыямет күн ғазабыны, Ада қылмас азығыны, Аш-әптада болған екен (Бердақ).

АШ-ӘПТАДАЛЫҚ ат. Жоқшылық, жарлышылық, қорланыўлық, гедейлик. Халық адам шыдамаслик жағдайда аўыр мийнет етти, аш-әптадалық турмыс кеширди (Б.Исмайлов).

АШ БЕЛ ат. Адамның белиниң ең жинишке жери, нағыз ортасы. Аш белине түскен шашы өрилип, Ер жетипти басарына еринип (Т.Сейтжанов). Қарамады жайына, Аш белинен майырды («Қырқ қыз»).

АШ БҮЙИР ат. Адамның иши, бир қаптал бүйири, жан жери, қабырғаның дәл ортасы, асты. Мурат жығылды, оқ аяққа емес, Мураттың аш бүйирине тийген еди (С.Айний). «Гейбиреўди аш бүйирден» (Б.Исмайлов).

АШ-ЖАЛАҢАШ кел. Жарлы-жақыбай, кәмбағал, турмысы төмен, төмен халлы, ишип-жеп жарымаған. Жаўза басланыўдан гилең аш-жалаңашлардың жолы болып қалды (Т.Қайыпбергенов).

АШКӨЗ кел. Қызғаншақ, көрмедик, қанаатсыз, көзи тоймайтуғын. Той болса бай баласы қамқа кийер, Қарама ашкөз неме көзиң тийер (Әжинияз).

АШКӨЗЛИ кел. Аш көзге усаған. Аш көзли аңшыдай даўыл масайрап, Атты найзағайын жасыл садақтан (И.Юсупов).

АШКӨЗЛИК Қызғаншақлық, көрмедиклик, көз тоймаслық.

АШҚЫЗЫЎ қ. Аштырыў.

АШҚЫЛТЫМ кел. Ашшылаў, қышқылт, ашшырақ, дузы өткирирек, дузы басым. Жалғас пискен қаўын менен дузланған қыярдың ашқылтым ийиси аңқыған үлкен үй жайда ала пышықтың көзине айна менен сәўле түсирип ойнап отыр екен (К.Султанов).

АШҚЫШ к. ашар.

АШЛЫҚ ат. Жоқшылық, қыткершилик, кийерге кийим, ишерге тамақ жоқ ўақыт. Дүзде ашлық машақатын көрмеген, Үйде ыссы нанның қәдирин не билсин (Әжинияз). Ағалар сорасаң кеўлимде әрман, Ашлықтан кетип тур дизеден дәрман (Әжинияз).

АШЛЫҚ-ЖАЛАҢАШЛЫҚ ат. Жоқшылық, елдиң азып-тозыўы, гедейлик. Қарақалпақлар өзлериниң отырған жерлерин таслап ашлық-жалаңашлыққа ушырап бүлинген (Әд. хрест.).

АШЛЫ-ТОҚЛЫ кел. Жарып-жалшымаған, тамаққа кийимге жарымаған, оңлы емес, тойып тамақ ишпеген, жарып кийим киймеген, бирде аш, бирде тоқ.

АШНА ат. Тамыр-таныс, яр-дос, кеўил жақын адам, жақынлығы бар адам. Ашна болыў аңсат, айырылысыў қыйын (ққ.х.н.). Кеўлим айтар ана ашна болсам деп, Жолына жанымды пидә қылсам деп, Мүбәрек жамалын және көрсем деп, Ҳеш тақатым қалмас көргеннен бери (Әжинияз).

АШНАШЫЛЫҚ Таныс-билислик.

АШНА-ЯР-ДОС ат. Қатар-курбы, дос-яран, кеўил татыў, көз көрген таныс, тамыр, ағайин-туўған. Үйде өзиң жоқ болғанда, Ашна-яр-досың толғанда, Өзи билип жәўлан урсын, Кеўлиндегини айтпай билсин (Әжинияз).

АШӨЗЕК ат. Аш, дым жемеген, аш қарын, аўқат жемеген, аштан-аш. Көз жиберип қарасам, Еки бирдей жолдасым, Ашөзекке түсипти (С.Мәжитов).

АШӨЛЕҢ кел. Жуқа жүзли, арықтан келген. Мурат шайықтың есиги алдына келип, хызметкерлердиң шығыўын күтип, торысының жүўенин тартқан ашөлең узын қара жигит зәңгиге ширинип турып, таў басында жанлы еки нокат көрди (Т.Қайыпбергенов).

АШТАН р. Аўқатсыз, тамақсыз, аўқат жеместен. Тамақ бермей суў бермей, Базын аштан өлтирди («Қырқ қыз»).

АШТАН-АШ р. Тамақсыз, аўқат жеместен, аўқатсыз. Атасы пақыр аштан-аш, маңлайына түспей қуяш, Қула дүзде жайып қулаш, Өлерменлер болған екен (Бердақ).

АШТЫРЫЎ ашыў фейилиниң өзгелик дәрежеси.

АШШЫ кел. 1. Дузланған, зәҳәрдей, ўўдай, бурышлы, өткир. 2. Жаман, жағымсыз. Билгенинди еттиң маған, Не айтайын енди саған, Өзиң жәлладқа усаған, Тилиң ашшы ўў екенсең (Бердақ). Ашшы даўысты жанлы мақлук еситпедиме, даладан ҳеш ким сылт етпеди (Т.Қайыпбергенов). ♦Ашшырақ салыў — көбирек, басымырақ. Сандырақлама чайды ашшырақ сал — ол алдындағы чайнегиниң қақпағын ашып хаялына қайырып берди (Т.Қайыпбергенов).

АШШЫ-ДУШШЫ кел. Жақсы-жаман, түрли жағдай, ҳәр қыйлы қыйыншылық. Неше жыл рус жерлеринде жүрип, ашшы-душшыны татқан (Қ.Аралбаев).

АШШЫЛАСЫЎ ф. Мәлеллесиў, урысыў, жәнжеллесиў, кеўил қалысыў, бақырысыў, сөгисиў, өкпелесиў. Апамның да мен ес билгели биреў-миреў менен ашшыласқанын көрген емеспен (К.Смамутов).

АШШЫЛАЎ I. кел. 1. Азырақ ашшы, жүдә ашшы емес, өткирлеў, ашшырақ. 2. Қаттырақ, күшлирек. Балдағым тарсылдап дәлизге кире бергеним, төр беттеги есиги аңқайып ашылған өжиреден баслықтың ашшылаў даўысы шықты (Ө.Хожаниязов).

АШШЫЛАЎ II. ф. Бир ашшы затты жегиси келиў, ашшылағысы келиў.

АШШЫЛЫҚ ат. 1. Улыўма ашшы зат, өткир нәрсе, қышқылт, дузланған нәрселер. 2. Қыйыншылық, аўырманшылық. Елди титиркетип залымлық ўўы. Ўўдың көтерилип ашшылық пуўы (Ж.Аймурзаев).

АШЫҒЫРАҚ кел. 1. Анығырақ, түсиниклирек. Ҳәзир бизге бул ҳаққында кеңнен ашығырақ түсиндириўди Қылышевтан талап етемиз (А. Бекимбетов). 2. Кеңирек, далаңырақ. — Ашығырақ жерге барайық деди Қурбаниязов жыйналғанларға (Т.Қайыпбергенов). 3. Ақ тәризли, аққа бейимирек, ақ түсли.

АШЫҒЫЎ ф. Аш қалыў, ашлықтың жәбирин шегиў. Ашығып келген бес қасқыр, қыласынды қылыпты («Қырқ қыз»).

АШЫҒЫЎ-ШАЙДА ат. Ашық болыў, ашықлық есин алыў. Қыз ашығыў-шайда болды, Кеўли күнде айда болды. Соннан ҳәмле пайда болды, Күннен бәҳәр алған екен (Бердақ).

АШЫҒЫШ Тез ашыйтуғын, тез айныйтуғын, бузылатуғын зат.

АШЫҚ I кел. 1. Гирбинсиз, таза, тынық, кирсиз. Аспан ашық, асықтай булт жоқ, ҳаўадағы шарбы яңлы ақ бултлар байраққа шабылған атлардай изли-изинен өтип атыр (А.Бегимов). 2. Анық, ҳақыйқат, нақма-нақ. Бундай ашық гәп айтылады деп ойламаған Жумабайға айрықша йош енип, бир аяғының майыплығын биротала умытты (Т.Қайыпберgeнов). ♦Ашық жүзли — жүзи адамға ысық, түри-түси жағымлы, жарқын. Столдың аржағында ашық жүзли, кең маңлайлы, шашын оң жағына қаратып тараған узын бойлы ҳәм арықтан келген бир адам отыр (Сейтеков). Ашық кеўил — кеўли ашық, минези ашық, жақсы, кеўлинде кир жоқ. Ашық кеўил атқан таңдай, Рус қызы — мәрт келиншек (И.Юсупов).

АШЫҚ II ат. Жақсы көриў, сүйиў, биреўге ыкласы кетиў, сүйиўшилик. Ҳәр бәҳәрде биреўге ашық болатуғын жеңил минезден аўлақпан ҳәзир (К.Смамутов). ♦Ашық болыў — биреўге кеўил берип қалыў, жигиттиң қызды жақсы көрип қалыўы, ессиз, түссиз кеўил бериўи. Не жананлар ашық болып, Көп интизар болған жигит, Мерекеден тасып толып, Орын алған алдан жигит (Т.Сейтжанов).

АШЫҚ III кел. 1) Жабылмаған, бекитилмеген. Ашық дәрўазадан төрт-бес есик көринеди (Т.Қайыпбергенов). 2) Панасыз, үстинде жабыўы жоқ, қақпақсыз, бастырылмаған. Үстимде жаман ылашық, Оның да бәри жери ашық. Не боларымды билмедим (Бердақ).

АШЫҚ I ат. Еки жастың бир-бирин сүйиўи, жақсы көриўи, бир-бирине ыхтыярсыз берилиўи. Бул сапары неликтен де, олар сағынысқан ашықларға усап, кушақласып көриссе де, бир бирине айтарға сөз таппады (Т.Қайыпбергенов).

АШЫҚ II кел. 1. Қақпақсыз, беклеўсиз, қаўсырылмай турған. Шыра жанып, дәлиздеги дүрсилди басылған соң Жумагүл далаға шығып еди, конақлар отырған бөлмениң қапысы пышақ арқасы ашық екен. (Т.Қайыпбергенов). 2. Анық, қыпсырмастан, жасырмай, тиккелей. Шаңқай түсте атасына барып болған ҳәдийсени буйынтықламастан ашық баянлады (Қ.Айымбетов).

АШЫҚ-ЖАРЫҚ кел. Күнниң жүзи ашық, даланың кебиў ҳәм куяшлы болыўы. Адамлар күнниң ашық-жарығынан пайдаланып, от-шөбин жыйыстырып алады (газетадан).

АШЫҚЛЫҚ ат. 1. Бир-биреўди сүйип қалыў, бир-биреўин унатыў, бирин-бири жақсы көриў, бир-биреўине ықласы кетиў. Күнде саған қарап кумар етипти, ашықлығын жазып баян етипти (Т.Сейтжанов). 2. Майданша, тазаланған бир бөлек көлемли жер, кыя майдан, далаңлық. Ашықлықты зейни илди, сер салды кыйыр кыяға («Мәспатша»). Арғы басы жақын еди, демде-ақ ашықлыққа шықты (Т.Қайыпбергенов).

АШЫҚТАН-АШЫҚ р. 1. Жасырмастан, тиккелей, тайсалмастан, туўрыдан-туўры, иркилместен, ...бирақ ол езилген жарлы халықты эксплуататорларға қарсы ашықтан-ашық көтерилиске шакырған (И.Сагитов). 2. Жаўыўсыз, беклеўсиз, қаўсырыўсыз.

АШЫЛЫСЫЎ ф. Кеўилди ашыў, шын кеўлин билдириў, бары-жоғын ортаға төгиў, жарқылдаў. Имтихан пайытында қызы менен бир ай бирге турса да, анасы менен қызы усап өмир, жаслық ҳәм ғаррылық туўралы ашылысып сөйлесе алмады (Т.Қайыпбергенов).

АШЫЛЫЎ ашыў фейилиниң өзлик дәрежеси.

АШЫМ-АЙРЫҚ: ашым-айрық болыў ф. Биротала қол үзиў, бир жағына шығыў, үзил-кесил араны үзиў, анығына шығыў. Енди қызды бир көрип тиллессем, бәри ашым-айрық болады (Ө.Хожаниязов).

АШЫНАРЛЫ кел. Жан ашыйтуғын, жан ашыўға турарлық, қыйналғандай, қызғанышлы, аянышлы. «Қырқ қыз» бизиң ата-баба қонысы, Босқа жатыр ашынарлы соңысы (Т.Сейтжанов).

АШЫНАРЛЫҚ қ. ашынарлы.

АШЫНЫЎ Қыйналыў.

АШЫРҚАЎ ф. Аш болыў, тамағы тоймаў, жоқ-жуқаланыў, жоқ болыў, жарып-жалшымаў. Ҳәрким өзи көмешине күл тартқан, Баспана жоқ ашырқады кеўип ел (С.Нурымбетов).

АШЫРЫМ ат. 1. Усыл, күрестеги еки кисиниң бир-бирине салатуғын тәсиллериниң бири. Атаңа нәлет Бөке дәў, Мойнынан ашырым алады, Иштен шалып кәпир дәў, Белли ғайрат салады («Қоблан»). 2. Жүкти арқалағанда айқастырып атанақша тартылған жип, арқан.

АШЫТҚЫ ат. Қамыртырыс, нанға, баўырсаққа я басқа да қамырдан исленетуғын нәрселерди писиргенде оны көмпейтиў, көтерилдириў, порсылдатыў ушын салынатуғын ашытылып қойылған нәрсе. Оған ашытқы салып, үстин бастырып қойғаннан кейин де, қайта-қайта жақсы қызғанын, қызбағанын билиў ушын тандырдан хабар алып жүрди (Чимбергенов).

АШЫТЫЎ ф. 1. Аўыртыў, қыйнаў, күйдириў. Бир жерине тийип кетсе, ҳәрре шаққандай ашытады («Әмиўдәрья» ж.). 2. Ашшы болып кетиў, быршыў, аңқыў, ашыў.

АШЫЎ I ат. Қәҳәр, ғәзеп. — Бир ашыўыңды бер, шабазым! Енемде өлеси адамғой, оның барлық азабына шыдайым, мынаў нәресте жетим болмасын! (Т.Қайыпбергенов). ♦Жаны ашыў — аяў. Келеси күни азан менен есигиниң алдында Ақбоз атын ертлеп атырған қыз қорадағы паданы шығарыўға киятырған Жумабайдың бет әлпетинде аўыр зерде сезип оған жаны ашыды (Т.Қайыпбергенов).

АШЫЎ II ф. 1. Бир нәрсениң қақпағын ашыў, пердени ашыў, аўзын ашыў, бетин ашыў, жүзин ашыў. Неше жылғы көмиўли, Аштым оның урасын («Қырқ қыз»). — Айша — деди көзин ашып үш жасар Орынбек, ... (Т.Қайыпбергенов). 2. Жибериў, ағызыў, айдаў. Жигит истиң көзин-танып, қандай жерге суў ашыў кереклигин биледи (Г.Есемуратов). 3. Гижиниў, өшигиў, қарсыласыў, қарсы шығыў. Бизиң аўқамласларымыз екинши фронтты ашады екен ямаса ўәдесин умытып кетти ме (Қ.Ирманов). 4. Қашықлаў, узақласыў, аразласыў. Араны тәўир-ақ аштым дегенде ғана артыма бир қарап едим, қуўғыншым жерди еле сабалап тур екен (Ә.Айтжанов). Ашыңыз енди араны, Ҳаялға нәўбет қарады. (А.Дабылов). 5. Көз ашыў, кеўлин оятыў, сергеклениў, дүньяны таныў, үйрениў, табыў, ояныў, өнер шығарыў. Бахыт берип ашқан мениң көзимди, Мәңгиликке нурландырған жүзимди (Х.Сейтов). 6. Бахытлы болыў, жолы болыў, ықбалы жүриў, иси келисиў, табысқа ерисиў, жаңалық табыў. Перделенген қанатыңды паршалап, түбинде ашарман нурлы күнимди (К.Султанов). Қуўанып дүнья қарасын. Қарапайым устаның, Қарапайым баласы, Жулдызға жол ашқанын (И.Юсупов). 7. Быршыў, ашшыланыў. 8. Сыр ашыў, әшкаралаў. ♦Ашыў араз — ашыўдың жаман нәрсеге алып барыўы, апарыўы, соғыўы. Ашыў-араз, ақыл дос (ққ.х.н.).

АШЫЎ-АРЫҚ ат. Аш-жалаңаш, жарлы-жақыбай, пақыр-пуқара, жарлы халық, жоқ-жуқа, гедей. Алағат көресең ашыў-арықты, Аў салған суўатымның аты Айырша (Омар).

АШЫЎ-КЕК ат. Өкпе-гийне, ыза-хорлық. Сырттан сирә билинбейди ашыў-кек («Әмиўдәрья» ж.).

АШЫЎЛАНДЫРЫЎ ашыўланыў фейилиниң өзлик дәрежеси. ...Жумабайдың Периханнан ҳештеңе сорамағаны рас еди, себеби жас қыздың зейнине тийип, ашыўландырып алыўдан корқатуғын еди (Т.Қайыпбергенов).

АШЫЎЛАНЫСЫЎ ашыўланыў фейилиниң шериклик дәрежеси.

АШЫЎЛАНЫЎ ф. Ашыўы келиў, қәҳәрлениў, жинигиў, гижиниў, қатты қәҳәри келиў. Айнаның алдында өз өзинен күледи, ашыўланады, қас қағады, ҳәттеки жылайды (Т.Қайыпбергенов).

АШЫЎЛЫ кел. Қәҳәрли, жиниккен, жинленген, гижинген, кеги қайнаған. Айзаданың бетине тикленип қарасам, цилиндр төбесин сәл кыйсайтып, оймақтай аўзын бир жағына бурып, мени унатпай ашыўлы тур (Т.Қайыпбергенов). Туўысқан солдатлардың қәбири басында, Бултқа шаншылып тур ашыўлы минәр (И.Юсупов). Қаншама ашыўлы отырса да, Бағдагнл орнынан ушып турғанын сезбей-ақ қалды (Т.Қайыпбергенов).

АШЫЎШАҚ кел. Тез-тез ашыўланатуғын, ешейин нәрселерге ашыўлана беретуғын, тез пейил. Сағынсаң да, излесең де бәрхама, Ашыўшақ қыз қорқытасаң соншама (И.Юсупов). Пәтиўасыз ҳәм умытшақ, Суў көтермес ол ашыўшақ, Еллерде болар мақтаншақ (Әжинияз).

АШЫЎШАҢ Ашыўлана беретуғын, ашыўланғыш адам.

АШЫЎ-ЫЗА ат. Ашыў ҳәм ыза, қорлық, қәҳәр, ашыў-кек. Гүлайшаның ашыў-ызасы қайнап кетти, бақырып жибере жаздады (И.Курбанбаев). Апамның жүрегинде ашыў-ыза тағы қайнады (Х.Сейтов).

АЦЕТИЛЕН м.хим. Углерод пенен водородтан куралған реңсиз газ.

АЦЕТОН хим. Органикалық бирикпе, өзине тән өткир ийииске ийе тез тарқалыўшы, ҳәрекетшең, реңсиз жанатуғын суйықлық. Техникада, медицинада ҳәм араластырып еритиў ушын да қолланылады.

АЦИДОФИЛИН Айрықша бактериялардың жәрдеми менен ашытылған сүт.

АЭРАРИЙ м. мед. Ҳаўа ваннасын қабыл алыўға қолайланған майданша.

АЭРОБЛАР биол. Тек ғана қосымтасы жоқ кислородта жасайтуғын организмлер.

АЭРОБИКА музыка астында атқарылатуғын, саламатлық ушын пайдалы болған дене шынығыўлары; ритмикалық гимнастика.

АЭРОВОКЗАЛ ат. Аэропортларда ҳаўа транспорты жолаўшыларына хызмет көрсетилетуғын имарат яки имаратлар комплекси. Олар маған ҳақ жол тилеп аэровокзалда қалды (Қ.Қалбаева). Узатыўшылар аэровокзал жанына жыйналғанша самолёт шарқ урып лашындай сырқты да көкке ушып кетти (С.Хожаниязов).

АЭРОДИНАМИКА Ҳаўа ҳәм газлердиң ҳәрекетин ҳәм олардың қатты денелер ҳәрекетине көрсететуғын тәсирин үйренетуғын илим.

АЭРОДРОМ ат. Ушыў аппаратларының турыўы, ушып кетиўи, қоныўы ушын керекли нәрселери менен үскенеленген арнаўлы майданша. Әне аэродром да көринди (Н.Дәўқараев).

АЭРОКЛУБ Авиация ҳәўескерлериниң клубы, авиация менен шуғылланыўшылардың шөлкеми.

АЭРОЛИТ м. астр. Аспан кеңлигинен жерге түскен тас.

АЭРОЛОГИЯ Атмосфераның жоқарғы қатламларының (мезосфера, термосфера ҳәм экзосфера) физикалық, химиялық ҳәм басқа да қәсиетлерин изертлейтуғын илим.

АЭРОНАВИГАЦИЯ Ҳаўа навигациясы — ушыў аппаратларын белгиленген жол менен апарыў жөниндеги илим.

АЭРОНАВТ Ҳаўада ушыўшы, аспанда ушыўшы.

АЭРОНАВТИКА Ҳаўада ушыўшылық, аспанда ушыўшылық.

АЭРОПЛАН ат. Адамлар ушын ҳәм жүк тасыў ушын ҳаўа менен катнас жасайтуғын ҳаўа кеме, машина, самолёт. Әскерлер ҳаўа аэропланы менен ҳәммесин көрди (Қ.Ирманов).

АЭРОПОРТ ат. Үлкен аэродром, самолётлар ушатуғын ҳәм қонатуғын жер-порт. Бир неше рет қаланы айланып ушып аэропортқа түсти (Ж.Аймурзаев).

АЭРОСТАТ Ҳаўа шары.

АЭРОСТАТИКА Газлердиң теңлесиў нызамлары жөниндеги илим.

АЭРОСҮЎРЕТ Ушыў аппаратынан түсирилген сүўрет.

АЯ ат. Алақанның шуқыр жери. Маңлайда болса көрермен, Аямда болса жаларман (ққ.х.н.).

АЯДАЙ кел. Алақандай, кишкене, азғантай, тап-тар, гирттай, курттай. Енди басқа жағым қапылып, аядай бетимниң жыртық болайын дегени ме? (Ө.Хожаниязов). Ашлықтың азабын көрдилер елим. Жер бети аядай маған көринди (Бердақ).

АЯЗ ат. Суўық, боран, шымыры суўық. Күн аяз, әтираптың бәри де жым-жырт тыныш еди (А.Бегимов). Жоллар узақ куўраған кум, Даўыл күшли дым аяз күн (Әбдираман).

АЯЗ АТА қ. Аяз баба.

АЯЗ БАБА ат. Аяз ата, қар баба. Ақ жипек шапан жамылып, Ҳасыл зат қоймай тағынып, Аяз баба келипти, узақтан, Бизлерди күте сағынып («Жеткиншек» г.).

АЯЗДАЙ кел. Суўықтай, жаман, өткир, қатты, дым әдеўир. Ағамның узақ сапардан ренжип келгени аяздай батып, сыртқа шықты (К.Султанов).

АЯЗ ҚАЛА ат. Жердиң аты, ески қаланың орны, турған жери. Кәт, Қырқ қыз, Аяз қала, Топырақ қалалар жер менен жексен болып, сениң кушағыңа кирди (Н.Дәўқараев).

АЯЗЛАНЫЎ Аязлап калыў.

АЯЗЛАТЫЎ ф. Суўық тийдириў, тумаўлаттырыў, суўық тартыў, суўықлатыў. Күн қысқарып аязлатып, Болды ма екен гүзекайы, жылқы да көп отламайды, Ойнақласып қулынтайы (С.Мәжитов).

АЯЗЛАЎ I ф. Суўық тийиў, суўық урыў, тумаўратыў. Түнги қараўылда турып аязладым, соннан кейин ығырақ жер излеп жүрип сабанның үстинен шығып қалдым (Ө.Айжанов).

АЯЗЛАЎ II кел. суўықлаў, шымырылаў.

АЯЗЛЫ кел. Суўық, бир қыйлы суўық, тәўирақ аязы бар. Сайрайды ҳаўаз қосық етип сайрап, Ойына кирип шықпай аязлы қыс.

АЯҚ ат. 1. Адамның, малдың, улыўма жанлы-жаныўарлардың аяғы, он еки мүшениң биреўи. Аяққа алмадың бир пушта етик, Бул дүньяға шыққан менен не пайда (Омар). Қорққанымнан аяғымнан дәрман қашты (Ж.Аймурзаев). 2. Кейин, изи, ақыры, төмен. Мудамы аяқта баралмай өрге. Есикте орны бар шығалмай төрге (А.Дабылов). Усы орташа халдан аяққа шығып кетемен бе деген гүдикте жүрди (К.Султанов). Ол жумыстың аяғын жыйнаса, басы шубалысып дағдарысқа түсти (К.Султанов). ♦Аяқ алыс — жай-жағдай, истиң бағдары, рәмәўизи, түр-түси, жағдайы, биреўдиң ис-ҳәрекети, жүрис-турыс, Жетим жолға түсти, бирақ аяқ алысынан аяғының аўырғаны сезилип туратуғын еди (С.Айний). Апа, енди тыныш бол, келини-қыздың ҳәзирги аяқ алысы жақсы көринеди (Қ.Ирманов). Аяқ асты — қайер болса сол жер, әйтеўир орын, жаман орынлар, арзымайтуғын нәрсе, парықсыз жер, турған жер, кәлеген жер. Ол көкирегин беккем бүрди де аяқ астында динамит жарылғандай, орнынан ырғып түсип жығылды (С.Айний). Әлле қайдан ушып кеп, Басылды аяқ астына (Т.Сейтжанов). Аяқ суўытыў — аяққа дем бериў, дем алыў, тынығыў. ... Егер ара-тура аяқ суўыта қойса, шомды астына қойып отырыўға керек, қыйсайып жата қойса жамбасына төсек етип салыўға керек (М.Абдраймов). Аяқ ушына қойылыў — аяқтың уш бети, аяқ бети. Егер қыз тәўир болса, бас ушындағы шыра аяқ ушына қойылсын, ал жүзи берман қарап тәўир болмаса шыра өз орнында қалады деген жигит пенен кемпирдиң алдын ала ойласқан сөзи бар еди (Қ.Айымбетов).

АЯҚЛАНЫЎ ф. 1. Аяғы шығыў, жүриў, аяғы жерге тийиў. Мойыны аяқланбаған баланың мойнындай бураңлап кәддин тиклеп өтер (К.Султанов). 2. Тамамланыў, из, кейин, соң, ақыбет. Митинг аяқланды, бир-биреўди қолтықлаўлар, жолдаслық сыйлы кешелер басланды (Қ.Айымбетов). Истиң аяқланыўы маған қараңғы (Сафиев). 3. Кустың аяқланыўы, аң алыўы, тутыўы.

АЯҚЛАСПА ат. Биригип бөлискен гөш, шығарыспақ пенен исленген деңгене. Атам зорға дегенде көнди, ол аяқласпа излеўге кетти (Ә.Шамуратов).

АЯҚЛАЎ ф. 1. Аяқ пенен, аяғы менен. Неге сен қалдың деп урған соң мықлап. Қос аяқлап шапты және сур ешек (Қ.Ирманов). 2. Тамамлаў, ада етиў, таўысыў. Старшина сөзин аяқламады. Ол отырыспаның изине шекем аяқлады (Қ.Досанов).

АЯҚСЫЗ кел. 1. Изи жок, даўамсыз, әйтеўир, қалай болса солай, питкермей. Автор да бундай жағдайды аяқсыз қалдырмайды (Г.Есемуратов). 2. Аяғы жок, жүре алмайтуғын, мүки, аяғынан айрылған. Уллы Ўатан урысында неше бир жигитлер қолсыз, аяқсыз қалмады дейсиз (газетадан).

АЯЛАЎ ф. Еркелетиў, әлпешлеў, ардақлаў, ҳүрметлеў алақанына салып отырыў. Аялап өсирген әкесине, ақ сүт берген анасына сәлем, өзинен киши инисине сәлем, қарындасына сәлем (Ө.Хожаниязов).

АЯМАЎ ф. 1. Қайғырмаў, мийрими түспеў, реҳими келмеў, қәдирлемеў. Ата-анасын аямаған қандай ул-о (К.Султанов). Буларды енди аямаў керек деген ойға келдим (Ә.Айымбетов). 2. Сақланып қалмастан, аянбастан, бары-жоғынды жумсаў, бар күшиңди сарп етиў. Ислеген аямай жанын, Көриң мийнет қаҳарманын (Д.Қасымов). ... оның қолға түсирермен деген сөзине инанған Сайым қолда барын аямай төкти (А.Бегимов).

АЯМӘЎИЗ (араб. айям — күнлер, ажуз — ғарры, кемпир) ат. Қыстағы ең бир суўық болатуғын 5-6 күн. (қыс өтип бәҳәрдиң март айының 17-22-сәнелери аралығында болатуғын 5-6 күнлик қатты суўық). Аямәўиз алты күн, алтай қыстан қатты күн (ққ.х.н.) Сараттаның иши болса да аямәўизде зирдек қаққан адамдай қалшылдап отыр (Ө.Хожаниязов).

АЯН р. Анық, дәлме-дәл, нағыз өзи, беп-белгили, нап-нақ. Деген менен көкирегине бир сырлы әндийше сақланып қалғаны екеўине де аян болды, сорай алмады (Т.Қайыпбергенов). Айтып бермесең де сен өз аўызыңнан өткен өмириң маған аян Арыўхан (И.Юсупов).

АЯНБАЎ ф. 1. Хызмет ислеў, бар ыкласы менен ислеў, бар күшин жумсаў. Жаңадан қазылған орайлық канал, Шайырлар аянбас болса тилинде (С.Нурымбетов). 2. Барын бериў, төгиў, жумсаў.

АЯҢЛАЎ ф. Қыймылдаў, ербенлеў, илгерилеў, қыбырлаў, қара көрсетиў, жүдә әсте, ақырын жүриў, гибиртиклеў, гидириў. Аўылдың ортасындағы гүзар жол менен атлар әсте аяңлап киятыр (К.Султанов). Мийирхан азғантай аяңлап жүрди де артына бир қарап тоқтады, бәлки оған бир нәрсе деўге тилим бармады (Ө.Хожаниязов).

АЯНЫЎ ф. 1. Қызғаныў, сақланыў, өзин сақлаў, Мен сеннен аянып отырғаным жок (Ө.Хожаниязов). Енди ол аянып қалыўға тилемеди (Ө.Айжанов). Өзиндей жигитлер шалғайымызға асылса, бәрин келе қылыў ушын аяныў жоқ (Т.Қайыпбергенов). 2. Ислемеў, қылмаў.

АЯНЫШ ат. Мийрим, реҳим, жан ашыў, мийрим-шәпәәт. Оның жүзинен аяныш па, мийримлилик пе усы екеўиниң қай-қайсысы да сезилмейтуғын еди (Ө.Айжанов).

АЯНЫШЛЫ кел. Қайғылы, ҳәсиретли, жан ашыйтуғындай, адам аярлық. Қыз оның аянышлы даўысына шыдай алмай, мингесиктен түсип қалыўға нийетленип еди, әкеси белбеўиниң түйинин беккемирек услап: — Қызым, табжылма, — деди (Т.Қайыпбергенов).

АЯРЛЫҚ кел. Аяйтуғын, аяр жери, енди аяғандай. Болмас ислер енди болды, Қызыл гүлим ерте солды, Зулым хан билгенин қылды, Аярлық нем қалды мениң (Бердақ).

АЯТ ат. Қуранның бир сүреси, бир бөлеги, бөлекшеси, бөлими. Қайта-қайта бул пақыр, Аят қоймай оқыды («Қырқ қыз»).

АЯЎ ф. 1. Жаны ашыў, қыймаў, рәхими келиў, рәхим қылыў, еркелетиў. «Жақсы адам жығылса жаманлар табалайды, жаман адам жығылса жақсылар аяйды», деген гәп бар. Сенде қандай кейип пайда болды? (Т.Қайыпбергенов). 2. Қызғаныў, үнемлеў, бийисирап етпеў.

АЯЎЛЫ кел. Қәдирли, қымбатлы, баҳалы, ардақлы. Аяўлы көзге шөп тийер (ққ.х.н.).

АЯЎСЫЗ кел. 1. Аямайтуғын, жаны ашымайтуғын, мийримсиз. Умитсиз ышқы аяўсыз, Өртеди оны, күл етти (И.Юсупов). 2. аўыс. Шексиз, мол. Гүлайымдай перийзат, Аяўсыз дүнья береди («Қырқ қыз»).
 
Ә I Қарақалпақ әлипбесиниң екинши ҳәриби. 

Ә II Адамның кеўил-күйин, ишки сезимин аңлатады: жоғ-ә, олай емес.

ӘБДЕН р. Дым, жүдә, оғада, оғыры, қалыўсыз, нағыз, тап. Және бири бүгин ябылардың тойында қалса, әбден қорланатуғынын ескертти (Т. Қайыпбергенов). Оның Оксанаға ықласы аўғанына Бийбисараның әбден қабағы муштай болды (М. Нызанов). Жәмийла усы көлдиң сырына әбден қанық еди (К. Султанов).

ӘБЕС кел. Ерси, уят, әжептәўир, әбеший, қорқынышлы, қолайсыз, келиспейтуғын. Ағалар бул ис әбести, Қашан жыйнар адам ести (Бердақ). Ҳәй досларым, бериң кеңес, Суўпы болыў маған әбес (Бердақ).

ӘБЕШИЙ кел. Қолайсыз, келисиксиз, жаман. Түр-түси әбеший бир адам турыпты, — деди ҳайлығып. — «Қудайы қонақ»пан дейди (М. Нызанов). — Есенгелди бийлердиң сизди таппай, Бағдагүл жеңгейге әбеший сөзлер айтып баратырғанын еситип, изинен ере бергенимиз еди... (Т. Қайыпбергенов). Әбеший болды заманда (Бердақ).

ӘБРАСИМ ат. Қымбат баҳалы төсек, гилем. Ақ орданың оң жағында Әбрасимлер төселмишдүр (Қазы Мәүлик).

ӘБРИ а. Нәўбәҳәр айы, бәҳәр булты, нөсер.

ӘБЖЕТ ат. Ескише қалдық шығарыў есабы.

ӘБЖИЛ кел. Епшил, шаққан, жәдигөй, жағымпаз, кишипейил, қайымшыл, мийзамкеш, жылмаңлаған. Қуўырдақшы жүдә әбжил шықты (Т. Қайыпбергенов).

ӘБЖИЛЛИК ат. Мийзамкешлик, кишипейиллик, жағымпазлық, жәдигөйлик. Әбжилликке ҳәм адамлардың кеўлин табыўға Есенгелдидей болмаған менен де, дәўлети оннан кем болмады (Т. Қайыпбергенов).

ӘБЗЕЛ р. Негизи, шыны, дурысы, тийкары, жақсысы, тоқ етери. жуўмағы. — Сөйтип қудағай, есиң пүтин киси екенсең, әбзели өлимнен басқаның ертеси жақсы (К.Султанов). Оксана қайсы есикке кирди, қашан шығады, әбзели елеберин шықпағаны керек еди маған (М.Нызанов).

ӘБИГЕР кел. Жупыны, әптада, көрениш, сыртқы көриниси төмен, жарлы, кемтар, тосаң, ҳәлсиз. Ол бул күнде тили жаңа шыққан бала тәризли, адамлар менен қалай сөйлесиўге де әбигер еди (К.Султанов). Есик аўзында бет-аўзын жара басып кеткен, үсти-басы жупыны, қолында иймек ҳасасы бар, әбигер бир киси турар еди (М.Нызанов).

ӘБИГЕРЛЕНИЎ ф. 1. Қорланыў, әптадаланыў, жоқшылыққа тап болыў. Бала-шаға әбигерленип турмастан, Бурынғы күнинен айырылып қалды (И.Юсупов).

ӘБИЗӘМЗӘМ қ. абызәмзәм. Каабадағы кәраматлы қудық суўы.

ӘБИРЕЙ ат. 1. Атақ, даңқ, жақсы ат, жақсылық, дәреже. Әбирейин жабады, Еситип зейни қабады («Қырқ қыз»).

ӘГАҲ ат. Хабардар болыў, еситиў.

ӘГАР, ӘГӘРКИ қ. егер де. Әгәрки келсәләр мехман, әлин қаўшурып қаршы алар (Әжинияз).

ӘГЛАНМАЙ ф. Иркилмей, тоқтап турмай, егленбей. Шийрин-шәкер мәнә сөзлерин қатыб, Заман әгланмәйин шықты да кетти (Әжинияз). 

ӘДА к.ф. әда болмаў. Таўсылмаў, даўам етиў. Айтса әда болмас Ҳажыниязы (Әжинияз). Я илахим, әда болды қашқашым (Әжинияз).

ӘДАЛАТ ат. Теңлик, ҳақыйқатлық, бостанлық, еркиншилик, дурыслық, жақсылық. Көзи — гөр, көкиреги — дана. Мың ғыйбаттан бир әдалат (ққ.н-м.). Адамзат үмит артқан уллы халық, Әдалат имаратын қурды халық (И.Юсупов). Ел ағасы елин баслап, Әдалат дизгинин услап (И.Юсупов). Әдалат жоқ беги-патша, ханларда, Хош кеўил жоқ, ғәрип, пақыр инсанда (Бердақ).

ӘДАЛАТЛЫҚ ат. Теңлик, әдиллик, еркинлик, бостанлық. Әдалатлық билән енди бий аға, Қайта шәриятқа қосышын көриң (Әжинияз). 

ӘДАЛАТСЫЗ кел. Теңсиз, ерксиз, жалған, әдилсиз. Сен биреўди өлтирсең биреў сени... әдалатсыз дүнья бул дүнья... (Т. Қайыпбергенов). Аманлық тислерин ғашырлатып, әдалатсыз шайық пенен бийлерди шайнайжақ кейипте екен (Т. Қайыпбергенов). Әдалатсыз сум заманда аналар (Әжинияз). 

ӘДАЎАТ кел. Душпанлық, қарсылықлы, тартыслы, даўлы. Сол күнги мәжилис «табақлы» урыўында әдаўатлы өтти (Т. Қайыпбергенов). 

ӘДӘД ат. Сан, муғдар. Екки әдәд шақырыў хат (XVIII–XIX әсирлердеги юридикалық ҳүжжеттен).

ӘДЕБИЙ кел. Көркем, көркем әдебиятқа тийисли. Мениң илимий мийнетимди оқыған адам, әдебий шығарма оқығандай тәсир алады (М. Нызанов). 

ӘДЕБИЯТ ат. 1. Улыўма жазба шығармалардың жыйнағы, илимий, сиясий китаплар, мийнетлер, журналлар ҳәм т.б. 2. Проза ямаса поэзия түриндеги көркем шығармалар. Бириң Қаллы, Нәжим, бириңиз Асан, Әдебият жыйнап халықтың аўзынан (И. Юсупов). Боламыз деп қатты мәдениятлы, Жек көрип ана тил, әдебиятты (И. Юсупов). Әдебият муғаллими айтып турды, мен жазып турдым (М. Нызанов).

 ӘДЕБИЯТШЫ ат. Әдебият хизметкери, журналист, публицист, әдебият пенен шуғылланыўшы. Ақылгөй аға жазыўшылар менен әдебиятшылардың сынына түскенде «не дер екен» десип қорқып, жүзимизде қан қалмай, қағаздай қалтырадық (И. Юсупов). 

ӘДЕМИ кел. Сулыў, шырайлы, жақсы, көркем, пәкизе, сымбатлы. Узын бойлы әдеми жигит ғой. Жаңа бирге енип едик осы ишке, бир демде көзден тайып... (М. Нызанов). Қызлардың әдемиси бизиң елде (Әжинияз). 

ӘДЕЙИ р. Билқастан, биле-тура, жортаға. 

ӘДЕП I ат. Тәртип, ийбе, кишипейиллик, уят, иззет. Әжинияз жасы үлкенлер алдында әдеп сақлап, оның үстине «айыбы» ушын қызара бөртип, төмен қарап саққа жүгинип отыр еди (К. Султанов). Әдеп сақласаң — ақылсаң, гөзеўин тапсаң — батырсаң!... (К. Султанов).

ӘДЕП II р. Дәслеп, әўелде. Әдеп сөйлетпей, соңынан Убайдулла бийге пинҳамы бир нәрсе дегени ҳәммениң көкирегине ғулғыла салды (Т. Қайыпбергенов). Әдеби ойын болса да, кейин ала шын болады. Бул ақылды үйреткен, Қатын саған ким болар? (Бердақ). Сен әдеп маған кимлерди шақыратуғыныңды айт, — деди ол (М. Нызанов).

ӘДЕП-ИКРАМ ат. Тәртип, ийбе көргенлилик, уят, иззет. Шайырдан да өтер сулыў сөз десе, Әдеп-икрам қулықлы, ашық пейилли (И. Юсупов). Жарасықлы заманыңа бүгинги, Әдеп-икрам жолын тутыңыз қызлар (И. Юсупов). Түн ортада йердим уйқыда татыб, әдәб-әркан билан бизни ойғатыб (Әжинияз).

ӘДЕП-ИКРАМСЫЗ қ. әдепсиз. 

ӘДЕПКИ кел. Дәслепки, бурынғы, әўелдеги, баяғы, биринши. Байқошқар бий әдепки жуўабын қайта тастыйқлады (Т. Қайыпбергенов). Әдепки ўақытлары қосықты Оксана айтты, мен сазенделик еттим (М. Нызанов). Кейинги ойым әдепкисинен басым келип, түнниң әлленемиринде көзим илинди (К. Султанов).

ӘДЕПЛИ кел. Тәртипли, әдеп-икрамлы, ийбели, көргенли, уяты бар. Бул — устаз алдындағы әдепли шәкирттиң алғысқа миясар болған ўақыттағы жүрек толқыўы еди (К. Султанов). Әдепли адам өз басын, Сүйдиргеннен сыйлатар (Бердақ).

ӘДЕПЛИЛИК ат. Тәртиплилик, үлгилилик, өрнеклилик, кишипейиллик. Әдеплилигиң менен. Сол ушын да мен сени жақсы көрип қалдым (М. Нызанов).

ӘДЕПСИЗ кел. Тәртипсиз, уятсыз, ийбесиз, көргенсиз, тәрбиясыз, жөнсиз, бийәдеп, пәмсиз. Бәри бетлери жамбылшадай болып, еркекке тесилип қарайды. Не деген әдепсиз-ә!... (К. Султанов).

ӘДЕПСИЗЛИК ат. Тәртипсизлик, көргенсизлик, пәмсизлик, уятсызлық. Ырысқул атасындай адамның алдында жалған сөйлеўди әдепсизлик көрди (К.Султанов). Шын хожа әлпайым болар, Әдепсизлик еткен хожам (Бердақ).

ӘДЕТ ат. Минез-қулық, пейил, үйреншикли ис. Бийлер ҳәр қашанғы әдетин қылып, келген пәтте орынға таласты (Т.Қайыпбергенов). Анамның йошланып кеткенде усылай етип ағытылып сөйлейтуғын әдети бар еди (М.Нызанов). Әдет қалар бәлким, қәсийет қалмас, Елге хызмет етпей жигит сыналмас (И.Юсупов).

ӘДЕТИНШЕ р. Әдети бойынша, үйренгени бойынша, бурынғы, қәдимги қылығы бойынша. Аллаяр ҳәр қашанғы әдетинше биреўдиң қулағына шертип жиберди (Т.Қайыпбергенов). Бурынғы әдетинше ол аўылға кирместен бурын: қубладағы жетим еменниң астында ең кеминде бир қуман суў қайнағанша иркилиўи керек (Т.Қайыпбергенов).

ӘДЕТЛЕНДИРИЎ ф. Үйретиў, шынықтырыў, мойынсындырыў, бойсындырыў, көнликтириў. Енди ерте кетип, кеш қайтыўға әдетленди (Р.Дүйсемуратова).

ӘДЕТЛЕНИЎ ф. Үйрениў, мойынсыныў, шынығыў. Бизде ҳәмме ўақта келген комиссия бар ма, қонақ бар ма, ҳақыйқатты жасырып, хожа көрсинге таярлаған жерлерди көрсетиўге, сөйтип олардан марапат еситиўге әдетленгенбиз (М.Нызанов).

ӘДЕТТЕ р. Үйреншикли әдет бойынша, үйренискен тәртипке сәйкес. Әдетте өзбек халқының дәстүри бойынша ҳаяллар көшеде жүргенде пәренже жамылып, ал үйде жат адамның көзине түспеўи керек (К.Султанов). Әдетте, күткен адамыңнан хат алсаң өзгеше кейипте боласаң (М.Нызанов). Әдетте, аш адамлар қолын жайып, бир нәрсе деп жалбарынады (Т.Қайыпбергенов).

ӘДЕТТЕГИ р. Үйреншикли иси бойынша, күнделикли, қәдимги, белгили, бурынғы. Жумабай әдеттеги аўыр минезинде тениздей түнерип тур (К.Султанов). Бәрибир, соңынан ҳәмме келисип, бул бир дәстүрге айланған, әдеттеги ис болып кетти (Т.Қайыпбергенов).

ӘДЕТТЕГИДЕЙ кел. Қәдимгидей, бурынғыдай, бурынғыша, күндегидей. Әдеттегидей ол қайыққа жигирма адам жумсаўы керек болды... (А.Бегимов).

ӘДЕТТЕГИШЕ р. Қәдимгише, күндегише, бурынғыша. Мен оған мәлел бермеў ушын, есикти әдеттегише абайлап ашып, босағаны атладым (И.Юсупов). Соң әдеттегише қарыйдар шақыра баслайды (М.Нызанов).

ӘДЕТ-ҮРП ат. Усы күннен баслап ол биротала жибисип, оның әдет-үрпин, тилин үйрениўге киристи (Т.Қайыпбергенов).

ӘДЕЎИР р. Бираз, бир қанша, бир неше, бир талай, тәўирак, айта қалғандай. Күн аўа қала әдеўир босады, дем алыў жеңиллести, кең тәризленди (Т.Қайыпбергенов). Дәўлетбийке апа әдеўир жерге дейин үнсиз барды (М.Нызанов). Әдеўир қартайып қалған екенбиз, Қәлийла! — деди ол шағынып сөйлеп, — жас жигит шағымда, мақтанғаным емес, ушан қайықты сүйрейтуғын қарыўым бар еди (К.Султанов).

ӘДИЛ кел. Ҳадал, ҳәммеге бирдей, дурыслы, шынлық, гәптиң ҳағын айтатуғын, турақлы. Халыққа әдил болмаса, жылағанды жубатпаса (Күнхожа). Ҳәммесине әдил басшылық етиў, Маманның жумысы болып қалды (Т.Қайыпбергенов). Бул дүнья дүнья болғалы, Патша әдил болған емес, Шайырлар қәлем алғалы, Хатқа туўры салған емес (Бердақ). Кимниң тиси шықса ҳадал мийнеттен, Бул әдил турмыстан қалмасын шетте (И.Юсупов).

ӘДИЛЛИК ат. Теңлик, дурыслық, шынлық, ҳақыйқатлық, ҳадаллық, ҳақлық. Өтти дөҳмет үстем болған заманлар, Ҳәзир халық жаратқан әдиллик нызам бар (И.Юсупов). Бай менен ошағын бир деп, салықты гедейге де, байға да тең салған, әдиллик пе? (К.Султанов).

ӘДИЛСИЗ кел. Әдил емес, дурыслы емес, турақсыз, гәррем, жаўыз, жермен. Ақмақ жигит аңғал аттай, Әдилсиз патша жанған оттай (Бердақ). Әдилсиз болды қазысы, Гүнасыздан биразды (Жийен жыраў).

ӘДИЛСИЗЛИК ат. Теңсизлик, зорлық-зомбылық, зулымлық, залымлық, инсапсызлық. Әдилсизликке, инсапсызлыққа, зорлыққа нәлет айтып жазған шайырдың муңлы қосықларын ыңылдап оқып отыр (К.Султанов). Ол жерге әдилсизлик даўыл туўысқан путағынан езилген талай емен жапырағын айдап әкелди (И.Юсупов).

ӘДИП ат. Астар, кийимниң етегине, жағасының қыр дөгерегине ишки бетине қойылатуғын материал. Салақлаў ҳаял әдиплеп нағыслаған (К.Султанов).

ӘДИПЛЕЎ ф. Астарлаў, жиеклеў. Жаға, жеңлери ушыға менен әдипленген (К.Султанов).

ӘДИРА: әдира қалғыр р. Жарымайтуғын, жарамас, жартыўсыз, қарық емес, жарамсыз, турарлық емес зат, нәрсе. Ай-ҳай, бул жағыста бар еди дәўран! Көрген түстей бәри әдира қалған (И.Юсупов). Еле бес-алты күн дәрьяның бойында сарғайтар. Әдира қалсын (К.Султанов). Өлсем сөзим қалар, айтып кетейин, Не көрдим мен әдира қалған заманда? (Бердақ).

ӘДИРАСПАН ат. Шөптиң түри, бул көбинесе ем ушын пайдаланылады. Жипке дизилип сүйретилген әдираспандай жүзден аслам түйе Қызылқумның шегесин ысылдатып басып, бир бап пенен қәдем тасламақта (Т.Қайыпбергенов). Әдираспан моншағыңды, Сиңлиң тақса урыспадың (И.Юсупов).

ӘДИС ат. Усыл, тәсил, әмел, ҳийле. Соңлықтан бир әдис пенен қутылып, басын сақытлап қалыўдың жолын излеп тур еди (К.Султанов). Оларға да қоңыратларға қолланған әдисин қолланды (Т.Қайыпбергенов).

ӘДИЎЛЕЎ ф. Сыйлаў, ҳүрметлеў, әлпешлеў, еркелетиў. Әдиўлеп, сыйлап, ҳәммесин ақ отаўға киргизди («Қырқ қыз»).

ӘДИЎЛИ кел. Ҳүрметли, сыйлы, қымбатлы, қәдирли, керекли, әҳмийетли. Егленбей қушағыма кир, Халыққа әдиўли палўаным («Қырқ қыз»). Үмит, мүриўбетли өмир жолында, Адам адам ушын әдиўли қонақ (И.Юсупов). Әдиўли оқыўшым, енди сен де елдиң жаңа қонысына барасаң — олар қонысласа берсин, сен азғана тынығып дем ал (Т.Қайыпбергенов).

ӘЖАҒА ат. Аға, жигит ағасы, өзинен үлкен ағасы, әкесиниң иниси. Иниси Шанияз кирип келди: — Әжаға, сени атам шақырып атыр (К. Султанов). — Әжаға! — деди ол да таңланып ҳәм аўзындағы жеп таўыса алмай киятырған тағамын ирили-тирили шайнап жутынып (М. Нызанов).

ӘЖАПА ат. Өзинен үлкен қыз туўысқан, жеңге ямаса ене тәрепинен үлкенирек қыз туўысқанлары, қыз апа. Әжапам узақтан келген болса, айда-жылда бир көрсем, үлкен адамлар қусап мен де оны сағынған болсам... (М. Нызанов).

ӘЖАЙЫП кел. Қызық, көркем, таңқаларлық, жақсы, жүдә жақсы, дым жақсы, оғада қызық. Әсиресе, оның бир әжайып ғайраты көп жыллардан бери сөз болып жүр (К. Султанов). Әжайып адам ғой дос-яр дегениң, Талсаң жеңиллетер жүгинди сениң (И. Юсупов). Күтилмеген әжайып ушырасыў болды (Т. Қайыпбергенов). Буннан кейин және бир әжайып ўақыя жүз берди (М. Нызанов).

ӘЖЕ ат. Апа, қыз апа, кемпир апа. Гүнниң тилин әжеси биледи (ққ. ф.). Оны көрип, қуўанғанынан Алмагүл «Ўа! Әже-әже! Әжағам!...», — деп кийиктей атлығып... (Т. Қайыпбергенов).

ӘЖДАД ат. Туқым-теберик, урпақ, ҳаслы-заты, ата-тек, ата-баба. Үйленсең үйленгил сорап ҳәм затын, Исмин, нәслин, жети-пушты, әждадын (Әжинияз).

ӘЖДАР ат. Бәдайбат мақлук, жыртқыш ҳәм қәўипли ҳайўан. Женишкенде бәдхасыл әждардың басын. Тепкиден қырылған гейбиреўлери. Шөптиң арасынан жылжыды берк (И. Юсупов).

ӘЖДАРҲА қ. айдарха. Қәне, енди оның тулпар сыяғы, Әйдарҳа сүүретли айбаты қайда? (И. Юсупов).

ӘЖЕЛ ат. Өлим, өлетуғын ўақты, деми таўсылған күн, қазасы жеткен ўақыт. Усы той ханның әжели екенин өзим де сезип жүр едим (К. Султанов). Докторға барыўға да қорқаман, соннан бир нәрсе деп салса, әжелимнен бурын өлермен (М. Нызанов).

ӘЖЕП I м.с. Аўа, болады, мейли, мақул, жақсы. Кеўлинде «ол доктор, балалар докторы, мениң күйеўим менен улыўма иси жоқ» деген сезимлер өтсе әжеп емес (М.Нызанов). Әжеп, ата! — деп шәкирти устазына қуллық етип, алғыс айтты да, китапты қоржынға салды (К.Султанов).

ӘЖЕП II кел. Жақсы, көрнекли. Беглер тәрийип етсем қалпақ йуртыны, Хуп әжеп тамаша еллери бардур (Әжинияз). Не әжеп ишимлик болса жәҳәнда, Әлле қандай көрип ишип атырмыз (И.Юсупов). — Әжеп елге қоңсы болғанбыз, келиң кеўли ашық азаматлар, — деп өзбек жигитлериниң ҳәр қайсысын бир қушақлап сүйди (Т.Қайыпбергенов).

ӘЖЕПЛЕНИЎ ф. Ҳүррейлениў, ҳайран қалыў, ҳайран болыў, бир түрли болыў. — Неге? — Өтемурат усының менен тап өзине гәп келетуғындай әжепленип қарады (М.Нызанов).

ӘЖЕПТӘЎИР кел. Сонда маған жақсылық еткен жигитлерди әжептәўир қыялпаразлар көрип, таңланған едим (М.Нызанов). Жекке-жарым гүдилер узақтан үймелесип турған нөкердей әжептәўир (К.Султанов).

ӘЖЖЕ ат. Ақ, ҳәк, пор, аппақ.

ӘЖЖЕДЕЙ кел. Кишкене болса да, әжжедей аппақ, Бизиң мектеп таза еди-аў бирақ та (И.Юсупов).

ӘЖЖЕЛИ кел. Бири әжжели тасқа, екиншиси қара тасқа қонақлаған бүркитлерге мегзейди (Т.Қайыпбергенов).

ӘЖИЗ қ. әззи. Әжиз айтур кешә-күндиз, Адамзаттың сол бир әззи жерине, Шайтан түртип қашып, сынап, ойнайды (И.Юсупов).

ӘЖИЙНЕ ат. ескише. Жин, шайтан, әжептәўир сықыл, ашыў, қырсық. Жәмийланың биреў мақтаса да, оның атын атаса да әжийнеси тутып қалады (К.Султанов).

ӘЖИК-ГҮЖИК кел. Татыўшылық, бир-бирине үйрениўшилик, мәмлешилик. Олар менен ара-арасында мерекеде бирге отырған менен әжик-гүжик болып кетпегенмен (М.Нызанов).

ӘЖИМ ат. Адамның маңлайына, бетине түсетуғын (терисиндеги) сызықлар, жыйрықлар. Билемен, оның бул шоқ ҳәзилинде, Әжимли маңлайында, өткир көзинде (И.Юсупов). ...торсылдақтай торсыйған еки бетиниң алмасы былбырап, жүзине айғыз-айғыз әжим енди (К.Султанов). ...сары сынлы, жүзин әжим торлаған бир кемпир бизлерге қарай жүрди (М.Нызанов).

ӘЖИМЛИ кел. — Қосыбай, мына балаң нағыз найсап болар! — деп Есберген ашыўға буўлығып, аўыз-жағының қат-қат әжимли, аққуўақланған арық етлери жыбырласып, «үх!» деп басындағы ақ сәллесин төсектиң үстине шалқасына қойып, ишиндеги тер менен қарайған тақыясын алып басына кийди (К.Султанов).

ӘЖИЎА ат. Ермек, дәлкек, ойын-күлки.

ӘЖИЎАЛАЎ ф. Ермеклеў, күлки етиў, ойнаў, масқаралаў, сықақлаў. Тынышына жүрмей, жақында молласын әжиўалап қосық шығарыпты (К.Султанов). Шыдадым өлгенше мен әжиўалап турса да алда (Әжинияз).

ӘЗӘЗИЛ ат. Душпан, шайтан, жуўха, алдаўшы, диний китапларда адамларға душпанлық етиўши, ҳийлекерлик пенен шуғылланыўшы оттан жаратылған пери. Әзәзил жолына салып, Қылмақшымысаң мынапық («Қырқ қыз»).

ӘЗЕЛ ат. Қуда, жаратқан алла, тәғдир. Әзел ҳәмири билән дүньяға келдим (Әжинияз). Ҳақ әзелде әйлемиш ошбу йүриш бизге несип (Әжинияз).

ӘЗЕЛГИ р. Бурынғы, баяғы, қәдимги, ертедеги: Маман елдиң әзелги досын таптырды... (Т.Қайыпбергенов).

ӘЗЕЛДЕ р. Бурын, дәслеп, тәғдир, әўел, ерте, биринши, баста. Күйип бағрын кәбап болды, Әзелде язылған екен (Бердақ).

ӘЗЕЛДЕН р. Бурыннан, әўел бастан, баяғыдан. Биз әзелден анамыз үйде болсын-болмасын, төрге қарап умтылмас едик (М.Нызанов). Әзелден дүньяның иси арасат, Патша патшаларға келтирер апат (И.Юсупов). Әзелден ишип тоймағанның, жалаған менен қарны қалықпайды (К.Султанов).

ӘЗЗИ кел. 1. Әжиз, әлжуўаз, ҳәлсиз, күшсиз. Тоба! Зевс тәнирим, мына бир нашар, Айтып тур инсанның ең әззи жерин ... (И.Юсупов). Өз пәрманына әззи келмесе болғаны (Т. Қайыпбергенов). Егер, аўылыңда көзи әззилер бар болса шақырсаң болады (М. Нызанов). 2. аўыс. Жуқа. Әззи материалдан исленген екен.

ӘЗЗИЛЕЎ кел. Ҳәлсизлеў, жуқалаў, нәзиклеў, әлжуўазлаў. Оның жалынышлы даўысына әззилеў жүрек еригендей де еди (Т. Қайыпбергенов).

ӘЗЗИЛИК ат. 1. Әзизлик, күшсизлик, ҳәлсизлик, ебин таппаў, төзимсизлик. Жаў әззилик етип, үшинши рет найзасын суўырып ала алмаған ба ямаса кишкене бий бәрине шыдаған ба... (Т. Қайыпбергенов). Онысыз әззилик етерсиз, ағайинлер! (К. Султанов). Әззилик етип аўыр жумысқа, Уйқылай алмай азаплар көрген (И. Юсупов). 2. Шыдамсызлық, төзимсизлик.

ӘЗИЗ кел. 1. Ҳүрметли, қәдирли, әдиўли. Әзиз Украина топырағында, Ўатан ушын өлген батыр ағалар (И. Юсупов). Әзиз жаным тәндин шықты да кетти (Әжинияз). Айыбы «жалаңаяқлылар» деп атанғаны болмаса, бай атаўдың арқасында әзиз үйлердиң азғана күн бели бекип еди (К. Султанов). 2. Нәренжан, әззи, әжиз. Күшли зорлық етип, әзиз корлық көрип киятыр (К. Султанов). 3. Шыдамсыз, төзимсиз. — Аўзыңа қум, әзиз ийттиң туўғаны! (Т. Қайыпбергенов).

ӘЗИЗЛИК ат. Ҳүрметлилик, қәдирлилик, әдиўлилик.

ӘЗИЛ қ. ҳәзил. — Бала шын әзил аралас дәлкек етти, — сизлер бийи бар аўыл болған соң, онша орталанбаған шығарсыз (К. Султанов).

ӘЗИЛ-ДӘЛКЕК қ. ҳәзил-дәлкек. — Бизлер ушын балықты көп ўсласаңыз, сизлер ушын фашистлерди көп қырамыз! — деген ҳәзил-дәлкек сөзлери еситилип турды (К. Султанов).

ӘЗИЛКЕШ қ. ҳәзилкеш. — Булардың қатынлары да, еркеклери де ҳәзилкеш болады (К. Султанов).

ӘЗИЛЛЕСИЎ қ. ҳәзиллесиў.

ӘЗИЛЛЕЎ қ. ҳәзиллеў.

ӘЗМ ЕТИЎ ф. нийет етиў, бағдар алыў, шешим етиў, қарар қабыллаў. Үйден шықтық шәхри Хийўа әзм етип, Қоңырат қаласына бардық яранлар (Әжинияз).

ӘЗИР қ. таяр.

ӘЗИРЕЙИЛ қ. Әзирейли. Мезгилсиз жаныңа әзирейил шақырма. Қақ ийекти!... (К.Султанов). Сезбесин ҳеш ким сырыңды, Әзирайылға мегзет түриңди («Қырқ қыз»).

ӘЗИРЕЙЛИ ат. Ескише, диний түсиник бойынша жан алыўшы, жан алғыш. Әзирейлиниң бир түги бар (И.Юсупов). Есикти ашпастан, көзлери шоқтай жанып Әзирейли кирип келди (М.Нызанов).

ӘЗИРЛЕЎ қ. таярлаў. Тамақ әзирлеп бериў, Оның иси болған екен (Бердақ).

ӘЗИРШЕ қ. ҳәзирше. Биз бармыз ҳәзирше... Бир заманларда ениўимиз мүмкин түслериңизге... (И.Юсупов).

ӘЙ т.с. Адамның ишки дүньясын, кеўил күйин билдиреди. — Әй, баҳадыр, сени таныйман. Бир дойырға шыдамаған ылашықты үйим бар дедиң бе? (Т.Қайыпбергенов). Әй, Ақдәрья хизметиң көп маған, Кәрўаныңман, жүгиң болса арт маған (К.Султанов). — Әй, стипендия алып едик, жигитлер менен пиво иштик (М.Нызанов). Әй, тоба, қоя бер адам дегенди, Қайда өзгертсе де мәкан дегенди (И.Юсупов). Кел сапа сүрели, әй нәзәлимлер (Әжинияз).

ӘЙДАРҲА қ. айдарха. Қәне, енди оның тулпар сыяғы, Әйдарҳа сүүретли айбаты қайда? (И.Юсупов).

ӘЙЖАЙ қ. айжай.

ӘЙЙЕМ р. Қашшан, илгери ўақларда, бурынлары, өткен ўақларда. — Шайқымыз, орыслар менен әййемнен дос екенимиз китапта жазылған ба? — деди биреў (Т.Қайыпбергенов). Күн батып, қараңғы түскен ўақытта әййемнен қалған қамыс қостың үстинен шықты (К.Султанов).

ӘЙЙЕМГИ кел. Ең бурынғы, қәдимги, ең ески. Өз даласын жаўлардан қорғап турған, Әййемги массагеттиң ләшкериндей (И.Юсупов). Сырдәрьяның Арал теңизине жақын бир алабындағы әййемги, Жаңакент қаласы орналасқан өли тақырлыққа жан енди (Т.Қайыпбергенов).

ӘЙЛЕ ф. Жарылқа, мийриң түссин, исле, болдыр, жарат, тилегимди бер. Билек күшли болып әлиң талмасын, Хызмет әйле колынызда бар ушын (Бердақ). Кеўлиң сениң шалқып аққан бир дәрья, Тар әйлесең сол дәрьяда суў қалмас (И.Юсупов). ...мийрасхордың алдынан аман қутылғаны ушын қудайға мың қәтле шүкирлик әйлеп, қоллары менен шоқынды (Т.Қайыпбергенов). Бул сөзди пәхим әйле, әзиз бирадар, Таўға-таў, адамға-адам көринер (И.Юсупов). Сәккиз йашда нақыш әйледин көйләгин (Әжинияз).

ӘЙЛЕ-ПӘЙЛЕ р. Алай-булай, олай-булай, анаў-мынаў, дәрриў, демде, бир майданда, ҳәп замат. Бирақ, ҳасасы менен жер шуқлаған Мурат шайық пайда болды, әйле-пәйлеге қарамады (Т.Қайыпбергенов). Ақыры, ашыў үстиндеги халық тутып алып әйле-пәйлесине қаратпай көзин ойса төөжип пе? (Т.Қайыпбергенов).

ӘЙНЕ р. Тап усы ўақта, нағыз, ҳақыйқат, тап сол мезгилде, сол заматта. Әйне түс пайыты еди (Т.Қайыпбергенов). Әйне сәҳәр ўақта ашылған гүлдей, Қыз болып пәтиңе минген екенсең (И.Юсупов). Әйне сәске ўағында, Қубладан ести бир даўыл («Қырқ қыз»).

ӘЙНЕК ат. 1. Терезе, айна. Сәлийма сол шығыўдан көрпенин қабатындағы бүклеўли қағазды ашып әйнектиң алдына барып гүбирленип оқыды (К.Султанов). Тилдей узын әйнекке жуўырды (Т.Қайыпбергенов). Бир ўақта әйнекти сабалап атырған сестен шоршып ояндым (М.Нызанов).

ӘЙТЕЎИР р. Қалай болса солай, соның ушын да сонлықтан, сонлықтан да, қалай болса да, ешейин зат, болар-болмас. Әйтеўир-ақ шығар-аў, Қара көйлек ишинде... (И.Юсупов). Әйтеўир ғана жандалбас хан болып жүр екен. Бийшара-әй! (Т.Қайыпбергенов).

ӘЙЎАН ат. Үш таманы берк, алдынғы таманы ашық хана, үйдиң кирер аўзындағы бөлме. Шөлде Ғәриб Шасәнемге табысқан, Гөззал көшки — әйўанбысаң, несен сен? (И.Юсупов). Йетим көнлим — байгус қалған, бир көшки әйўана мегзер (Әжинияз).

ӘЙЎАН-ЖАЙЎАН қ. Айўан-жайўан, шашыранды, патас, тазаланбаған, тәртипке келтирилмеген. Үйиниң иши әйўан-жайўан, көп ўақыттан берли тазаланбағаны көринип тур (К.Султанов).

ӘЙЯМ ат. Ўақыт, мезгил, мәўсим. Қанатыңда келер бәҳәр әйямы, Бәҳәрде бас қосса қуслардың жәми (И.Юсупов).

ӘКЕ ат. Аға, ата. Аўылда туратуғын әкемниң аталас ағайинлери бар еди (М.Нызанов). Әкеси менен баласы тағы оңаша қалды (К.Султанов). «Әкем өлеринде маған берди» деп, Жүдә әширепилеп турыпсаң оны (И.Юсупов). Мен саған тийер едим шыным менен, Биреўге әке-шешем берип қойды (Әжинияз). Әкеңниң көзини көрип қалса ҳәм, Атасы арабтан туўра келсе ҳәм (Әжинияз).

ӘКЕЛ қ. әкелиў. Оксана мәйек ҳәм сосискаларды қуўырып әкелди (М.Нызанов). Көз жаслардың төгилиўине себепкер болса да, сизлер ушын әкелдим (Т.Қайыпбергенов).

ӘКЕЛДИРИЎ әкелиў фейилиниң өзгелик дәрежеси.

ӘКЕЛИНИЎ әкелиў фейилиниң өзлик дәрежеси. Маған алма әкелиўге баратырмысаң? — Аўа, жаным, және алма әкелиў ушын баратырман... (И.Юсупов).

ӘКЕЛИЎ ф. Алып келиў, жеткизиў. Ғайып баҳадырды қасына шақырып, ҳәммениң көзинше Шамурат бийдин аяк-қолын байлап әкелиўге, урыс питкенше дәрўазаға байлап қойыўға буйрық берди (Т.Қайыпбергенов). Кусбеги байға дәреже әкелиў ушын хан ҳәзиретлерине еткен хизметин, Қулымбеттен бийликти қалай алғанын, хан алдындағы абырайын мактап, бираз әңгиме етти (К.Султанов).

ӘКЕСИЗ кел. Атасыз, жетим, атасы жоқ, әкеси өлип қалған. Әкесиз жетим зор жетим, Анасыз жетим қор жетим (ққ.х.н.).

ӘКЕТ қ. әкетиў. Сабыров хабар бермегенине қысылып, гәптин ушын басқа жакка орап әкеткиси келди (К.Султанов). Мени танып қалып аўзына тислеп әкетип қалмас па екен? (М.Нызанов). Ҳукимдардан ҳәзир ыктыяр кетип, «Ярынды әкет» деп руқсат етер (И.Юсупов).

ӘКЕТИЎ ф. Алып кетиў, бир нәрсени екинши бир жерге өзи менен бирге апарыў. «Ақ патшаға арзы қылыў ушын адам әкетиўге келген», «Өзи менен әкетиўге келген...» (Т.Қайыпбергенов). Бир яшуллы буннан өз жәмәәтин, Шығарып әкетиў ушын үйine ... (И.Юсупов).

ӘКЕ-ШЕШЕ ат. Ата-ана. Неге уўайым жейсең, сениң де әке-шешең куда түсип, алдыnan өтсин (К.Султанов). Қыз сүйген менен әке-шешеси көнбейди (К.Султанов). Дүньяға келтирген әке-шешесиниң жыллы уясында бир күн де түнемеди.

ӘКСӘР ат. Көпшилик, басым көпшилиги.

ӘЛ ат. Қол. Әлине найза алады («Қырқ қыз»). Әл қаўсырып кушак ашып наз еткен (Әжинияз).

ӘЛАМАТ ат. Әжеп саўдалар, ҳәр кыйлы ўакыялар. Не-не әламатлар болды (Бердақ).

ӘЛАСПАН ат. Бийик, жүдә бийик, әл ҳаўа, кеўил көтериңки. Өзим болсам да, пасманда кеўлим әласпанда (А.Бегимов).

ӘЛБЕТТЕ м. с. Сөзсиз, сөз жок, кайнакай, даў жок. — Әлбетте! Сендей шайыр болмасақ та иним, қара дүрсин гәптен «кыятлар» басылмайды (К.Султанов). Әлбетте, буған жетиўдиң жолларын өзиң табатуғыныңа исенемен (Т.Қайыпбергенов). Шын йошланып мен де бүгин, Жырлар едим оны әлбетте (И.Юсупов).

ӘЛЕЙ кел. Оң, жайлы, жакsy, дурыс.

ӘЛЕМ ат. I Байрақ, туў, жалаў.

ӘЛЕМ ат. II Қайғы-ҳәсирет, қапашылық. Шәшми-жадуў жәллад, қашлары кәман, Қойды сийнәмиза йуз мың дағ-әләм (Әжинияз). Көңлимде ғам, дәрди әләм, сөзлесем шықар дәмбәдәм (Әжинияз).

ӘЛЕМ ат. III Дүнья жүzi, жер жүзи, жәҳән. Таң қараңғысының тас түнеги жарық әлемди қара думанға орайын деп тур (К.Султанов). Ҳақыйқаттан да, ат туяғы емес, пүткил әлем бир бапта сырт-сырт сыбырланып, әлле ким ушын ләззетли нама шертип атырғанға усайды (Т.Қайыпбергенов). Бул минәрдан нәзер салсақ әлемге, Қәўипсиз сезерсең өзиңди (И.Юсупов).

ӘЛЕМӘЖИЎА кел. Әйтеўир, жаман, күлкили, әжептәўир, бир түрли, кулласы. Үстинен олардың әлемәжиўалап күлгени ушын оның ары келди (Т.Қайыпбергенов).

ӘЛЕП-ЖӘЛЕП кел. Бир түрли, әжептәўир, әдеттегише емес, жаман. Әлеп-жәлеп болып кеўлим хабарды (Күнхожа).

ӘЛЕЎМЕТ ат. Жәмәәт, аламан, журтшылық, ел, елат, халайық, ел-журт. Әлеўмет бул сөздин парқын аңласаң, Ҳәдийсе, мағана бардур тыңласаң (Омар шайыр).

ӘЛҒӘРЕЗ м.с. Нәйлейин дүньяны, мақсудым сенде, Әлғәрез, дүньяның бәри садаға (Әжинияз).

ӘЛҲАСЫЛ 1) Кулласы, қысқасы, әлқысса. 2) жақсы, ҳасыл. Әлҳасыл өзиңе қалар обалы, Сол ийтиңди өлтирмесең қәндекли (Әжинияз).

ӘЛЖИЎАЗ кел. Әжиз, иләнәзик, ҳәлсиз, күш-қуўатсыз. Бир топар малы әлжиўазлаў падашылар менен бөлинсе болғаны, падашы да қайтпайды, маллар жер жутқандай жоғалады (Т.Қайыпбергенов).

ӘЛДЕҢКИ кел. Әўмелек, алаңғасар, ақылый кәмил емес.

ӘЛЕККЕ а. Қауынның бир түри, сорты. Себеби, сен ол жақта жаңа пәлек астынан сарғайып көзге түсип киятырған әлеккедей әўесек едиң (М.Нызанов).

ӘЛИ р. Еле. Қызыман Байтурсынның, атым — Менеш, Хожеке, әли мени таныдың ба? (Әжинияз).

ӘЛИ-ӘЎЛАД ат. Барлық туқым-теберик. ...атайы бабасы киятырған бай, әли-әўлады патша болған (Қ.Айымбетов).

ӘЛИМСАҚ р. Бурын, ерте заман, әййем, дүнья пайда болғалы. — Ата-бабамыз да әлимсақтан бери орысларға дос екен... (Т.Қайыпбергенов). Шегирткедей әлимсақтан, Урығы бир мақлуқсызлар (И.Юсупов).

ӘЛИП ат. 1. Араб әлипбесиниң биринши ҳәриби ҳәм оның аты. Ай-әлипким, ақ йүзиңдур айни әлем әнўарий (Әжинияз). Келинлер тоңқылдап келер, Әлип қадди дал өмирим (Бердақ). Кеше-күндиз қайғыў биле, Әлип қәддим дал болады!... (Әжинияз). 2. Дүзиў, тик, минсиз, сыйдам, узын бойлы. Ескиликтиң қара түңлигин туўрап, Жаңа әлип дүзип, хатты сулыўлап (И.Юсупов).

ӘЛИПБЕ ат. Хат-саўат таныў ушын арналған биринши китап. Ярым жылдан кейин «Әлипбе» байрамы болды (М.Нызанов). Ата баласы емес, Ўатан баласы болыў әлипбесин сиз үйреттиңиз (И.Юсупов).

ӘЛИПТЕЙ кел. Дүзиў, қәдди тик, минсиз, сыйдам, узын бойлы. Әлипдек қәддини ай киби бүкип, Бойының бурып Хурзадажан ғам йеме (Әжинияз). Айәлипдек наз етип, ҳәйкелин таққан бери кел (Әжинияз).

ӘЛЛЕ ал. Әлле неден ситем алып қояды (К.Султанов). Әлле қартайып, мийи орталанғанлықтың әламаты, әлле елин башарта алмай жүр (Т.Қайыпбергенов). «Қорққанға қос көринеди» болып жүрмесин деген ой пайда болып, әлле қандай бир күш оны алға ийтермеледи (К.Султанов).

ӘЛЛЕ БИР алм. Қандай да, қандай да бир, әжептәўир. Соннан соң оған қайтып оралмай, биротала умытыўға тырысқан едим, бүгинлиги ол және, әлле бир шала операциядан соң жарадардың денесинде қалып қойған кесел микробының қайта асқынғаны секилли және мазамды қашыра баслады... (Т.Қайыпбергенов).

ӘЛЛЕ БИРЕЎ алм. Қандай да биреў, кимде болса. Светлана оқыўға кеткели от басындағы баслы әңгиме: ҳаўа райының жағдайы, анаў я мынаў сыйырдың қалай семиргени я азып баратырғаны, әлле биреўлериниң сүти молайып, екиншилериниң сүti суйылып ҳәм азайып баратырғаны, қайсы бузаўдың өжетлиги, қалай өсип баратырғаны ҳаққында болатуғын еди... (Т.Қайыпбергенов).

ӘЛМУДАМ р. Бәрхама, мудамы, бәрқулла. Тил үзpе дуғада болғыл әлмудам (Әжинияз).

ӘЛПАЙЫМ кел. Кишипейил, биймәлел, жақсы, әдепли, ийбели, мийзамкеш, тәртипли, уятлы, көргенли. Мениң әлпайымлығым оған өтпеген. «Сен кемпир анаңа тартқансан», — дей беретуғын еди анам маған жаслығымда (М.Нызанов). Әлпайым қазақтың бир лаласы қарақалпақтың үлкен бир отаўына жыға болса, налышым жок (Т.Қайыпбергенов). Оларға жуўабый қыз шекшийип бир қарап еди, екеўи бирден әлпайым кейипке түсип, қозғалысып, чай-суў қайнатыў ушын орынларынан турды (К.Султанов). Көзи түскен көрқине бенде болғандай, Әлпайым келген минези қандай (И.Юсупов).

ӘЛПЕШЛЕЎ ф. Ҳүрметлеў, жақсы көриў, кеўлин бағыў.

ӘЛПИ ат. Минез-қулық, тәрбиясы, мәденияты. Бул жәҳәнә түшмиш лапы, Әлпи әдепли, әрқанлы (Әжинияз).

ӘЛПИ: әлпи алысыў ф. Уйпаласыў, келисиў. Әлпимиз алысып, сөйлесе кетсек, оның периштедей пәк нашар екенин түсиндирермен (М.Нызанов). Өз қатарың менен бәрха әлпиң алысады, түске шекем урыссаң, түстен кейин жарасасаң (Т.Қайыпбергенов).

ӘЛПИАЖАР ат. Түри, көрқи, бети, сымбаты. Председатель солдат жигиттиң дәслеп бет әлпиажарына, оннан кейин майып мүшесине таңырқанып қарады (К.Султанов).

ӘЛЎАН кел. Түрли-түрли, рәңбәрәң, бираз, бирталай, бир қанша, ҳәр түрли, ҳәр қыйлы. Тил жетпес айтыўға бәрин, Әлўан байлық жыр қыларым (И. Юсупов). Ақырғы мәрте көз жумғанда болса төбесинде әлўан түске дөнип турған алтын жалатылған люстраға қарап күлимсирегенше жан берди (М.Нызанов). Неше әлўан ойлар, неше әлўан ғалма-ғаллы күнлер, сырлы жумбақлар көз алдына елеследи (Т.Қайыпбергенов).

ӘЛЎАН-ӘЛЎАН кел. Түрли-түрли, тараў-тараў, неше түрли, ҳәр қыйлы. Қыялы әлўан-әлўан болып кетти. Қарақалпақ сорлы ел болды, ертеңи не болады? (Т.Қайыпбергенов). Өли төсекке кирип алғаннан соң кирпик айқастыртпайтуғын әлўан-әлўан қыяллар, ҳәр кимниң өз қара басының иси сыяқлы... (Т.Қайыпбергенов).

ӘЛЎИДАҒ т.с. Хош бол, көрискенше, ырза бол. Мен кетермен, балам енди әлўидағ, Бойның бурып Хурзадажан, ғам йема (Әжинияз). Әлўидағ айтпайман муҳаббат (М.Жуманазарова). Моншақлар, жүзиклер, сырғалар.... Әлўидағ әрманлар, әлўидағ (Х.Дәүлетназаров).

ӘЛҲАСЫЛ 1. кел. Жақсы, ҳасыл, неше түрли. Ҳәр тутылған наўқан — әлҳасыл шайы, Ҳәр туўылған қамары — өмир шырайы (И.Юсупов). 2. Кулласы, әлқысса, қысқасы. Әлҳасыл өзиңе қалар обалы, сол ийтиңди өлтирмесең қәндекли (Әжинияз).

ӘЛҲАЎА кел. Бийик, жүдә бийик, диң аспан, жоқары, аспанға тийген. Әлҳаўада дәрежеңиз, Тал жипектей режеңиз, Қырқ сегиз қабат өжиреңиз, Бул не деген Кулен болыс (Бердақ). Сайра, достым, әлҳаўада пырпырлап, Саз бенен сәүбетсиз дәўран болды ма (И.Юсупов).

ӘЛҲӘББИЗ т. с. Сәддақ, астапырылла, япырмай. Қарыз бермектиң мәниси — балаға бериў, ким бала тәрбияласа сол қарыз бергени, баласы ержеткен күни өзине қайтады. — Тәсийин! — Әлҳәббиз! — Тилиңнен! — Хийўаға бас ийиңлер (Т.Қайыпбергенов). Бул жайыңды көрген адам, «Әлҳәббиз» дер Кулен болыс (Бердақ).

ӘЛҲАМ ат. Қуран сүрелериниң бири. Қуранның биринши сүреси болған «Фатиҳа» сүресиниң биринши «Әлҳамдулиллах» сөзиниң қысқарған формасы. Қәбиримниң басында, Әлҳам оқып, үстине бир қысым топырақ салдым (Бердақ).

ӘНБАР кел. Хош ийисли, жағымлы, сулыў, шырайлы. Әнбар шашы нәзик белге шоласып (Әжинияз).

ӘМЕКИ ат. Урыўлас, ағайин. Келинин узатайын деп атырғанда сизиң әмекиңиз Ержан алып қашып кетипти (К.Султанов). Аман қалсақ егер, әмеким, Қарақалпаққа енди бараман... (И.Юсупов).

ӘМЕЛ ат. I. Усыл, илаж, ҳийле, шара, еп, ислеў. Жасы үлкенлердиң тәжирийбесине әмел қылып, ҳәр муқамнан тымсал келтирип көрдим (М.Нызанов). — Шыңғысхан айтады: аспанда қуяш биреў, солай екен, жер жүзинде де ҳукимдар биреў болыўы керек дейди ҳәм өзи соған әмел етеди (М.Нызанов).

ӘМЕЛДАР қ. Ҳәмелдар. Усы Кудияр сейис, сонда зорлық пенен, өзи баққан жылқыны Хийўаға айдап келди, хан әмелдарлары оның жылқыларды айдап қашып кетиўинен қорқып, сарай сейислерине жәрдемши қылып алды (Т.Қайыпбергенов).

ӘМЕЛЛЕЎ ф. Илажлаў, илажын табыў, еплеў, есабын табыў. Телефонды Оксана алса бир әмеллеп дәлиллер! (М.Нызанов).

ӘМЕНГЕР ат. Қәўендер, туўған-туўысқан, ғамхоршы, қорғаныш, арқа сүйер. Ким жекке болса, туўысқан-туўысқансыз болса, әменгерсиз болса, сол жарлы (Т.Қайыпбергенов). — Оның әменгерлери қалмаған шығар, — деди азанда келин. Болмаса, еки күннен бери ол сүүретти көрсетип атыр (М.Нызанов).

ӘМИЙ кел. Қара пуқара, саўатсыз, қарапайым. Өзим әмий, тилим түркий, Жоқты араб-парсым мениң (Бердақ).

ӘМИЙИН қ. Әўмийин. Қуран оқыў, пәтия бериўдиң жуўмақланыўы. II. ӘМИН — төреши, қазы.

ӘМИР ат. 1. Буйрық, ҳуким. — Әзел әмири билән дүньяға келдим, Қәдир болып жақсы-жаманды билдим (Бердақ). 2. Әмир, ел басқарыўшы, патша, хан, әскерий басшы. Абылқайыр хан орыс патшасының қарамағына өтпестен бурын Орта жүз бенен Уллы жүзди аўзына қаратыў ушын Бухара әмиринен жәрдемге бир түйе зер алған деген гәп бар (Т.Қайыпбергенов). Берги жүзден Бухара әмири Жалаңлатып ислам қылышын (И.Юсупов). Әмир Темур көреген. Әмир Ноғай, Әмир Едиге.

ӘМИРҚАНЫ қ. Амирқаны. Мениң аўым әмирқаны, Тениз ҳәм балық бермеди (Бердақ). Бердимурат қойғыл, болмағыл ҳәси, Кийдиң бе аяққа әмирқан мәси (Бердақ).

ӘММА к.с. Бирақ, лекин.

ӘММЕ ат. Әкениң апа-қарындаслары. Кимсениң анасы, кимниң әммеси, Кимсениң ағасы, кимниң иниси (Әжинияз).

ӘМРИ МАЪРУФ ат. Динде орынланыўы шәрт болған парызлар, жақсылыққа буйырыў.

ӘН ат. Саз, нама, қосық, Намакештиң салған әни, Усылардан шығар мәни. Бийик таўдың сендур сәни, Қабағын үйген қаратас (Күнхожа).

ӘНДӘЛИБ ат. Бүлбил. Сөз еситтим Әндәлибтен, Китап көрдим мусаннифтен (Бердақ).

ӘНАР қ. 1. Анар. Мийўениң бир түри. Көргенинде мехриң қанар, Писте, алма, әнжир, әнар (Бердақ). 2. Қыздың көкси, көкиреклиги. Көксинде бар жуп әнары, Билмәм өзи кимниң яры (Әжинияз). Кеп — кемалыңа келдиң, пискен төсинде қос әнар (Әжинияз).

ӘНДАМЫ кел. Пәкизе, кеўилдегидей, жақсы, қанаатланарлық.

ӘНДИЙШЕ ат. Мәни, мазмун, ой, қыял, сыр, лийкин. Деген менен, көкирегинде бир сырлы әндийше сақланып қалғаны екеўине де аян болды, сорай алмады (Т.Қайыпбергенов).

ӘНЕ алм. Анаў, мине, мынадай, әнекей. Жақсы нийет етип отыр санамыз, Әне клуб, әне китапханамыз (И.Юсупов). ◊ Әне-мине дегенше — демде, ҳәп заматта, тез. Әне-мине дегенше, неше қырлардан асады («Мәспатша»).

ӘНЕКЕЙ алм. Әне, анаў, көрсетиў, қаратыў, силтеў, мине көрдиңбе. Әнекей, түби қушақ жеткисиз нәхән суў қабақты арқалаған Бийби киятыр (Т. Қайыпбергенов). Әне, Әнекей, Арыўхан түсти арбадан, Балалар шуўласып жуўырды оған (И.Юсупов).

ӘНЕҚАЛАС м.с. Болғаны, ис тамам, болған жери, тоқетери. Әнеқалас, тап ханның елтисине жаңа усады (Қ.Аралбаев).

ӘНЕДЕЙ кел. Жап-жақсы, пәкизе, дурыслы, дым жақсы, кеўилдегидей. Көшедеги бир саллақының шалғайына жабысып, гүлдей баласы менен әнедей зайыбынан безген еркектиң еңсеси үзилер, ол оңбас (К.Смамутов).

ӘНЕЛ Ҳақ. Мен ҳақман: Бул жерде белгили тасаўўыф ўәкили Мансур Ҳаллаж нәзерде тутылады.

ӘНЎАЛ Малдың көплиги, мал-мүлк, мал-дүнья, байлық.

ӘНЖАМ р. Түўел, пүтин, тайын, басы аяғы жәм, таярлық; керекли нәрсе, буйым. Еле бели беккемленбеген ел қыстың әнжамына кирисиўи лазым (Т.Қайыпбергенов). Той әнжамы көриледи, үлкен той басланады! (Т.Қайыпбергенов). Түнлигин биринши ашқан сол ақ шийли үлкен ылашықта жыллы төсегинен наз бенен суўырылған Бағдагүл керилип, еснеп, шыққан орнын қайта қымтастырып, ошаққа от жағыўдың әнжамына киристи (Т.Қайыпбергенов). Буның ушын дәслеп демалыс алып, оннан соң Ҳәселдиң ата-анасынан баслап, ағайин-туўғанларына сарпай әнжамлаўымыз керек еди (Ш.Айтматов). Сапар әнжамында сәрўи раўаның, Гөруғлыдай гүрлеп сүрген дәўраның (И.Юсупов). Лақабыма ылайықлы, Әнжамлап бер қарыў-жарақ («Қырқ қыз»). Кешки аўқаттың әнжамын жеди (Т.Қайыпбергенов). Перихан қызын, неликтен де, басқа жаслар менен жатақханада жатқарғысы келмей, институтқа жақын көшелердиң биринен, азада ғана бөлек бөлмеси бар бир кемпирди таўып, соған орналастырды да, кеўлин әнжамлап қайтты (Т.Қайыпбергенов). Кәрўан өткен ўақта мениң тушымнан, Көңил мүлким жолға әнжам болмады (Әжинияз). Сөздиң әнжамын айтқанда, Дәртти және молайтқанда (Бердақ). Қарақалпактың жаңа Улығбеклери, Жулдыз сәўбетине әнжам болажақ (И.Юсупов). 

ӘНЖЕМЛЕЎ ф. Таярлық көриў, түўеллеў, жәмлесиў. — Аңғарды залым бул исти, Әнжемлеп жедел қурыжды («Қырқ қыз»). 

ӘНЖИМЛЕСИЎ ф. Жыйналыў, топланыў, биргеликтеги ҳәрекет. — Өзбек, қазақ, қарақалпак баласы, Әнжимлесип мәкан еткен демишлер (Әжинияз).

ӘНЖИР ат. Мийўениң бир түри, иши майда дәнли, дөңгелек, жумалақ. Көргениңде мийриң қанар, Писте, алма, әнжир анар, Үш жүз шийе, бес жүз шынар, Бағыңда бар Қулен болыс (Бердақ). Писте менен бадамлар, Әнжир менен енди пал, Ол суймурдан табылар («Ҳатам-Тай»). аўыс. Балтақтың көзлеринен көп-көңбек ушқын «жарқ» етти, темир дуўлығасы болмағанда пискен әнжир киби езилип кетиўи турған гәп еди (К.Каримов).

ӘНЖУМАН ат. 1. Жыйналыс, мәжилис, жыйын, қуралтай. Аллаяр мине усы үлкен әнжуман алдында қарақалпақ миллетиниң атынан ўәкил болды (А.Султанов). Бул ўақыя усы әнжуманға қатнасқан адамлардың ядында узақ сақланып, халық арасында кең таралып, аңыз-әпсанаға айланып кетти... (А.Султанов). Әнжуманға қатнаса алмайтуғын айырым алымлардың адресине айтылған текстлерди алып таслап, оны издеги сөзлер менен байланыстырыў зәрүр болды (М.Нызанов). 2. ат. Көпшилик, аламан. Хызметинде жақсы-жаман әнжуман, Қол қаўсырып ахыў-зарға жеткерсе («Юсип-Зилийха»).

ӘНИЙЕР-МИНИЙЕР р. Ҳәр жер, өйер-бүйер, қуўыс-қолтық. Адамлар әнийер-минийерди көрип жүр (Т.Қайыпбергенов).

ӘНТЕК р. Қолайсыз, ерси, жарамас, уят, келиспейтуғын. — Есенгелди бий, иргелес қазақлардың ең болмаса Мырзабек бийи тойға шақырылмағаны, сол әнтек болмады ма екен? (Т.Қайыпбергенов). Мейли, ел аўзына салынбас тыйым, Бирақ та, бир әнтек жери бар буның (И.Юсупов). Бул сөз — жекке-жарым адам ушын тек, Халқым, бул сөзимди сен көрме әнтек (И.Юсупов). Меники әнтек болған жоқ па? — деген қыял менен изиме айландым (Т.Қайыпбергенов).

ӘНТЕК-ТӘНТЕК р. Жулқылаў, күш ислетиў, мәжбүрлеў. — Ҳәкимниң жәрдемшиси мени жардан қулап кетейин деп турған адамды шаққанлық пенен қутқарып қалған адамдай, әнтек-тәнтегимди шығарып кабинетине алып келди (М.Нызанов).

ӘНТЕКЛИК ат. Қолайсызлық, орынсызлық, әдепсизлик, ерси, уят, келиспейтуғын. Сабыр-тақаты, шыдамы таўсылып, енди турыўды әнтеклик көрген жигит илажсыз атқа минди (К.Султанов).

ӘНШИ қ. Қосықшы. Мереке қызған пайытта, палўанлар алысып, әншилер менен күйшилер кимиси көмекейинен, кими домбыраға жан ендиретуғын он бармағынан төгилген әсем сазы менен көпшиликниң қулағының қурышын қандырып атырған майданға Жарқынбайдың өзи де бир топар ақсақаллар менен кирип келди (К.Каримов).

ӘҢГИМЕ ат. 1. Гүрриң, белгили бир ўақыя туўралы сөз. Аўылдың иши сыпсың әңгиме (К.Султанов). Әжинияз «аўа» деп тастыйқлап, қосықты қойып, әңгимеге араласты (К.Султанов). Жаңаберген бий де қонағын қыстай бермейин, деди, сол ушын кәдимги әңгиме, барды-келди гүрриңге көшиўди мақул көрди (К.Каримов). 2. Гәп, сөз. Ет жеп, қымыз ишкеннен кейин әңгиме басланды (К.Каримов). Мен апам менен ағама усы ўақытқа шекем қарсыласып бир аўыз әңгиме айтып көргеним жоқ еди (Т.Қайыпбергенов). — Шырағым, қартайғанда аўыл хожалығына кимди беремен, — дейди Дүйсен молла, ал Сәрсенбайдың оқыўы кереклиги ҳаққында бир аўыз да әңгиме болған жоқ (Т.Қайыпбергенов). Бирақ, мен оның әңгимесине «қосылып шаўып» кетпеў ушын өзимди тутып отырдым (Ш.Айтматов). ◊ аўыс. Әңгиме қаптың аўзын ашыў — Тек әңгиме қаптың аўзын ашып жибергендей бахана керек еди оған (М.Нызанов). Фольклор жанры — Акыры аўыздан-аўызға өткен әңгимелердиң базда ярымынан көбиси асырын я кемитип айтылатуғынын Кулшы талай аңғарған, сол ушын өзи теңлес Айдостың тәғдирин исенимли адамнан еситиўди әрман етти (К.Каримов). Адам баласы өз өмиринде қыйлы-қыйлы әпсаналар, әңгимелер тыңлаў арқалы недей оғыры дәртли, я оғыры қуўанышлы қайсындай ўақыялардың гүўасы болмайды дейсиз? (Т.Қайыпбергенов). Бул жерде ҳәр бир тас, ҳәр бир дәрья жолаўшы ядында қандай бир аңыз әңгимени оятады (И.Юсупов). Әлле неден кәўетерленип киятырған Мүшириптиң есине усы әңгимелер түсти (К.Султанов).

ӘҢГИМЕ-ГҮРРИҢ Атабай бий «бизди ет жеп, қымыз ишип, әңгиме-гүрриңимизди тыңлаўға шақырды ма екен», деген гүман менен Қулшыға қарады (К.Каримов). Олардың биринде төрт-бес ҳаял-қыз, тағы биреўлеринде бес-алты ер адамлар өзлеринше әңгиме-гүрриң қурып отырар еди (М.Нызанов).

ӘҢГИМЕ-ДҮКАН Жуўабыны береди, Әңгиме-дүкан курады («Ҳатам-Тай»).

ӘҢГИМЕЛЕСИЎ ф. Сөйлесиў, гүрриңлесиў, пикир алысыў. Меңлимурат аға дәслепки күнлери бизлерди сабақтан соң алып қалып, күнде тәртип жөнинде бир сааттай әңгимелесетуғын еди (Т.Қайыпбергенов). Ағабий ҳәр базар Шымбайға барар, не арзан, не қымбатлығын гүзетер, адамлар менен әңгимелесип, жағдайын билип турыуды дәстүрге айландырды (К.Каримов). Олар кәдимгидей жейтуғын-ишетуғын нәрселер буйырып, әңгимелесип отырды (К.Каримов).

ӘП-ӘНЕЙДЕЙ кел. Жап-жақсы, дым жақсы, пәкизе, ойдағыдай, ойлаған. Кулласы, қызбалыққа салып әп-әнейдей жыллы орнымнан көтерилип кеткениме өкине басладым (М.Нызанов). Мине, әп-әнейдей хожалық болдық. Жығылған шанарағым қайта тикленди (М.Нызанов). — Өмирбек әп-әнейдей жумысына барып-келип жүрип еди, — деп иркилип қалдым (М.Нызанов). Не болса да ыссы аўқат, нан басып жесе әп-әнейдей тамақ болады (М.Нызанов). Талабында болсаң қуры қалмайды екенсең, мине, әп-әнейдей жумысы болады (М.Нызанов).

ӘПЕНДЕ ат. 1. Аш, әптада, дийуана, әбигер, ишип жейтуғыны жоқ, қайыршы, кийетуғыны жоқ адам; ақкөкирек, сада. Қолын жайған әпЕНДЕ, Не қып жүр мынау қалада («Қырқ қыз»). Бул ошақ басындағы әпЕНДЕлердиң көптен үйреншикли әдети (Н.Дәўқараев). 2. Қызықшы, лаққы, шешен. Хожа Насратдин әпенди.

ӘПЕР қ. әпериу.

ӘПЕРИУ ф. Алып бериу, қолына бериу, әкелиу. Қәне, шелеклерди әпер, сууға барайын (Т.Қайыпбергенов).

ӘПЕРГЕН. ф. Алдынғы уақытлары ол өзиниң сазға деген кемсалыйқалығының себебин анасы елиу долларға сатып әперген арзан скрипкадан деп түсинди (К.Каримов).

ӘПИУ әпиу етиу ф. Өтиниу, кешириу, сораныу. Өз баламыз бизге мин қойғаны неси? — деп кеулиңизге мәлел алсаңыз, әпиу етерсиз! (К.Султанов). Онда әпиу ет! — деп көз жанары телмирип, еки бетиниң алмасы кубылып қызарды (К.Султанов). — Әпиу, әпиу! Ол әпиу етилди! — деди Алакөз куўнақ дауыс пенен (К.Каримов). Билмедим, бир сыр бар тағы арада, Әпиу етиң, өзим бара билмедим («Юсип-Зилийха»).

ӘПИУЛИК өтиниш, кеширим. — Адасып, әпиулик сорап келдим, иним! — деди (К.Султанов). — Сонда да ур дүррени, — деген екен, ол бул кисиниң Күнхожа шайыр екенин айтып, жазадан әпиулик сорапты (К.Султанов).

ӘПИУАЙЫ кел. Елеспесиз, жай, әдеттеги, кишипейил, әлпайым. — Жәмийла райкомның секретарының әпиуайы гәп пенен түйдег-түйдег етип сөйлеген гүрриңин кумарлана тыңлады ҳәм халық алдында сөйлеу ушын көп оқып, көп үйрениу керек екен гой, деп ишинен пикир жуўыртып отырды (К.Султанов). Ол оған ким еди, егер анық ойланып қарасаң: Шыңғысханның Батысқа атланысында гез келип қалған әпиуайы жолаўшы, садық инсан еди (Ш.Айтматов). Ол енди ерде отырып, әпиуайы бенде шенде-шен қыялына келтиретуғын нәрселер тууралы пикир жүргизди (Ш.Айтматов). — Ол жүдә әпиуайы, асықпай түсиндириўге киристи саҳибжамал гид (К.Каримов). Уақты-уақты көз астынан нәзер салғанда оның әпиуайы гәптей, салқын қанлылық пенен тыңлап отырғанын сезди (М.Нызанов).

ӘПИУАЙЫЛЫҚ ат. Елеспесизлик, жай ҳәрекет, әлпайымлылық, кишипейиллик. ... дәстанда өзиниң қаншама әпиуайылылығына қарамастан,... (Қ. Мақсетов).

ӘПКЕЛИУ ф. Алып келиу, көтерип келиу, әкелиу. Апамызды тәрийиплейин деп келдим, Устазларға ықласымды әпкелдим (К.Султанов).

ӘПСАНА ат. Уақыя, өтмишти баянлайтуғын гүрриң, аңыз, дәстан, тарийх. Халық аузында «Филатов соқыр көзди ашқан» деген әпсана жүреди (М.Нызанов). — Ғарры аталардың айтқан әпсаналары бойынша Шырақ исимли ақыллы, батыр шопан өткен (Т.Қайыпбергенов). Маман бий, Айдос баба, Ерназар Алакөз деген халқымыз батырлары, болмаса ертеклер, әпсаналар айтып береди (Т.Қайыпбергенов). «Сарыөзек жазасы»нда өзи жазған сол бир әпсанада жазаланып атырған аналар менен әкелердиң шыдап болмас мүшкиллери, олардың перзентлери менен хошласыулары, мәңгиликке, енди оның өзине де тийисли бир нәрсеге уқсап кетти (Ш.Айтматов). Ауа, әлбетте, әййемги әпсана, бирақ оны жазып алған Куттыбаев бир нәрсени нәзерде тутқан ғой?! (Ш.Айтматов). Ески қорғанлар алабы жайласқан бул жердиң тарийхын жақсы билер, әпсаналар менен аңызларынан хабардар, Хўбби ҳаққында аңызларды еситкен еди (К.Каримов). — Гүлдирсин әпсанасының қағазға түскен версиясы жоқ па? — сорады қызығып қалған Джон (К.Каримов).

ӘПСАНАУИЙ кел. Әпсанаға айланған, даңқлы, атақлы. — Әпсанауий уста, оның сабырсыз жәрдемшиси жөнинде ойлап қойды (К.Каримов). Қара теңиз қаланың ишине кирип турғанлығы, ондағы дүньяға белгили пляж ҳәм пляжға түсерликтеги әпсанауий Потемкин текшелери, кулласы, қала ҳәм оның тәбияты, санааты, мәденияты, мийманханалары ҳаққында стюардесса қыз бираз уақыт сөйлеп берди (М.Нызанов).

ӘПСҮН ат. Сыйқырлы дууа. Әлқысса, батыр атынан жерге түсип қолындағы илмиҳал әпсүнин үш мәртебе оқып шығып еди, ҳәр булақ атын айтып шақыра берди («Қурбанбек» дәстаны).

ӘПТАБ қ. әптап. Күнниң оттай қыздырған әптабы менен кеше дәрьяны қақпақлап, сиресип жатырған муз бәҳәр таскынынан қашқандай ыдырап, тум-тусқа ылағып баратыр (К.Султанов). Күнниң әптабынан қашқан самаллар, Саяда түсленип тынығар, ойнар (И.Юсупов). Қыздың кеули ыссы күнниң әптабы, Нурлантар, күйдирер қызған шаклары (И.Юсупов). Джонның бас айланыуы пышақ кескендей тоқтады, ески қорғанлар алабының мыстай қыздырған әптабы да енди ыссы туйылмады (К.Каримов). Көз алдында жаздың әптабына күйўрылған дала, қум төбешиклери пайда болды (К.Каримов). Ақ йўзин, сәуер яр, әфтабдин қызыл (Әжинияз).

ӘПТАДА кел. Аш, жалаңаш, қөрениш, пақыр-пуқара. Жаз жыйғанын қыс басынан жеп болды, халық әптада болған жылы (Қ.Айымбетов). Оған ертедеги Арал теңизи, бир гезлери Россияға балық жиберип, аш-әптада балаларға берген жәрдемлери ҳаққында толып-тасып айтып берип отырды (М.Нызанов). — Рәҳим әйлең ғәрип бийшараларға, Аш-жалаңаш жүрген әптадаларға («Юсип-Зилиийха»).

ӘПТАП ат. жалын, ҳәўир, ҳәдден тыс ыссы. Әптап, суу бермесең, жаныңды ишер, Шөлди қоздырады күнниң геўкеўи (И.Юсупов). Бәлким, ат өзиниң ойнақлап жүрген тауларын, тасқын дәрьяларды, қалың майса от-шөплерди, әптапта масайрап жүрген үййирин қумсаған шығар (Ш.Айтматов). Ол бир-еки қәдем таслаған еди, ҳәзир ғана салқынлығы жети жүйесинен өтип, тоңдырған музы ериген суу әптапта турып қызған тас киби табанына жағымлы тийип, денесине рәҳәт бағышлады (К.Каримов).

ӘПТЕН қ. әбден. Ол тап соныңдай болып терезеге жабысып қалды, болған уақыядан әптен ашынған, жүз берип атырған әдалатсызлыққа көнгиси келмеген ол, әлле кимниң еркине бағынып, әстен, урланып, тилсиз мақлуқтай, ҳаялы ҳәм балаларының қасынан өтип кетиуге мәжбүр еди (Ш.Айтматов). — Аман сау келгениңиз бенен! Бизлер енди сизди әптен күтип қалдық! (Ш.Айтматов).

ӘПТҮЙЕК ат. парсыша. ҳафтияк 1/7 мәнисин аңлатады. Ескише кишкене китапшаның аты, куранның (бөлип алынған) қысқа-қысқа сүрелери, куранның 1/7 бөлеги, куранның басламасы. Сөйтип жүрип тахтайды шықты, әптүйектиң әлҳәмында бир жыл жүрди (Қ.Айымбетов). — Ҳәммемиздиң оқыған әптүйегимиз бир! (М.Нызанов).

ӘПШЕР ат. Түр-түс, бет көринис, сықыл-сыпат. Бир жылы қыстың күни «Ағаш қуйрық»тың бир танысы оны Нөкистеги Министрлер Кеңесиниң жайында көрип қалып, «Ҳау Палуанияз, бул жерде көринесен ғой» дегенде, ол, — «Жазда булар бет әпшеримизди районға барып көретуғын еди, енди қыста пахта жок районға бармайды, сағынды ма билмеймен, енди бет әпшеримизди шақырып алып көрип атыр», — деген екен (М.Нызанов). Әпшериңди көрген адамлар қорқар, Сыяғыңа көрген адам муңайар («Хажы-Герей»). аўыс. Төменде аузынан шыққан ыссы лебинен гә қолын үплеп, гә қолтығына тығып, аяғын тепсинип, әпшери қууырылып Сәлийма сүмирейип тур екен... (К.Султанов). Жәмийлаға көзиниң қыйығы менен қарап еди, оның да әпшери түнерген! (К.Султанов).

ӘПШИ аўыс. Түр-түс, бет көриниси, ҳал-жағдай. Қақаман қыс халықтың әпшин қуўырса, Сен оларға кемпир куяш күн болдың (И.Юсупов).

ӘР: әрин қайтарыу ф. Босастырыу, таўын қайтарыу. Бердақ шайыр мен билемен кәринди, Жел сөз бенен қайтардым ба әриңди (Өтеш). Әри қайтпау — босаспау, таўы қайтпау. — Ақсүптей таза қар әри қайтпаған былғарыдай қышырлап сес береди (К.Султанов). Ажар иширткидей әри кетип, гөнерген қағазға қарап: — «Талай ашып бүкленген қағаз ғой, бул. Бос тулыпқа мөниреп жүрген екенсең-ау, пақыр!», — деди ишинен (К.Султанов).

ӘРАМ ф. Диний әпсаналарда Йемен патшасы Шаддат тәрепинен жаратылған әпсанаўий бағ.

ӘРАМ ат. Дем алыу, кеўили жай болыу. Арыз жайына келип, халықтың арзын сорап, қазының кеўли әрам тапты («Ҳүрлика-Ҳәмре»).

ӘРЕБЕК ат. Бурынлары ҳаял-қызлардың безениу ушын мурынға тағатуғын заты, алтыннан, гүмистен исленеди. Төрге жақын отырған сары орайпекли қыз басын көтергенде қулағындағы гүмис моншақлы сырғасы менен мурнындағы алтын әребеги жалт етти (К.Сultanov). Писте бурыныңда тилла әребек, Екки қара көзиң екки бәладек (Әжинияз).

ӘРЕБИ кел. Арабиядан әкелинген туқымлық ат. Жок едим бар болдым кәмалға келдим, Минип әреби атлар дәўранлар сүрдим. (Әжинияз). Әреби, шийразы байларда болды, Сени кийип олар тойларда болды (И.Юсупов). Дүнья дәслеп маған көп уәде еткен, Әреби ат минип, дәўран сүрмекти (И.Юсупов). Алма көзли, әреби атлар астында, Мәрт ғошшақ жигитлер қарақалпақта (А.Муусаев). — Алма көз әреби ат қалур минишдән, Қуйрығы дөкилип, ялдын айрылса (Әжинияз). Әреби ат мин, темиртон кий, Мәрт болсаң туғры йайға тий (Бердақ).

ӘРЕМИ қ. Шырайлы, гөззал. — Мийуели қара көзлим, Әреми ярым кел бери («Ер Шора»).

ӘРЕҢ р. Зордан, топа-торыстан, мәжбүрлеп. — Мен склад урланды дегеннен-ақ, мениң ағам менен Гүлайдың ағасы урлаған болса керек дейжақ болып, өзимди әрең ирккенмен (Т.Қайыпбергенов).

ӘРЕПШЕ қ. арабша. Әрепше, латынша түрленип хатлар, Сәл үйретсе, бәрин билген газетсең (И.Юсупов).

ӘРЕСТЕ кел. Тазалықлы, таза, азада, дуўпияз, пәзенде. Әресте сымбатлы жети қат жайың, Биреудиң болмасын ешек төлеси (ққ.х.қ.).

ӘРИ к.с. Және, тағы, ҳәм, менен, биресе. Екинши ойы: «Қалсам, ауырдым десем: рухсат етеди ғой, бирақ Сапар кеширек келсе, әри жыйналыстан қалсам» дейди (К.Султанов). Әри отырман, бери отырман, келетуғын Қудыяр жоқ (М.Нызанов). Гүлайдың жасы меннен үлкен болмаса да, меннен әри ақыллы, әри шаққан ҳәм зийрек екен (Т.Қайыпбергенов). Ырастан да апам әри баладай, әри бала жанлы адам! (Т.Қайыпбергенов).

ӘРИ-БЕРИ р. Алай-булай, олай-булай, арман-берман, артқа-алға, илгери-кейин, тәуир-ақ, қалай болмасын. Жумабайдың алыста кетип баратырған карасын көзи шалып Қалийла әри-бери «қайт» деп сүренлеп еди, еситпеди ме, қулақ аспады ма, әйтеўир артына бурылып қарамады (К.Султанов). Әри-бери улып, топланып, шоғырланып, алыс емес жерде қараңлап көринип турған жемтикке бас салып, тумсықларын ыссы қанға батырыуға таяр турған қасқырлар кем-кем батылланып, көшке жақынлап-жақынлап киятырған еди (К.Каримов). Пансионат хожайыны өзине сатқынлық қылып атырған ишки дауысына ғәзепленип, әри-бери жүре баслады (К.Каримов).

ӘРҚАНЛЫ к.: ӘДЕПЛИ-ӘРҚАНЛЫ Үйгә мехман келсе, кеўил ашмаға, Әдепли-әрқанлы уғыл зат керек (Әжинияз). Әдеби-әрқандин хеш заты болмас, Қарсы ҳайбатланып турса керәкти (Әжинияз). Бул жәҳәнә түшмиш лапы, Әлпи, әдепли, әрқанлы (Әжинияз).

ӘРЛИ-БЕРЛИ р. Тез-тез, жылдам, асығыс, олай-булай, әйтеўир, бираз, тәўирақ. Бираздан соң арнаға келип, әрли-берли шешинип өзимизди сууға атыу менен болдық (Ә.Шамуратов).

ӘРМАН ат. 1. Максет, келешек, нийет, адам кеўлиндеги ислейжак иси. Бирақ, биреўиниң де басқа қаланы әрман еткенин еситкен емеспен (Т.Қайыпбергенов). Мен гейпара уақытлары Айзадаға усауды да әрман етип қоятуғын әдетти шығардым (Т.Қайыпбергенов). Қапашылықтан өкирип жыламау ушын, ақылын жойтып қоймау ушын Әбиутәлип әрман ете баслады, соннан алдамшы тынышлықты күтти (Ш.Айтматов). 2. Қайғы, ҳәсирет, бахытсызлық, кемтарлық. Мақтымкулы да Меңли қызды алалмай әрманда өткен (К.Султанов). ◊ Әрманда қалыў — өкиниу, қайғыға, уайымға қалыу. «Терген сайын көп терсем деп, Тергенлер де налып турғанда, «Жәулан урып бир көрмедим» деп, Термегенлер қалар әрманда (Т.Сейтжанов). аўыс. Бирақ, кишигирим бир конкурста Стадивари виолончелинде ойнаған, ол әлбетте Кэти еди, сары шашлы қыздан кейинги орынды ийелеп, бир неше жүз доллардың ийеси болғанда балалықтағы орынланбаған әрканына қолы жетти (К.Каримов). Джон өзин асықтай да булт жок ашық аспанда ушып жүрген, ҳәмме әрманларына қолы жеткен периште киби сезинди (К.Каримов). Мениң өмирлик әрманларымды жоққа шығарған, мени алдаған усы әсбап емес пе? (К.Каримов). Қолы жетпейтуғын әрканына айланған гөззал Зулейханың жанында, кол созым жерде турғаны, келиншектен тарқалған хош ийис басын айландырып жиберди (К.Каримов).

ӘРМАНЫУ-ШЕР — Атының басын тартты, Әрманыу-шерин молайтты («Қырқ қыз»).

ӘРМАН-ҮМИТ а. Якуббайдың әрман-үмитлери қолдан түсип кеткен шыны ыдыс киби шилпәрше болды (К.Каримов).

ӘРМАНЛЫ кел. Қайғылы, ҳәсиретли, кеўли ғамлы, қапалы. Тезирек жуўап бермесең, Мен әрманлы кетемен (Ж.Аймурзаев). Не әрманлы қызларды, Жок жеринен таптырды («Қырқ қыз»). Жүрегим жүз мың әрманда, Әрманлы жүрегим азар әйлеме («Юсип-Зилийха»).

ӘРМАНЛЫҚ ат. Қайғы-қапалық, кеўилсизлик. Қудық белинен көмилип, Түскен кесек басып белим, Әрманлықта қызлар өлип, Сол қуйыда қалған екен (Бердақ). Қайғыда болды бул басым, Әрманлықта өтти дәўран (Бердақ).

ӘРМАНСЫЗ кел. Қайғысыз, ҳәсиретсиз, әрманы, қайғысы, ҳәсирети, қапашылығы жоқ. ...Уатан анам тек билгеним сен жаным, Әрмансызбан төксем сен ушын қаным (Ә.Шамуратов). Бес күн мийман адам улы, Әрмансыз бир күни болмас (Бердақ). Бай болсаң, малың көп, болдың әрмансыз, Жарлы болсаң, исиң болды пәрмансыз (Бердақ). Ата, сеннен бир әрмансыз болайын, Бағыш етсең Саркоп деген атауды («Қырқ қыз»). Әрмансыз сүрди Сәлимжан, Бул Хиратта көп дәўран («Сәлимжан»).

ӘРМЕН этн. Армян миллети. Ямаса әуел бастағы, Жазыуы ма әрменниң? (И.Юсупов).

ӘРРЕ-ТӘРРЕ р. Әйтеўир, қалай болса солай, тәртипсиз, оңтайсыз, ербекей-сербекей. Ауылға жақынлаған сайын әрре-тәрреси шықты (Т.Қайыпбергенов). Төменине мәкан жайларын жазып, әрре-тәрре етип қол қойды (М.Нызанов). Ҳептегүл Арасан буның қалай болғанын түсиндирмекши еди, оның сөзлери әрре-тәрре болып шықты ҳәм хаган оны дәрхал тоқтатты (Ш.Айтматов).

ӘРУАҚ ат. Диний түсиниктеги өлген (кисилердиң) адамлардың руўхы. Молла көпликтен бе, я «әруағы» пәс пе, Қосыбайдың бул хийлеси де мал қурамады (К.Султанов). Өшпенли бай Қосыбайдың атын еситиуден ашыу әруағы қайта қурысып, иштеги кек жалыны бетине шарпып шықты (К.Султанов). Бақсыда, палуанда әруақ болады (М.Нызанов). — Анамның жетиси тарқады, әруақлары әдеўир тынышланған шығар (К.Каримов). Берекети қашады, Әруағы жаман ушады («Ер Шора»).

ӘРУАНА ат. 1. Бир өркешли, таза нәсилли, тықыр жүнли, сүтти молдан беретуғын, ыссыға, шөлге шыдамлы урғашы түйе. Ботасыз әруана — сорлы аналар, Кердери журтының тул ҳаяллары (И.Юсупов). Жетим қалған бота бозлап, Әруана көшегин излеп (Бердақ). Әруана сүтине жуўды, Дос-душпаны болған емес (Бердақ). 2. Сүтти молдан беретуғын малдың түри. Мөниреп киятырған, әруана сыйырлардың дауысы бийдиң басын азан-қазан етти... (К.Султанов). 3. Сақыйлық, молшылық, ағыл-тегил, тәбийғый байлық. Бийшара ишқысталықтан-ақ науқасқа шатылды ма деймен. Жақсы нашар еди. Шешеси әруана киси еди (К.Султанов). Гүллентип Елликтей ески сахраны, Ийип турған бир әруана халықсаң (И.Юсупов).

ӘРУАНАДАЙ кел. Әруанаға усаған, әруана сыяқлы. Тоғыз ай уақыт болып, толғақ тутқан апам балғасынан айырылған әруанадай бозлаған (Ж.Аймурзаев). Тыңлаўшының жан жүйеси сөгилгендей тигисинен, Алпыс еки тамыр қалды әруанадай ийип, саусап... (И.Юсупов).

ӘСБАП ат. Қурал-сайман, қурал-жарақ. Қыйын болмас еди, қурылыс материалы менен әсбап-сайманы жеткиликли болып турса (К.Султанов). Музыка әсбапларымыз кемис деп налып отырған балықшы жоқ (К.Султанов). Сөйтип изинен жуўырып жетип алмақшы болдым да, тағы кейниме қайтып, әсбапларды тезден жыйнастырдым да кабинаға секирип минип, машинаны гә алдыға, гә кейинге пәт пенен ынырандырып айдай басладым (Ш.Айтматов). Жүрек тарынан исленген әсбап тар ма деймен, Саздың ең нәфис ағласы өзбекте бар ма деймен (И.Юсупов). Кәпелимде ең жоқарғы нотаны шерте баслаған әсбаптың тары «тарс» етип үзилип, дауыс тынды (К.Каримов). — Ертең музыка әсбаплары дүканына барамыз, — деди анасы қайтып киятырып (К.Каримов). Бойынан бәлент келетуғын контрабастан тартып, мыс гернайлар, флейталар, тағы әлле қандай саз әсбаплары электр лампаларының жақтысында ҳәр қыйлы реңде тауланар, адамның ҳәуесин оятар еди (К.Каримов). Ак полаттан ак саўыт, Әсбабыңды беремен («Жәҳанша»).

ӘСЕЛ а. пал. — Пал ҳәрредей гүлден әсел жыйыңлар, Устазлықтың жолы енди қыйынлар (И.Юсупов). аўыс. — Журтқа — әсел, маған — өт калтасаң сен (И.Юсупов). Бозатаулы гүлбинәфша нәзелим, Әселиң ҳәррени гүлден бездирер (Әжинияз). Әсел қатқан сүжүк-сүжүк тиллериң, Жыланды жылжытып, иннен бездирер (Әжинияз).

ӘСЕМ кел. Сулыу, шырайлы, гөззал. — Күлди қыз: «Ағай сиз ақынсыз, билсем, Жамбылдан онға тарт... Дүкен бар әсем... (И.Юсупов).

ӘСЕР ат. Тәсир, салдар. Жигитлик әсери урып, ийин келген жерлеринде ақылынан адасты («Алпамыс»).

ӘСИ Қаттыға кетиу, Аллаға хәси болыу. — Өйтип кетпе, иним, онша әсиге, Бир тырнаққа зар боп жүргенлер де бар (И.Юсупов). Тилим ялған болып, болмағыл әси (А.Муусаев). Бул сөзиң, ата, әсидур, Мәзи кеўил намасыдур (Бердақ).

ӘСИЙ кел. Гүнакар, гүналы, айыплы. — Әсий боларсаң Аллаға, Теңгени жары алмаға, Ханың менен тең болмаға, Уяларсаң, Айдос баба (Бердақ). — Әсийлик қылып кудайға, Ғарры ат жарысып тайға (Бердақ). Жалған сөйлеп, әсий болмақ не хәжет, Хәрне, қазым, ырасыннан келе бер («Ҳүрлика-Ҳәмре»).

ӘСИЛИК ат. Менменлик, өзимшиллик, нарийзалық, қаттыға кеткенлик, аса кетиушилик. Кеулим ойлан әсилик етпе, Менменлик әйлеп сен наҳаққа кетпе (Бердақ). Хаққа әсилик әйлемеспен, Дәнекерсиз жүйлемеспен (Бердақ).

ӘСИР I ат. Тутқын, бенде, ерксиз. Әсир олуб, телмиришиб ҳәр сары, Йығлаб ат алдында түшти, Бозатау (Әжинияз). Ләйли, Зүлейхадай не гөззал жанан, Әсир болып қолға түшти, Бозатау (Әжинияз).

ӘСИР II ат. 100 жыл, дәўир, уақыт. Бул киятқан әсир пүткил әлемде, Жүгинер тек илим менен билимге (И.Юсупов). Өткен әсирдеги қарақалпақ халқының классик шайыры Бердақтың «Ақмақ патша» деген дәстанында да Гүлзар деген қыздың аты бар (Т.Қайыпбергенов). Әмиўдәрья менен Арал теңизи әсирлер бойы алтын балығы менен аты шығып киятыр (К.Султанов). Мине сонда, өзиниң уллы мақсетин ойлап, Шыңғысхан әсирлер бойы адам бенде еситпеген буйрықты иске асырыўға киристи (Ш.Айтматов). — Бизиң эрамыздан бурынғы IV әсир... (К.Каримов).

ӘСИРЕСЕ м.с. Дым, жүдә, оғада, сонлықтан да, айрықша, ҳәдден тыс. Халықтың, әсиресе шығыс ҳаял-қызларының аўҳалы жүдә аўыр болды (З.Насруллаева). Әсиресе ол гүлал тандырды әжайып етип дүзетер еди (М.Чимбергенов). Дүньяның төрт тәрепиниң ҳукимдары өзиниң қасында көп адамның болғанын кәлемес еди, әсиресе жүрис уақтында ол көбирек үнсизликти, алдына нәзер таслап, ислер ҳаққында ойлауды мақул көрер еди (Ш.Айтматов).

ӘСИРЛИК кел. Көп жыллық, 100 жыллық, мәңгилик, удайына. Таў басына тигилген болып мысал ақ шатыр. Бирине бири көмилген, Әсирлик аппақ қар жатыр (Т.Сейтжанов).

ӘСКЕР ат. 1. Ел қорғаўшы, нөкер, ләшкер. Хан әскерлери Ырза менен Төрениң жигитлерин «Таллық» дәрьясына қарай тықсырды (К.Султанов). Мына түркменлердиң үстинен Англия патшасының, қазақ даласының үстинен орыс патшасының әскерлери киятыр (К.Султанов). — Бизлер жақсы жәрдемлессек, әскерлер де аянбай урысады (К.Султанов). Әскерлер бекинип алыу ушын алдын ала қолайлап қойған жерлерге шегинип, қоныўға таярлыққа киристи (К.Каримов). Ол ҳешнәрседен қорықпай гилең өзиндей балаларды шөлкемлестирип, қызылларға қарсы урысып атырған әскерлердиң кейнинен оқ-дәри апарып береди екен (Т.Қайыпбергенов). Сахрадағы есап-сансыз әскерлер асықты (Ш.Айтматов). Ол әскерлер Едил тәрепке өзинше жүрис пенен келер еди (Ш.Айтматов). 2. Армия. — Бул әскерге бармаў, Ўатанды қорғаўдан бас тартыў ушын қашты (К.Султанов).

ӘСКЕРБАСЫ ат. Әскерлердиң басшысы, сәркардасы, командир, баслаўшы. Тири қалған әскербасылардың биразын босатып, орнына таза жасауылларды сәрдар етти (К.Султанов). ...Ол үлкелерди бағындырыўды Шыңғысханның өзи, оның әскербасылары, ҳәр бир атлы жаўынгерлер арман етер еди... (Ш.Айтматов).

ӘСКЕРИЙ кел. Әскерлерше, әскерше мазмунлы, әскерлик тәртип. Қасты-ғәрезим, дыққатым-қыялым жаңа келген ауырыўларда, әскерий майыплар болса көбирек соларға пәрмана боламан (Т.Қайыпбергенов). Сол дәўирде, еле жақын арадағы жарлылық ҳәм әскерий жыллардың ашлығы умытылмаған уақытта, мәмлекеттиң шет-шебирлеринде айрықша танырқаныў менен, рәҳәттен гелле айлана жазлап, жаңа қолайлы жағдай қабыл алынар еди (Ш.Айтматов). Буннан басқа да әскерий күшлер бар еди, бирақ олардың бул жерден қашықта екенлиги себепли олар көзге көринбес еди (Ш.Айтматов).

ӘСКЕРЛИК ат. Әскерлерше, әскерий, әскерлер қатары. Сонлықтан бул бойда әскерликтен қалған жас жигитлерден бир өзи (К.Султанов). Үш армия — ҳәр қайсысы он мың әскерлик үш түмен қанатларын кең жайып, алға қарай жылысты (Ш.Айтматов).

ӘСПЕК ат. Қәҳәт, қәдирли, кемтарыс, тартынқы, кезеклесин жер сууғарыў. Егини жаңа баслайын деп турған уақытта, суудан әспек қылып, жабының сағасын көмдирип, талайды ырысынан айырып, қан қақсатып кеткен усы Кудыяр (К.Султанов). Ал бирақ, әттең суу әспек! Суу... (К.Султанов). Бир сағадан суу ишиў — әспек деген гәп. Әспектниң не екенин дийқан жақсы биледи (К.Каримов). Суу келмеди атызларға, Әспек болды күши барға (Бердақ). Жерлеримиз болды аяк, Әспектни ашсақ жедик таяк (Бердақ). Арзыулар көзгүси сынған, Суулар әспек болып тынған (Әжинияз).

ӘССАЛАМ ат. Сау-саламат, сәлем бериў, аман-туўел мәнисинде. Әссалам, қазақтың астанасы, Келдим мен қуўанышым бастан асып... Қарақалпақ Әмиў бойын жайлаған, Малы мыңлап жылымларын майлаған (И.Юсупов). Арқаның Әуезовы, Муханы ма, Қазақша китап түссе дүканыма, Еле де баяғыша бас саламыз... Алма-Ата, аға журтым, Әссалам ал (И.Юсупов). Әссалам, аласар қус, дөң басында, Отырсаң көзди жумып дана кусап! (И.Юсупов).

ӘСТАПЫРАЛЛА Араб. астағфируллох — Алла өзин сақла, Алла өзин кешир, таң. Таңланыў, ҳүрейлениў, шоршыныў. Әстапыралла, аманлық болғайда (К.Султанов). — Әстапыралла, шайырлар да бәле екен, тәрийиплерин қоя бер сирә (К.Султанов). «Адам деген найсап, әстапыралла, Сезип жүр екен-ғой дүньямды мениң!» (И.Юсупов).

ӘСТЕ р. Ақырын, жай менен, бирден емес, әстен, жайпарахат. Ағыстың бағдары менен кеме әсте қалқып киятыр (К.Султанов). Ғарры орнынан әсте турды да, түйиншиклерин жыйнастырып жүрип, гүбирленип сөйлей берди (К.Султанов). Олар муз үсти менен әсте адым басып балықшылардың арасына келди (К.Султанов).

ӘСТЕЛИК кел. Әсте-ақырынлық, жайпарахат, бирден емес. Әстелик пенен ҳәр қыйлы режелер дүзе баслады (К.Каримов).

ӘСТЕ-АҚЫРЫН р. Әстелик пенeн, жай менен, әстен-әстен. Әсте-ақырын бәри бола береди (Т.Қайыпбергенов). Шыңғысхан күтпегенде аспанға нәзер таслады, бирақ өзи менен бирге әсте-ақырын жүзип киятырған кишкене ақ бултка ҳеш кандай итибар бермеди (Ш.Айтматов).

ӘСТЕ-ӘСТЕ р. Еплеп, абайлап, байқаслап, әстен-әстен, әсте-әстелеп. Ол усы уақытқа шекем ашылысып сырласпаған күйеўи менен әсте-әсте сыр шертисти (Ш.Сейтов).

ӘСТЕЛЕП хал.ф. Үй карасын көрген соң, Әстелеп Шубар жортады («Алпамыс»). Сәлимжанның басыны, Әстелеп ғана шайкады («Сәлимжан»).

ӘСТЕН қ. әсте. Тунжырап қалғып отырған бий көзин әстен ашып, қазыға сығалап карады (К.Султанов). Әсиресе, Нуржамал төркинин сағынса Әжиниязды алдына алып, ағасының қосықларын әстен ыңылдап айтып отырады (К.Султанов). Ҳәмме сес-семирсиз, ҳәтте нәпесин де әстен алып муғаллимди тыңлады (Т.Қайыпбергенов). Ешейинде әстен жылысатуғын қуяш бүгин күтә тезлик пенен түсликке де тас төбеге көтерилип, ҳәтте батысқа қарай аўып кетти (Т.Қайыпбергенов). Ол аяқларын ғаз-ғаз басып, пышықтай жылысып есиктен шықты да, күтә епшиллик пенен қапыны әстен ғана жапты (Т.Қайыпбергенов). Жол алыс, дала кең, ат үстинде ойланып баратырып, бир қосықты әстен ыңылдап кете берсе болады (Ш.Айтматов).

ӘСТЕНИРЕК р. Жайырақ, тынышырақ, тасырлата бермей, әстерек. Әстенирек бийкеш, қайнағалар еситип қояр (Изимбетов).

ӘСТЕРЕК қ. әстенирек. Әстерек қысагөр, достым Алпамыс, Қалған қабыртқалар керек өзиме («Алпамыс»).

ӘТЕШТАН ат. 1. Ошақтан қоз шығарыў ушын ошақтың аузына тиркеп ылайдан қоршалап қоятуғын айрықша орын, қара үйдиң ортасына ылайдан қоршалап исленген от жағыў орны. Оны әтештанның ернегине қойып, кесеу менен ошақтағы күлди аударыстырып еди, кештеги қоздың арасына тасланған жас тезек шала жана келген екен (К.Султанов). — Сәлийма шай ошақтың әтештанында жүресинен отырып Ажардың сууқ сорған ажарына қарап болдырған көз жанарына тигилип қарады: — Жеңге, азып кетипсең ғой! (К.Султанов). Сәлийма әтештанды айланып жүрип сөйледи — Ал енди баслық дайыма бир қәтере етегөр! (К.Султанов). 2. Аўыспалы мәниде шаңырақты аңлатады. Мениң әтештанға сыймай атырған балам жоқ (К.Султанов).

ӘТИР ат. 1. Хош ийисли суу, әтир суу, духи, одеколон. Нәзеримде ол бүгин ҳәр қашанғыдан да басқаша сыяқлы, шашларын өзгеше пардозлаған, беденинен айрықша жағымлы әтир ийиси аңқып турар еди (М.Нызанов). Микроб-сикроб жуғып жүрер деп, Үш мезгил әтир суу бүркти бетке де (И.Юсупов). Түңги самал әтир шашып арқадан, Ести желпип саз жанлады қайтадан (И.Юсупов). 2. Сән, шырай, форма. Үй ишиниң барлық жағынан әтири келисип қалыпты... (Б.Кербабаев). ◊ Әтирине келтириу — тәртиплеу, жыйнау, сәнин келтириу, ҳәмме нәрсени өз орнына қойыу. Пайтонды әбден әтирине келтирип сайбағыслады (Айбек).

ӘТИР ШӨП ат. Әтир сууı алынатуғын өсимлик түри. Шымбай базарынан Оренбургтан алып келинген темир ҳәм темир буйымлары, қытай жипеги менен ҳинд әтир шөплери, қытай шайы, Бухара хан атласы, Хийуа шапанлары, ахалтеке атлары, парсы ғашырлары, оқ дәри, набатлар, ҳалуалар, кулласы тутыныўға керек болатуғын буйымлар табылатуғын болды (К.Каримов).

ӘТИР ГҮЛ ат. Қазақ ели каналас халық дедик, Әтир гүлин Әмиудиң алып келдик (И.Юсупов).

ӘТИРАП ат. Дөгерек, төрт тәреп, айлана, жән-жақ. Еки муздың түйискен усы жеринен басқа әтирапта өткел жоқ еди (К.Султанов). Қыздай салланған ақ терекли ауылдың әтирапы алпыс түрли бағ (К.Султанов). Думан серпилип, түнниң бир қабат пердеси ашылғандай әтирап жақтыланды (К.Султанов). Гүмпейиниң жеңи менен жасын сүртип, әтирапқа бир қарады да, тағы түнерди (К.Султанов). Әтирапта самал менен тамырынан суўырылып кетиўге сәл қалып турған қаңбақлар, узағырақта шала куураған камыс қопалар көринеди (М.Нызанов). Әтирапта атка азық болғандай отын да жок (К.Каримов). Аш-арықтың балларын, Әтирапына топлады («Қырқ қыз»).

ӘТИЯЖ р. Муқым, пәкизе, қолайлы, жақсы, пукта, тәртипли. Тап усыманда да айдынның жағасындағы қурылықтан әтияжлап қос дүзетилген екен (К.Султанов). Мине, дым әтияж болды бул жериң (И.Юсупов).

ӘТКӨНШЕК ат. 1. Арқанды еки жаққа тарттырып, оның орта белине гезлеме материал салынып, еки жағынан ағаш керилип, ортасына (ишине) балаларды жатқарыуға қолайластырып исленген буйым. Ол баланы әткөншектен алып, ҳәулетип қол ушына көтерди (М.Нызанов). Анам саған байлап мениң әткөншегимди, Тербеткенде ырғалғансаң ҳайялап сен де (И.Юсупов). Ҳәйкел, өңирмоншағы жуўдырлаған қызлар шашбаўлары сыңғырлаған жеңгелерине қосылып, әткөншекке киятыр (К.Султанов). 2. Үлкен, бийик ағашларға ямаса төрт ағашты еки-екиден жерге көмип басын айкастырып, жоқарғы бетине кесесине ағаш таслап, оған арқан тағылып, қыз-жигитлердиң, адамлардың тебиўи (ушыўы) ушын қурылған зат. Айтта, тойда, әткөншекте, Жигитлер сүйкенсе саған, Ашыўланбай, күлип тек те, Қарап қояр едиң маған (И.Юсупов). Алпамыс уйқыдан турған, теректиң саясындағы әткөншекте жән-жаққа жаўтаңлап қарап жатырған екен (М.Нызанов). Төрт ҳәддине қаланың, Әткөншекти қурғызды («Қырқ қыз»). 3. Жас нәресте ушын темир ямаса ағаштан исленген тербетиў, шайқаў қуралы.

ӘТКӨНШЕКТЕЙ кел. Әткөншекке усаған, әткөншек сыяқлы. Ортаңызға келген соң, беккем байлап беллерди, Сайратып қызыл тиллерди, әткөншектей тербейин (Бердақ).

ӘТӨШКИР ат. Темирден исленген от көсеў, қоз қысып алатуғын, түби бир, ушы еки айры етип исленген үй буйымы. От басында жатқан әтөшкир, Күниме жарады сол жерде бир,.. (И. Юсупов).

ӘТТЕГЕНЕ т.с. Уақ-уақ, пай-пай, өкинишли. Инсаный зибаны болса тәбият, Айтар еди жаўыз әжелге сонда: «Уақ-уақ, әттегене! Қылыпсаң уят (И.Юсупов).

ӘТТЕҢ т.с. Уақ, әттегене, әрманлы, өкинишли, пәнт жеў, үмити пуш болыў, ғапылда калыў, аяныш сезимлерин билдириў. — Тезирек алым болып бар, иним! — деди Ерназар Әжинияздың келгенине кеўили питип, — әттең оқыўың үзиледи (К.Султанов). Елди бир үлкен кәруанның жетегине баслаған екен-дә, әттең әрманына жете алмай кеткен екен!.. (К.Султанов).

ӘТШӨК ат. Бәҳәрде келетуғын басында тажы бар, сырткы көриниси сулыў кус. Арашаға керек Қоблан, деп әтшөклар күлип кетти (И.Юсупов). Дийўалдағы саат — әтшөк, Үш шақырды хәпзаматта (И.Юсупов). «Гүл жүзине қонба» деп таңғы шық кейиў шаңға, Ийнеликлер үймелеп, әтшөклар шақырғанда (И.Юсупов). Мен келемен бурқасынлап әтшөк ғайындай, Сен асықпай китап оқып жатасаң үйде (И.Юсупов). Суу келмеди көк шыққанда, Әтшөк қуслар шақырғанда (Бердақ).

ӘЎДИЙИЎ ф. Ербекейлениў, тулғасы ири көриниў, оңайсызланыў. Еки қолына еки стакан услаған әудийген ҳаял Нуржамалға жүдә күлкили көринип кетти (М.Нызанов). Шықты Науменко дәўдей әудийип, Айымхан шақырған «нарым-нарымға» (И.Юсупов).

ӘЎЕЛ р. Ерте, бурын, дәслеп, әдеп, ең әдеп, биринши. Кебиу тахта әуели пысқып тутанды да, соңын ала шарпып жанды (К.Султанов). Аяғының ушынан басып, апыл-тапыл жүреги баладай жорғалап әуели жайдың есигине, оннан соң терезе тусына барды (К.Султанов). Атаўға әуел сыралғы сораўшылар келсе, соңынан қус, балық сатып алыўшы карыйдарлар жау болды (К.Султанов). Темир кисен менен темир шидер әуели аттың аяғын жаралайтуғын болса, екиншиден өзин қустай еркин сезетуғын шапқыр аттың ҳәрекетин шеклеп, нәзерин қайтарады, деп есаплады (К.Каримов). Атты әкелемиз бе әуел арбаға, яки алды менен арбаны атқа? ... (И.Юсупов). Әўелинде мақтап атқа мингизип, Аттан түсеринде инфаркт қылады (И.Юсупов). Инсанға тилениз әуел денсаўлық, Дүньяның тәшўиши инсанға бағлық (Әжинияз). Әуел берермен деп, соңыра бермеген, Мийнеткешке ҳақы төлеп көрмеген (Бердақ).

ӘЎЕЛ-АҚЫР р. Басланыўы ҳәм тамамланыўы, алды-арты, басы ҳәм соңы. Әуел-ақыр пейли бузық кимселер, Хажға барған менен мусылман болмас (И.Юсупов).

ӘЎЎЕЛ к. әуел. — Дүнья әўўел бир сум перийзат болып, Ышқы кийиклерин көп қуўалатты (И.Юсупов). Сөздин парқын билмәс надан, Әўўел адам ахыр хатам (Бердақ). Әўўел бабамыз Майкы бий, Аның углы Жайылған бий (Бердақ). Әўўәл Шахнийаз аталық, Йуртқа етди дәўлә ҳақлық (Бердақ).

ӘЎЕЛЕ р. Дәслеп, ең әдеп, басы. — Бизиң дөгерегимиздегилер өз бауырларын. Ҳеш ким «пышығыңа пыш» деп айтпас, әуеле қудай (К.Каримов). Ақшагүл шаққан нашар, әуеле қудай еки үйдиң аўқатын писириўден шаршамайды (М.Нызанов). Сен әуеле шайқатылдың тал шақасында, Мен өрмелеп барып сордым палыңды сениң (И.Юсупов). — Гүлай, Турдымурат, әуеле өзлериңиз тәртипли болыўды умытпаңлар! — деди Меңлимурат аға бизлер шығып баратырғанда (Т.Қайыпбергенов).

ӘЎЕЛГИ кел. — Бирақ, әуелги күнлери жатырқап жүрсе де, кем-кемнен көл тениздиң киршиксиз ҳаўасы бойын балқытып, ажары қулпырып сала берди (К.Султанов). Әуелги пәтте ол кисиниң гәпиниң мәнисине толық түсине қоймаған едим (Т.Қайыпбергенов). Әуелги қызды қалдырды, Тағы бир кисен салдырды (Бердақ). Әуелги көрген бабаның, Ҳал-аўҳалын сорады («Хатам-Тай»).

ӘЎЕЛ БАСТА р. Жағдайды аңғарған қарақшылар басшысы Ережепке түсиниксиз тилде қышқырған еди, басы ийнинде аман турғанлары қолларына илинген буйдалар менен жүўенлерди ылақтырып таслап, әуел баста қолланған әдисин қайталап, еки бөлинип, өзлери шығып келген жыралар тәрепке ат шаптырып кете берди (К.Каримов).

ӘЎЕЛ БАСТАН р. Бул нәрсе әуел бастан өзи болыўы керек еди (Ш.Айтматов). Әуел бастан бар еди, Яр қылғайман сени деп («Қырқ қыз»).

ӘЎЕЛҲА р. Дәслеп, биринши гезек, ең әдеп. Мәңги мухаббаттың қосығын тыңла: Ромео емес пе әуелҳа өлген? (И.Юсупов). Әуелҳа пайласып алды, Қырманшыға салық салды (Бердақ). Шар тәрепдин мехман келсе күтмәгә, Әуелҳа йигитке химмәт-хал керек (Әжинияз). дүньяға келди бәнижан, Елли мың жылдан соң пәний демишлер (Әжинияз). Қайда екен Елек хан, Әуелҳа соны табайық («Қырқ қыз»).

ӘЎЕРЕ р. Масқара, сарсаң-кесек, қолайсыз, жаман, бийжағдай, тынышсыз, ҳәлек. Ҳалың келмесе, я айнысаң, мени әуере етпе! (К.Султанов). Кеше кешқурын баспана ислей алмағанлар сексеўилден дәрҳал баспана ислеўге кириссе, кимдур шақмақ тасты алып, қурғақ шөп жыйнап, оның астына қумда өскен шөплердиң үпилдиригин қойып, шақмақ тасты бир-бирине урып от тутандырыў менен әуере, кеше кеште от жағып үлгергенлер ихтиятлылық пенен күлдиң астына көмип қойған қозды излестирмекте (К.Каримов). Басы себептей болған менен ақылдың кемислиги ме, я индеги күшиклердиң ийисин алып, өзлерин ныпқырт етсем деген өшпенлилик пе, кулласы ийеси Қайырдың хәмирине бойсынбаған Бөрибасар еле қасқыр ининиң аузында гә жер тырнап, гә ырылдап әуере болып атыр (К.Каримов). Аман қалған қатын-қалаш бир жерге жыйылып алып дад салып жылар, бирли-жарым қарт адамлар оларды жубата алмай әуере болмақта (К.Каримов). Алалмадым тартқан сыйын, Кимди әуере еттиң дәуран (Бердақ). Ол жаңағы гәплерден кейин Шазаданы баяғы шоқлығына алып келе алмай әуере еди (М.Нызанов). Қыйысықлар да болып тәбиз, Әуере болған күнлерим (Бердақ). Апаңа айтып қой, мурындық ата излеп әуере болмасын. Өзим боламан (М.Нызанов). Оны айтып төгип жүрме намыс-ар, Оны излеп хасла әуере болма («Қырқ қыз»).

ӘЎЕРЕ-САРСАҢ р. Тынышсыз, ҳәлек, қолайсыз. Бул ойлар оны әлле қашаннан берли қыйнап келген, шаруаға жайлы, булақлары менен суулы қудықлары мол Ақсууаттағы мәканнан ауылын алып, урыларша түн жамылып көшиўине, ҳәзиргидей жабайы дүзлерде өзин ҳәм қаналасларын әуере-сарсаң етиўге себепши болған еди (К.Каримов). Тоғайда адасқан жолаушы янлы, Әуере-сарсаңға бизди саласаң (И.Юсупов). Базда туйық көшелерге киргизип, Хәулиртип, әуере-сарсаң етер ол (И.Юсупов).

ӘЎЕС қ. хәуес.

ӘЎЕСЕК ат. Тансық, кәхәт, жақсы көретуғын нәрсе. Тазадан келип, еле жумыс әуесек болып атырғанға ма, Ақшагүлге бул гәплер онша тәсир етпейди (М.Нызанов). Жаңасы қызық, әуесек, Жаңа дос жақсы болар (И.Юсупов). Бир ақшам қорек етейин, Әуесек асым, боз қойым («Ер Шора»).

ӘЎИЛДЕЎ ф. Жас баланың адамларға қарап биринши хабарласыуы, күлиуи, шақырғанды аңлап жууап бериуи. Әуилдейди күледи қыз, Еригендей қыстағы жаз, Болғандай бәри әрмансыз, Уақыты хош болған екен (Бердақ).

ӘЎИП е.с. Иштен сеслеп дем шығарыў, кекириў. Ҳәр уақытта әуип деп кекирип те қояды... (К.Султанов).

ӘЎИРЕТ ат. Инсанның жынысы, тула-бойы, толық денеси, ҳаял адам. Рок-концерт әуиретин ашқандай, Тап жиллиханадан жаңа қашқандай (И.Юсупов).

ӘЎИТТЕЙ кел. Үлкен, ербекей, келисиксиз, сыйдам емес, оңатайсыз, жайсыз, нәҳән, дым үлкен. үлкен жайдың иши демниң арасында шылымның қара түтини менен ала бурқан болып пысқырып кетипти («Сәлем Октябрь»).

ӘЎКИЙИЎ ф. Оңатайсыз, қолайсыз, турпайы. Делбе кисидей абынып тентиреклеп жүрип киятырған Қәдир даўыс жетер жерде әукийип турған, үлкенлиги қашардай шубар түсли бир нәрсени көрди (К.Султанов).

ӘЎЛАД ат. Туқым-теберик, изде қалатуғын жаслар, келешек перзентлер, урпақлар. Усы қашқынды мысалға көрсетип, ендиги әуладларды патриот етип тәрбиялайық (К.Султанов). Таңжарбай ата-бабасынан берли қудық қазыў менен айланысып киятырған қудықшылар әуладынан еди (К.Каримов). Ҳәй сиз алыс әулад — бийтаныс урпақ! Дүньяға келесиз сиз қай уақ-бир уақ (И.Юсупов). Күшлери өркенлеп ҳәддинен асты, Мусылман әуладын саўлаты басты («Қырқ қыз»).

ӘЎЛИЙЕ ат. 1. Өлилерди жерлейтуғын, көметуғын жер, қүдиретли мәкан, орын, мазар, қәбир. Тек гөне әулийениң орны ғана алақандай ашық (К.Султанов). Әулийеге түнер болды, Теңиз ҳәм балық бермеди (Бердақ). Макентож плащты әулийеге қойған моллаға бериң (М.Нызанов). Жақын келди бай баба, Әулийениң қасына («Қырқ қыз»). 2. Дана, көзи ашық, кәраматлы, көреген. Ҳақтың шери улуғ пийрге душ болдың, Әулийа ғамхорым, балам келдиң му («Рамуз шах»). Алла таала жол берди, Әулийелер қол берди («Ер Шора»). — «Мийман атандай уллы», деген Қулшы бий, дәрья кешип, әулийе атлап, алыстан излеп келип отырсыз, сизден болсын, деп алдына қойылған шылапшынды ақырын ысырды (К.Каримов).

ӘЎЛИЙЕДЕЙ кел. Ҳүрметли, иззетли, көптин көрген, кәраматлы. Әулийедей қайнағамның атын айтып салыппан ғой, аңқау басым... (К.Султанов).

ӘЎЛИЙЕШИЛИК ат. Қойымшылық, мазаршылық, өлилерди көметуғын жер, қәбирстан.

ӘЎМЕСЕР ат. Ақылсыз, ақмақ, еси кирели-шығалы, еси жүдә дурыслы емес, аўмақай, әўмелек. Бул қызды Жолбарыс ханның әумесер баласына сатамыз (Т.Қайыпбергенов).

ӘЎМЕТ ат. Рет, пайыт, гезек, жолы болыў, бахыт, сийрек, бир уақыт. Дүз аңы болған қасқырдан бурын өз ийесин, оның мүлкин, бәринен бурын өзиниң бир тутам өмирин қорғаў ушын жанталасқан Бөрибасардың әумети келди (К.Каримов). — Тәңри жарылқасын, қуллық бий аға: «Аттың дәўлети шабады, әумети шабады» деп еситтим бир кекседен (К.Каримов). Илхамым яр болып, келсе әуметим, Бир тәрийиплер едим кәдди-кәўметин (И.Юсупов). ◊ асыу — талабы келисиў. Бәрше бақсыға султанды, Әумети асқан Муусаның (Бердақ). Байжанның және әумети шапты (М.Нызанов).

ӘЎМЕТСИЗ кел. Сол бир әуметсиз күн жылға татып зорға өтти (М.Нызанов). Усы ойлар қыялымнан кешер екен, Гүлшийраны сол әуметсиз нашар орнына қойып көрдим (М.Нызанов).

ӘЎМИЙИН ат. Пәтия етиў, тилекти жуўмақлаў пайытында айтылатуғын сөз. — Бақаўыллар «ал әумийин» деген пайытта мына сөктен бир-еки уўысын атқа асатып жибер (К.Каримов). — Әумийин, сапарың бийкәтер болсын, улым... (К.Каримов).

ӘЎПАРИН Қанаатланыўшылықты, заўықланғанлықты, тән бергенликти аңлатыўшы алғыс сөз; бәрекелла. Мың әупарин сениң мүриўбетиңе, Дәўран жорғаларын сүргиздиң бизге (И.Юсупов). Хайран қалды ели-журтың, «Әупарин деп, Қулен болыс (Бердақ). Аламан буны көреди, Әупарин қайыл қалады («Ер Шора»).

ӘЎПИЛДЕЎ ф. 1. Ийттиң үриўи, шабаланыўы. Жеттим-аў десем еплеп есик бетке, Әўпилдеп ала кетер кең балақтан (И.Юсупов). Мал қораға қарай шаналар бет алған уақытта ферманың күзетши ийтлери буларға қарсы әўпилдеп үрип тәп берип еди (К.Султанов). 2. Бийҳаяланыў, көтерилип сөйлеў, ҳәўлириў, миннетсинип бақырыў, урысыў. Әўпилдеп жуўырдың жараған нардай, Қобыздай қуўсыйды турпатың дардай (И.Юсупов). ауыс. Дәрьяға нәзер салса, қәҳәрли толқын «туңғыйық тереңге батырып жиберемен», — дегендей әўпилдеп жарға соғып, айбат етеди (К.Султанов).

ӘЎПИЛДЕК кел. — Тилиңе сақ бол, қаланың ғарғасындай, Аўылдың ийтиндей әўпилдек болма ... (И.Юсупов).

ӘЎСЕЛЕ ат. Уақыя, күтилмеген жерден шыққан жәнжел, урыс-керис, қайғы-ҳәсирет, ала-топалаң, тәбияттың әдеттен тыс көриниси. ◊ Ол бул әўселени көрип, жаны түршигип, қостарына қабырғасы қайысып, көзиниң жасы парлап кетти (К.Ирманов). ауыс. Тәжирийбеси, төрелиги. Атка «шуу» дегеннен басқасы жалған, Жасы үлкенлик әўселеси болмаса (И.Юсупов).

ӘФҒАН Қайғы-ҳәсирет, налыш, қыйыншылық көриў, азапланыў. Йолында зар әйлеген, әй, мисли әфғаным, оян (Әжинияз). Қоллағайсаң Қәдир Жаббар, Әфған еттим нешше сапар (Бердақ). Әй, кеўлим, әфған етерсең, Аллаға налыс етерсең (Бердақ).

ӘФРУЗ а. 1. Гүлдиң түри; 2. Нурлы, жақтыландырыўшы, сәуле шашыўшы. — Дийқана жер керек, туқымыў, хөккиз, Бүлбилә гүл керек, назбайыў-әфруз (Әжинияз).

ӘҲӘР ат. Мөре, ий, өр, күш. Жасыл дөнип, гия өнер, Жерге жыллы әҳәр келсе (С.Мәжитов).

ӘҲЛИ ат. Туқым-теберик, барлығы, жәми, ҳәмме, халқы бир жерде жасаўшы. Бир әдет бар жәҳәнда, Өнер әҳлин пәс тутар, Ақылы жетпес аўанлар, Оның менен бәс тутар (С.Мәжитов). Пәрийзат әҳлиниң кеўили хошгөҳи, Әсириң болайын, қайдан келерсең? («Ҳүрлика-Ҳәмире»). Адамзат әҳлинен биреў келипти, Мениң ақыл-қыялымды алыпты («Ҳүрлика-Ҳәмире»). Ықырар, әҳли-имам келди, Тилмашы ҳәм дийўан келди (Бердақ).

ӘҲЛИ СҮННӘТ ат. Барлық мусылманлар, ислам дининдегилер. — Әҳли сүннәт ҳәм мусулман, Худа бирдур, дийним ислам (Бердaқ).

ӘҲДИ-ПАЙМАН а. Тилек, әрман, ант, ой, үмит. Орынланбай қалды әҳди-пайманым, Уәделер ҳәм ялған болды, сәўдигим (Әжинияз).

ӘҲМИЙЕТ ат. Керек, дәркар, зәрүр, тәсир, кәжет, мүтәж. Тансықбаев еринбеди, жасаў орнына барып көриўди мақул тапты ҳәм бул бир қарағанда әпиўайы ис, жеткиликли дәрежеде алып барылса, ылайықлы әҳмийетке ийе мағлыўмат болатуғынына көзи жетти (Ш.Айтматов). Бир мәртебе әжел аўзынан қалған адамға есинен адасыў ямаса адаспаўдың қандай әҳмийети бар? (К.Каримов). — Оның әҳмийети жок! — қол силтеди дәруиш (К.Каримов).

ӘҲМИЙЕТЛИ кел. Керекли, зәрүрли, кәжетли, мүтәжли. Бектемирге арқа сүйеп, оған қандай да әҳмийетли бир сөзлерди айтыўды ойлар, оны айтыў ушын қолайлы пурсат күтип киятырғанда астындағы ат сүрнигип кетти, бирақ жығылмай тез арада өзин оңлап алды (К.Каримов). Әмир қыпшақлар бийине үлкен исеним билдирип, әҳмийетли жумысларды исенип тапсыратуғын дәрежеге жеткен (К.Каримов). Бәри әҳмийетли, кеўилдиң нақшы (И.Юсупов).

ӘҲТИМАЛ қ. итимал. — Әҳтимал түшсәң келип теңиз түбинде лайа сен (Әжинияз).

ӘШЕКЕЙ ат. 1. Нағыс 2. Сүтилмектиң гүли.

ӘШЕКЕЙЛЕУ ф. Нағыслаў, сулыўлаў, көркемлеў, безеў.

ӘШЕКЕЙЛИ кел. Нағысланған, безелген, сулыўланған, тамылжыған, көркемленген. Қарағым мениң жасында, Жасыл қалпақ басында. Әшекейли ақ отаў, Ағасының қасында (кк.х.к.).

ӘШИРЕПИ кел. Қәдирли, бахалы, сыйлы. — Нөкистен келген муғаллим жигитке кара, «арпа ишинде бир бийдай» болып, әширеписи шығып жүр (М.Нызанов). Ал, сөйтип қәстерлесек, тоямыз ба? Әширепилеп онша аямызда (И.Юсупов). Қолға алып қолма-қол, Әширепидей («Қырқ қыз»).

ӘШИРЕТ ат. Заўқы-сапа, ойын-күлки, шады-хоррам. — Сеннен айырылғалы әширет қылмадым, Азап шектим, кеше-күндиз ағладым («Юсип-Зилийха»). Айшы-әширет, заўқы-сапа, Жорғадан бетер шабысты («Қырқ қыз»).

ӘШИЯ ат. Нәрсе, буйым, затлар. — Гүлайым болғайсаң сәўерлик ярым, Жолында таланды әшия барым («Қырқ қыз»). Әшиямды тапсырдым, Шырағым, өз қолыңа («Қырқ қыз»).

ӘШКАРА: әшкара етиў ф. Масқара етиў, сырын паш етиў, күлки қылыў, мысқыл етиў; жәрия етиў, мәлим етиў. Соның арасында сумлау бир қарақшы оны үгитлеп «бизлерди әшкара қылмасаң тири жайсайсаң!» дейди де және пул береди (Т.Қайыпбергенов). Көпшилик алдында ортадағы мүнәсибетлериниң шийкилигин әшкара ете бериўден, онысыз да олардың ийтли-пышықлы болып жасап киятырғанлығы мәлим болып үлгерген еди (К.Каримов). Ҳақи әшкар, ҳақи пинхан (Бердақ). Әшкара еттиңиз сырды, басқа салмағай буны («Юсип-Зилийха»).

ӘШКАРАЛАЎ ф. Масқара етиў, жаман атын шығарыў, бет пердесин жыртыў. Усындай унамсыз қубылыслар әшкараланды (Г.Есемуратов). Ҳарам қоллы ҳарамының нешшесин, Әшкаралап жулды қара пердесин (И.Юсупов).

ӘЯ т.с. — Әя дослар, тардур заман, Бастағы бул күнлер жаман (Бердақ).
 
Б 1. Қарақалпақ әлипбесиндеги ҳәрип ҳәм сол ҳәриптиң жазылыў (графикалық) таңбасы. 2. Еки еринниң бир-бирине сәл жақынласыўының нәтийжесинде пайда болатуғын еринлик даўыссыз сес, фонема.

БА к.с. Сораў мәнисиндеги көмекши сөздиң фонетикалық вариантларының бири. Ўәлейкум әссалам, аман жатып турдың ба, иним? (А.Бекимбетов). Растан ба қәне әкел, балам, жүгир-жүгир (А.Бекимбетов).

БАБА ат. 1. Ата-баба, әкениң әкеси, түпки, тийкарғы ата. Егер де сизлер ондай естеликти орнатсаңыз, бабаларымыз сизлерге ырза болады (А.Бекимбетов). Ол ўақыттың келинлери атасын баба дер еди, анасын мама дер еди («Қоблан»). 2. Халықтың, миллеттиң шығысы, төркини. Түрк тиллес халықлар XIV әсирде ҳәзирги қарақалпақлардың бабасы деп аталып жүрген Ноғай әмири тәрепинен Ноғайлы деп аталған бир ордаға бириктирилди (К.Мәмбетов). 3. Көпти көрген, жасы барған, үлкейген, қартайған, ғарры. Көп жасаған бабамсаң, көпти көрген адамсаң, Алдыңызда жырлайын, Жалғызыңның тилин ал («Алпамыс»). Сондай сықмар мүжик еди-аў, Бир гезде мениң байғус бабам (И.Юсупов). Ҳа, баба, сен бир тырнақтың дағынан халық еткенге көп жылап өттиң («Мәспатша»). 4. Ең қәдирли, жүдә ҳүрметли. Бабам сөйтип беккем услап қуралды. Святославтың алтын сөзин тыңлаған (И.Юсупов). $\lozenge$ Дийқан баба — егин егиўге шебер, дийқаншылықтың маманы. Дийқан баба нәпеси бар жеринде (Қарақалпақстан гимнинен). Зәнги баба — қара малдың пири. Түп баба — ең тийкарғы шығысы. Түп бабаңыз Нағадайды, Надан не билсин бундайды (Бердак). Қусхананың алды бөлек тасқырман, Мәгер түп бабаңыз салған Есетсең (С.Нурымбетов).

БАБАЙ ат. Жасы барған ақсақал кисини ҳүрметлегенде, қәдирлегенде, сыйлағанда айтылып, ғарры мәнисинде қолланылады. ... үйге бир бабай келди, — деп жуўырды бала (Газетадан).

БАБАСЫР ат. мед. Туўры ишектиң ҳәм артқы шығарыў жолы веналарының кеңейиўи ҳәм де түйинлердиң келип шығыўы нәтийжесинде пайда болатуғын кеселлик.

БАБЫ р. Күтим, жақсы, пәкизе, кеўлиндегидей. «Еле отқа қыздырылып бабына келтирилмеген»... (М. Чимбергенов). Бабын табыў — күтимин табыў, жақсылап күтиў, қараў. Айтқанындай, Кәлийла кемпир-ғаррылардың бабын тапты (К. Султанов). Бурын хожалығындағы жалғыз сыйырымыздың бабын табыў күшмийтек еди (К. Султанов). Дүзде аттың бабын тапсаң, Ол өзиңе қанат болар (Қ. Ерманов). Бабын таппаў — күтимин таба алмаў, күтимин жақсылап бере алмаў, жарай алмаў, қарамаў, жақсылап кеўлиндегидей күте алмаў. Бул өмирим ишинде қанша жарамсақлансам да сениң бабыңды таппадым, ... (қ.х.е.) Салақ шеше бүлер мудам, Баласының бабын таппай (И. Юсупов).

БАБЫНДА р. Жақсылап, пәкизелеп. Салқын менен суў берилди бабында, Жадырасып кетти мәкке жапырағы (Т. Сейтжанов). Хызмет, жумыс бабында — ис үстинде, ис ўақтында. Муратбаевтың хызмет бабында минетуғын машинасы бола турса да түрли жоллар менен бир атты алмастырып атақлы жүрмелин алдырып... (Қ. Айымбетов). Мен оған жумыс бабында хат-хабар бере алмадым («Әмиўдәрья» ж.).

БАГАЖ ат. (фр. bagage < bagues — жолға алынған буйымлар) 1. Жолаўшының поезд, пароход, самолёт ҳәм т.б. арқалы жөнетиў ушын таярлап қойған жүги. Қол багажы. Багажды тапсырыў. Багажды алыў... жигит қолындағы багажды да алып ишке кирди (Қ. Айымбетов). 2. Жол транспортының жолаўшылар жүги жайластырылатуғын жайы, бөлмеси. Мектеп-интернатымыздың асханасына еки автомашинаның багажы толы мийўе өнимлери түсириле баслады (газетадан). 3. аўыс. Билим дәрежеси.

БАБАЙ ат. Жасы барған ақсақал кисини ҳүрметлегенде, қәдирлегенде, сыйлағанда айтылып, ғарры мәнисинде қолланылады. ... үйге бир бабай келди, — деп жуўырды бала (Газетадан).

БАБАСЫР ат. мед. Туўры ишектиң ҳәм артқы шығарыў жолы веналарының кеңейиўи ҳәм де түйинлердиң келип шығыўы нәтийжесинде пайда болатуғын кеселлик.

БАБЫ р. Күтим, жақсы, пәкизе, кеўлиндегидей. «Еле отқа қыздырылып бабына келтирилмеген»... (М.Чимбергенов). Бабын табыў — күтимин табыў, жақсылап күтиў, қараў. Айтқанындай, Кәлийла кемпир-ғаррылардың бабын тапты (К.Султанов). Бурын хожалығындағы жалғыз сыйырымыздың бабын табыў күшмийтек еди (К.Султанов). Дүзде аттың бабын тапсаң, Ол өзиңе қанат болар (Қ.Ерманов). Бабын таппаў — күтимин таба алмаў, күтимин жақсылап бере алмаў, жарай алмаў, қарамаў, жақсылап кеўлиндегидей күте алмаў. Бул өмирим ишинде қанша жарамсақлансам да сениң бабыңды таппадым, ... (қ.х.е.) Салақ шеше бүлер мудам, Баласының бабын таппай (И.Юсупов).

БАБЫНДА р. Жақсылап, пәкизелеп. Салқын менен суў берилди бабында, Жадырасып кетти мәкке жапырағы (Т.Сейтжанов). Хызмет, жумыс бабында — ис үстинде, ис ўақтында. Муратбаевтың хызмет бабында минетуғын машинасы бола турса да түрли жоллар менен бир атты алмастырып атақлы жүрмелин алдырып... (Қ.Айымбетов). Мен оған жумыс бабында хат-хабар бере алмадым («Әмиўдәрья» ж.).

БАГАЖ ат. (фр. bagage < bagues — жолға алынған буйымлар) 1. Жолаўшының поезд, пароход, самолёт ҳәм т.б. арқалы жөнетиў ушын таярлап қойған жүги. Қол багажы. Багажды тапсырыў. Багажды алыў... жигит қолындағы багажды да алып ишке кирди (Қ.Айымбетов). 2. Жол транспортының жолаўшылар жүги жайластырылатуғын жайы, бөлмеси. Мектеп-интернатымыздың асханасына еки автомашинаның багажы толы мийўе өнимлери түсириле баслады (газетадан). 3. аўыс. Билим дәрежеси.

БАГАЖНИК ат. (русша — «багаж жайы» мәнисин аңлатады). Жол транспорты (самолёт, автомобиль, мотоцикл, велосипед) ның жүк тийелетуғын арнаўлы орны. Багажникти ашыў. Багажникти бекитиў. Шофёр оған артқы багажниктен туристлик қалташасын әперди (М.Нызанов). Багажниктеги затларды алың, — деди жигит (газетадан).

БАГОР ат. Үкиден балықты илип алыўға қолайластырылған узын саплы темир қармақ. Әстен багор менен қайыққа салған ўағында бир туўлап қуйрығы менен ескекши баланы урған ўағында бала ушып кетермекен деп едим (А.Бегимов).

БАҒ I ат. 1. Жүзим ҳәм басқа да түрли мийўе ағашлары өсип турған мийўезарлық жер. Арабша «бағ» сөзи жәннет дегенди аңлатады екен (газетадан). Бағда пискен мийўе, жайлаў толы мал, Сары сазан ойнап шалқыған Арал (И.Юсупов). Алма бағы. Бағ дөретиў, бағ орнатыў — мийўе тереклер отырғызып бағ пайда етиў. Бағ орнатыўдың ең қолайлы мүддетлери март-апрель айлары болып есапланады (газетадан). Шегиндирип шөлистанды, Канал қазып, бағ дөреттик, Халқымыздың келгенинше бағ егип, Жоңышқаны, көк егисти тағы егип (Т.Сейтжанов). 2. аўыс. Молшылық, абаданшылық. 3. Мәдений дем алыў, дем алыў ушын арнаўлы қурылған бағ, парк. Ҳайўанатлар бағы — Халыққа тамаша көрсетиў ушын ҳәр қыйлы жаныўарлар бағылатуғын жер. жәннет бағы.

БАҒ II ф. дин. бағын байлаў ф. Бахтына иркиниш жасаў. Байлама мениң бағымды. Ол айтқаның керек емес (Омар).

БАҒАН қ. бақан.


БАҒАНА I р. Хәзирги ўақыттан бурын, жақын арада өткен ўақыт. Бағана не деди ол? (Ө.Хожаниязов). Бағана сен «бир қатар адамларды кабинетке шақырып бақырдым» дедиң-аў (Ө.Айжанов). Бағана-ақ: — Сен екениңди бағана-ақ сезип едим (К.Султанов). Бағанағы: — Лийкин, биз баланың соқпағын қанша нусқап отырсақ та, бағанағы айтқанындай, тәғдирде әзелден маңлайына не жазса, соған бармай қоймайды (К.Султанов). Бағанағыдан бери: Әжинияз бағанағыдан бери Ҳажының сөз мийзамынан баяғы Ырысқулға әкелип берген хаттағы жумбақ сөзлерге енди түсинип, иштен: «сонда қай улттан болғаны?» деп дағдырып отыр еди (К. Султанов). Бағанағыдан берли: Бағанағыдан берли уўайым толқынының бәри тынды, бәри басылды (К. Султанов).

БАҒАНА II ат. 1. Электр сымларын, сондай-ақ басқа да нәрселерди көтерип турыўшы ағаштан ямаса бетоннан арнаўлы исленген зат. Гүрилдеген трактор. Телеграфтың бағаналары (Н. Дәўқараев). ... аўылларымызға бағдарлама бойынша заманагөй трансформаторлар қурылып, бетон бағаналар орнатылып, кабель линияларының тартылыўы халықты үзликсиз электр энергиясы менен тәмийинлеўге қосентин тийгизип атыр (газетадан). 2. Адам ҳәм жанлы-жаныўарлардың арқасының ортасында омыртқа сүйеклерин бириктирип турған ийилиўшең ағзасы. Кем ҳәрекет адамлардың омыртқа бағанасының ҳәм сүйеклердиң кеселликлери жийи ушырасады (газетаdan).

БАҒАТ ат. Жайлаў, меншиклеп алынған жер, өрис жер, биреўдиң қараўындағы, бақлаўлы жер, жайлаў ушын қолайлы бир бөлек жер, бул бурын ески аўызеки сөйлеў тилинде қолланылып, ҳәзир гөнерип, дәстанларда ғана қолланылады. Жазлаўға үйим қондырсам, Қосыққа малым, жайдырсам, Өзимниң қойған бағатым. Жети атадан бермаған, Суў жиберген көлатым, Бунда ханның неси бар («Қоблан»).

БАҒ-БАҒША ат. Ҳәр түрли мийўе ағашлары менен ҳәр қыйлы гүллер өсирилетуғын жер, орын. Ол бәрқулла үйимиздиң алдындағы кишкентай бағ-бағшалардың ишине кирип, гүллерге, мийўе ағашларына қонып ушып жүрген, ҳәр түрли гүбелеклердиң қызықлы ҳәрекетине қарап жүдә мәс болып, кеўлин көтерип оларға ҳеш қандай азар бермей ойнайтуғын еди (А. Бекимбетов), Ортаншы баласы бағ-бағшаны кәлеп алыпты (қ.х.е.).

БАҒ-БАҒШАЛЫ кел. 1. Бағ-бағшасы мол жер, бағлы, бағшалы. Бурынғы өткен заманда ҳәўли-ҳәрем, бағ-бағшалы, төрт түлиги сай бир бай болыпты (қ.х.е.). 2. Бағ-бағшаға ийе болған. Жақында Иранға барып, бағ-бағшалы болатуғынын айтып мақтанды (Ш. Сейтов).

БАҒДАР ат. 1. Бир тәрепке қарай бағыт алыўы ҳәм де жүретуғын жолдың бағдары, тәреп, тус. Артық аға менен Атамурат көлден шығыўдан-ақ «Жиллиниң тоғайына» туўры бағдар алды (Т. Қайыпбергенов). «ГАЗ-69» маркалы жеңил машина зуўлап қаладан тикке күнбатыс тәрепке қарай бағдар алған үлкен жолға шықты (А. Бекимбетов). Қозы патшадан мәўлет алып, қасқыр менен бирге белгисиз қыздың елине қарай көрингеннен жолдың бағдарын сорап кете береди (қ.х.е.). 2. Жумыстың, ис-ҳәрекеттиң жөн-жосығы, ҳәр қыйлы ислердиң бағдары. Сен заманның бағдарын байқайсаң ғой (К. Султанов). Усы бағдарда драматург, пьесаның ҳәзирги аўҳалында тек басланғыш адым атлай алған (Г. Есемуратов). Нағыз азамат, патриот адам бизге үлкен жәрдем көрсетип ўақыяның түп-тамырынан анықлаўға белгисиз, қупыя сырларды жазып бағдар көрсеткен (А. Бекимбетов).

БАҒДАРЛАМА ат. Жол-жоба, көрсетпе, тәртип, қағыйда. 1. Белгили бир мақсет, ис-ҳәрекет яки илажлардың алдын-ала белгиленип шығылған ис жобасы, оны әмелге асырыў тәртиби, қағыйдасы; программа. Саламат әўлад бағдарламасы. Мәмлекетлик тилди әмелге асырыў бағдарламасы. Азық-аўқат бағдарламасы. Мәмлекетимиз басшысының басламасы менен «Абат аўыл» ҳәм «Абат мәҳәлле» бағдарламалары қабыл етилип, халықтың турмысын түп-тийкарынан жақсылаўға қаратылған дөретиўшилик ҳәм абаданластырыў жумыслары басланды (газетадан). ... институттың Ҳаял-қызлар комитети басланғыш шөлкеми тәрепинен «Саламат ана ҳәм бала жылы» мәмлекетлик бағдарламасы тийкарында «Баланың жаты болмас» атамасындағы қайыр-сақаўат акциясы ҳәм миллий липаслар таңлаўы болып өтти (газетадан). Азық-аўқат бағдарламасын орынлаў, халықты азық-аўқат өнимлери менен тәмийинлеўди әдеўир жақсылаў бойынша кешиктирилмейтуғын ўазыйпаны шешиў дән жетистириўге оғада үлкен дәрежеде байланыслы (газетадан). 2. Қолланба сыпатында әмел етиў. Оқыў бағдарламасы. 3. Орынланатуғын илажлар тәртиби, дизими. Конференция бағдарламасы. 4. Телевидение ҳәм радиода көрсетиўлер ҳәм еситтириўлер бағдарламасы. 5. Концерт бағдарламасы. Кафедраның зийрек жаслары тәрепинен концерт бағдарламасын тамашалап, нураный устазлардың кеўил-кейпияты көтерилди (газетадан).

БАҒДАРЛАНЫЎ ф. Бет алыў, жол-жоба алыў. Жоқарыдан бағдарланған төменги мийнеткешлер массасы тәрепинен қуўатланған,... (Г.Есемуратов). Жүдә жақсы дурыс бағдарланғансыз (А.Бекимбетов).

БАҒДАРЛАЎ ф. Жағдайды абайлаў, ис-ҳәрекеттиң шамасын билиў, ыңғайын байқаў. Ҳүжимди банкирдиң мәпиниң гитлер менен бир екенлигин ашып таслаўға бағдарлайды (Г.Есемуратов). Сөйтип, немислердиң бағдарлап киятырған жерине бизлер бурын ҳийле жасап, өзлерин бапладық (Ө.Хожаниязов).

БАҒДАРЛАЎШЫ ат. Ис-ҳәрекетти, қандай да бир жумысты бағдарлап басқарыўшы адам. Бул жағдай барлық нәрселердиң жағдайларын билиўши, бағдарлаўшы еди (Қ.Айымбетов).

БАҒДАРСЫЗ кел. Бағдарды билмеў, өзинше кетиўшилик.

БАҒ-ДӘЎЛЕТ ат. Бахыт, байлық, дәўлет, несийбе, материаллық ийгилик. Куданың берген бағ-дәўлети бар, пүткил дүньяны жаныңа сарп етемен,... (қ.х.е.). Ол жаңа туўылған баланың илиўине көйлек әкелип, балаға узақ өмир ҳәм бағ-дәўлет, Сараға саў-саламатлық тилеп шығып кетти (С.Айний). Дәўкемпир мәрт кемпир жесир тул еди, Бағ-дәўлети алдындағы улы еди (К.Султанов).

БАҒЛЫ кел. I. Ҳәр түрли мийўе ағашлары менен гүллери көп. — Шофёр оңға бур, анаў көринген бағлы жай, — деди Султан (А.Бекимбетов). Көз алдында Днепрдиң бойлары, Көз алдында Украина даласы, Ҳеш ўақытта шығар емес ядымнан, гүли бағлы сулыў Киев қаласы (Ж.Аймурзаев). Әмиў бойындағы бағлы гүлзарын, Даңқлы кыял жүрегиме йош салдың, Бахты бәлент екен сен сүйген ярдың, Мәңги нур жайнасын бахыт шырағың (Т.Сейтжанов). Дарағың кесилди бағлы мийўели бир, Шер өлген соң жетер каяққа ҳалы (Өтеш). 2. Биреўге бағынышлы, ғәрезли, қараслы. Бердақ айтар дағлы екенин, Залымларға бағлы екенин, Бир көзиниң ақлы екенин, Гәрип қәсерге пана бер (Бердақ). 3. Бағы бар. Бул жерде байдың бағы бар еди (қ.х.е.).

БАҒМАН ат. 1. Бағда тәрбиялаўшы, мийўе ағашларының өсиўине, писиўине қарайтуғын адам. Бурын кәсип дегендей кәсип болды ма, ҳәзир колхозда бағманман (Н.Дәўқараев). Жазлар болса бағман терер мийўени, Тәўип табар бул дәртинә даўаны («Қырқ қыз»). ... хожалық буйымлары дүканынан бағманларға арналған дәрилерди сатып алып, сонда көрсетилген қәделер менен жумыс ислеў керек (газетадан). 2. аўыс. Өмирде, турмыста «устаз» мәнисинде қолланылады. О әдиўли муғаллимим, устазым, Балалық өмиримниң болдың бағманы (И.Юсупов). Алдыңда отырған мына адам оған жаңа өмир есигиниң бағманы сыяклы болып сезилди, өзи бир бағқа кирип, ал отағасы сол бағдың тәрбияшысы сыпатында сезилип тур (Ө.Айжанов). «Устаз — өмир бағманы» деген халқымызда даналық сөз бар (газетадан).

БАҒМАНЛЫҚ ат. 1. Ҳәр түрли мийўе ағашларының өсип турған жери, орны. Усы жол менен кете берсеңиз бағманлыққа барасыз (газетадан). 2. Бағманлық бойынша (ҳаққында) кәсип. Аўыл хожалық техникумының бағманлық бөлимин питкерген (Ж.Аймурзаев). — Ата, бағманлықты қайдан үйрендиңиз? (Н.Дәўқараев).

БАҒМАНШЫЛЫҚ ат. Мийўе ағашларын ҳәм гүллерди тәрбиялаўшы маман, кәсип ийеси. Мениң кәрим дийқаншылық ҳәм бағманшылық (А.Бекимбетов).

БАҒ-ШАРБАҚ ат. Ҳәр қыйлы гүл, жемис, мийўе ағашлары өсетуғын орын. Үйиниң дөгереги бағ-шарбақ болып жетисти,... (газетадан).

БАҒ-ШАРБАҚЛЫ кел. Бағ-шарбағы көп. ... колхоз қурғынласып бағ-шарбақлы болып кетти (газетадан).

БАҒШЫЛЫҚ кел. Ҳәр түрли гүлләр, мийўе ағашлары өсип турған орын. ... бағшылықты раўажландырыўда қосымша жаңа жумыс орынларын жаратыў имканиятын береди (газетадан). — Иним, сизиң жақлар толық бағшылық болып кетти-аў деймен-ә? (М.Нызанов).

БАҒЫ-БОСТАН ат. 1. Бағ егилген кеңислик жерлер. Бир бағы-бостанның үстине шықты («Мәспатша»). Жолаўшы кәрўан ол журттан бул журттан киятырып түсип, қонып өтетуғын мәканлы жери бағы-бостан сарҳаўыз бар еди («Алпамыс»). 2. Өмирдиң, тиришиликтиң, турмыстың жақсыланыўы, гүллениўи. Күн-күнге айландың бағы-бостанға, Толық жазсам сыймас еди дәстанға (Д.Қасымов). Бағы-бостан нур қуяшта, Жеңис таптың Ўатан халқы, Дәўлетли бағымның бағы-бостаны (С.Нурымбетов).

БАҒЫЛЫЎ ф. Жанлы-жаныўарлардың тәрбияланыўы, қаралыўы, күтилиўи. Қайып көлде бағылып жүрген көп маллардың пахта атызларына түспеўин қадағаладық (А.Бекимбетов). Сыыйыр жақсы бағылып жақсы күтилгенликтен тез күнниң ишинде-ақ ойдағыдай болып оңалып кетти (Ж.Сейтназаров). «Қыста от-шөп болмаса, сондай-ақ, — деп Зийбагүл блокнотына, — өристе жаман бағылса, отсыз жерге жайылса, сыйырдан сүт алыўдың продукциясы кемийди (Ө.Айжанов).

БАҒЫНБАЎ ф. Бойсынбаў, бас иймеў, қараслы болмаў, мойынсынбаў. Бирақ, қуўанышын усы сапары да жасырғысы келип еди, ҳәрекети өзине бағынбай қалды (Т.Қайыпбергенов). Мен сениң балаң емеспен, мен бул патшалықтың қараўына бағынбайман (қ.х.е.).

БАҒЫНДЫРЫЎ ф. Бас ийдириў, қараслы етиў, қорқытыў, бойсындырыў. Әжинияз өз заманындағы ҳаял-қызлар теңсизлигин қаралай да алмайды, қайта ҳаялды ерине тилсиз бағындырыў керек дейди (К.Султанов).


БАҒЫНДЫРЫЎШЫ ат. Бас ийдириўши, қараслы етиўши, қорқытып алыўшы, бойсындырыўшы. Тың жерлерди бағындырыўшылардың алдында тәжим етип турғандай, салы асын көтере алмай ийилип қалды (газетадан). ...адамның тәбиятты бағындырыўшы күши өседи (Г.Есемуратов).

БАҒЫНЫҢҚЫ кел. 1. Қаралы, ғәрезли, бағынышлы. 2. грамм. Сөз бенен сөздиң, гәп пенен гәптиң бир-бирине мәнилик жақтан бағыныўы. Бағыныңқы гәп, бағыныңқы қоспа гәп. Мысалдағы дәслепки үш бағыныңқы гәп бас гәпке ҳәр қайсысы тиккелей тең байланысқан (Ҳәзирги қарақалпақ тили. Синтаксис). Избе-из бағыныңқылы қоспа гәплердеги бағыныңқы гәплер дәслеп өз ара мәнилик ҳәм грамматикалық жақтан байланыста болып, контекстте турақлы орынға ие болады (Ҳәзирги қарақалпақ тили. Синтаксис).

БАҒЫНЫЎ ф. Биреўдиң қараўында болыў, қараслы болыў, ыңғайына көниў, бойсыныў. Демек Алма да, учар гилем де илимге бағынады екен (қ.х.е.). Муҳаббат! Хәмириңе бағынарман, Тутансаң, шақмақ болып шағыларман (И.Юсупов).

БАҒЫНЫЎШЫ ат. Бас ийиўши, қараслы болыўшы. ...қуллық етип бағыныўшылар ғой, — деп түсинди (Т.Нәжимов).

БАҒЫНЫШЛЫ кел. Ғәрезли, қараслы.

БАҒЫНЫШЛЫЛЫҚ ат. Бағыныўшылық, ғәрезлилик, қараслы болыўшылық.

БАҒЫП-ҚАРАЎ ф. қ. бағыў.

БАҒЫР ат. Баўыр сөзиниң көркем шығармаларда қолланылыўы. Дүньяда әрмансыз меҳриң қанады, Тениң тийсе бағрың оттай жанады («Алпамыс»). Қумар ана жаўдың бағырын сөткен жер (Г.Нурлепесова).

БАҒЫСЫЎ ф. 1. Аңлысыў, бақлаў, сынаў. Үйдегилер бирин-бири бағысып, бираз тымсырайып отырды (К.Султанов). 2. Жәрдемлесиў, көмеклесиў, қарасыў. ...мен де малларды бағыстым оған (Қ.Айымбетов). 3. Қараў, нәзер салыў. Топарласқан жәмәәт сап дизилисип турды да, қолларын әлип ләм алысып уламалар киятырған тәрепке бағысып турды (Қ.Мәтмуратов).

БАҒЫТ ат. 1. Бағдар, бет алыс, бет алған жақ. Шериплер де жүрип киятырған бағытына қарай жол алды (К. Султанов). Шамал өзгерген сайын, әлбетте муз да өз бағытын өзгертип шамалдың ығына қарай ыға берди (М. Абдиреймов). 2. Алған бағдар, услаған жол, усыл. Ширкинлердиң бағыты бар ма, ким биледи, бирақ тезирек бир илажын қылың деди қыстанып жүрген Хүрзия (Әд. хрес.). ... сюжетлик бағытында көп ғана айырмашылықлар бар («Мәспатша»). Қаралаўшының бағыты қандай көринеди (К. Әўезов). 3. Ағым, бағдар, идеялық ағым. Филологиялық бағыты менен тығыз байланыслы (С. Камалов).

БАҒЫТЛАЎ ф. 1. Бир жаңа бет алыў, бағдар алыў. Атлылардың бет алды тоғайға қарай бағытлап жүре берди (Қ. Аралбаев). 2. Бағыт көрсетиў, жол көрсетиў, бир жолға силтеў, бағыт бериў, жолға салыў. Адасқан жолаўшыларды дүзиў жолға бағытлап силтеп жиберди (Қ. Ирманов).

БАҒЫТЛАЎШЫ ат. Бағыт бериўши, бир жаңа бет алдырыўшы.

БАҒЫЎ ф. 1. Жанлы-жаныўарларды күтиў, қараў. Қойшылық қандай кеўилли, жаныўарларды бағаман (Д. Қасымов). Күни менен байдың ылақларын, қозысын бағып, кеште шығарып айдап, аўыр мийнет етип жүрип, оқыдым (А. Бегимов). Мамыттың әкеси Дәўлет оны Қуўанышжарманың бойындағы халықтың қой-ешкисин мийнет ҳақы алып бағыўға берди (Т. Нәжимов). 2. Тәрбиялап өсириў, асыраў, сақлаў. Кемпир балаңды мәрдикарлыққа жиберетуғын болдым, ҳеш қапа болма, сизлерди өзим бағаман! — деп маған 4—5 теңгени узатты (Ә. Шамуратов). Шаққан, шаққан, шаққан қыз, Наўқан куртын баққан қыз (И. Юсупов). 3. Талапланып көриў, тырысыў, бақлаў. Түни менен уйқысының шала болғанына қарамай жуўмақланбаған пикирин ҳәзир ғана бир жерге түйдеклегиси келип бақты (Т. Қайыпбергенов). Отаўдың ошағының күлин легенге қосыўыслап салып атырған қарсы алдындағы жумалақ жүзли, орта бойлы ҳаялға шаншылып қарап, басқан адымын бағып отыр (К. Султанов). «Ала тайды отлатып, Жақсы күтип бақ». деди (И. Юсупов). 4. Байқаў, абайлаў, қараў. Оларға жыр емес күнниң батқаны, Балық тасыў күни-түни баққаны (К. Султанов). Ой жиберсең кең дүньяға, Бақсам қайырылып қыяға (Ә. Шамуратов). Ақсақтың ақырына бақ, Соқырдың соңына бақ (қ.х.н.). 5. Изин күтиў, соңына қараў, қараўыллаў. Адасқанның артына бақ не шара?! Намыссызбан жүзим, кеўилим қап-қара (И. Юсупов). Көрсеңиз бир пери наз бенен бағар, Наз етсе ашықтың жаныны жағар (Әжинияз). Лақабы оның хийўалы қыз, Таң юлдузы таңға бағар (Әжинияз). $\lozenge$ Аўызын бақты — сөйлеўин күтиў, сөзин байқаў, аңлып турыў. Арғы тарийхын айтып қояма дегендей, бир-бириниң аўызын бағады (К. Султанов). Қараңғыда не қылып жүрсең, биреў қуўды ма? — деп бетинен еки көзимди айырмай аўызына бақтым (Әд. хрес.). Қыздың сөзи оған жақты, Тағы айтсын деп аўызын бақты (Ш. Артық). Бағып-күтиў — күтиў, қараў, сылап-сыйпаў. ...малды бағып-күтиў, сүт саўыў жөнинде көп ғана тәжирийбе үйренип алдым (Ж. Сейтназаров). Бағыў үйи — асырайтуғын, сақлайтуғын, қарайтуғын, күтетуғын, тәрбиялайтуғын орын. Мен жаңа Самарқанд қаласындағы кәўендерсиз, қараўсыз қалған балаларды бағыў үйиниң тәрбияшысынан Садулла жөнинде жақсы хат алдым, — деп лейтенант Бекниязов асығып, албырақлап, тез-тез айтты да қолындағы хатты капитанға усынды (А. Бекимбетов). Мийзамын бағыў — кеўлине қараў, райына қараў. Басындағы қазына мақпал тақыяның пөпеги поррықтай аппақ жүзине қуйылып жарасып, еки бетиниң солқымланған алмасына сәўкеледей төгилип, бәйбетше тақлетте отырған баласына Нуржамал жалт-жалт қарап, мийзамын бағып отыр (К. Султанов). Ҳәддине бағыў — халын билиў, шамасын билиў. Билемен сениң ҳаслың қарақалпақ, Қолыңа таяк алда малыңды бақ, Өлтирип еки бирдей инилериңди, Хийўаға хан болмаға ҳәддиңе бақ (Бердак). Үнсиз бағыў — сөйлемеў, үндемеў. Асфальяның нурсыз тартқан нәзери, илаж таппай, залға үнсиз бағады (И. Юсупов).

БАҒЫЎ-БОСТАН ат. қ. бағы-бостан.

БАҒЫЎСЫЗ кел. Тәрбиясыз, қараўсыз, күтимсиз, қарайтуғын адамы жоқ.

БАҒЫЎСЫЗЛЫҚ ат. Қараўсызлық, күтимсизлик, тәрбиясызлық, күтимсиз қалыўшылық.

БАҒЫЎШЫ ат. Тәрбиялаўшы, асыраўшы, қараўшы, көз-қулақ болыўшы. ... бағыўшы тек қадағалаў исин ғана алып барады (Ж.Сейтназаров).

БАҒЫЎШЫЛЫҚ ат. Бир нәрсеге қараўдағы маманлық, кәсип, өнер, кәр.

БАҒЫ-ҲӘРЕМ ат. Ҳәр қыйлы гүл, жемис, мийўе ағашлары өсетуғын орын, бағ-шарбақ. Бағы-ҳәрем, бақша ҳәм де тереклер, көзлериме шеңгел шелли көринди (Бердақ).

БАҒЫШ: бағыш етиў. ф. 1. Пидә болыў, сарп етиў, бир нәрсениң жолына басын арнаў, тигиў. Бадам қабақ жүзинде қал, Жолыңа бағыш дүнья-мал (Әжинияз). Аға-беглер тартса жат журтқа несип, Душпанлар қуўанар көкейин кесип, жүрер күнлер бар ма кеўлим өсип, Барлы өмирим бағыш мениң халық ушын (ққ.поэз.ант). 2. Арнаў, нийетлеў. Усы үскенелердиң ҳәммеси саған бағыш (ққ.х.е.). ◊ Бағыш етпеў — бир нәрсениң жолына басын тикпеў, арнамаў, бағышламаў. Ата-анам өлгеннен соң, Қызыл гүлим солғаннан соң, Жалғыз өзим қалғаннан соң, Денемди бағыш етпедим (Бердақ). Мен тиймеймен өлтирсең де, Ертең дарға илдирсең де, Қандай бир азап берсең де, Етпеймен денемди бағыш (Бердақ).

БАҒЫШЛАНЫЎ ф. Нийетлениў, арналыў, бейимлениў. Бизиң қолға киргизген табысларымыз да, алда турған ўазыйпамыз да халқымыздың ийгилигине бағышланған (Ж.Сейтниязов). Бирақ, бул пәтияның не ҳаққында кимге бағышланғаны бизлерге белгисиз жумбақ болды (Ә.Шамуратов). Олар аўыл ҳәм аўыл адамларына бағышланған шығармалардың айырым мәселелери жөнинде түсиник туўдырды (Г.Есемуратов).

БАҒЫШЛАЎ ф. Бир нәрсениң жолына арнаў, нийетлеў. Оған бағышлап мынандай қосық та шығарды (А.Бегимов). Бердик саған бағышлап, Гүлайым атлы сулыўды («Қырқ қыз»). Ай нурына мүлгип айдың түрлери, Заўық бағышлап, түрли қустың үнлери (И.Юсупов).

БАД: бад урыў ф. Өзинен басқаны адам есабына алмаў, аўызына не келсе соны айтыў, менсинбеў. Мақтанып сенде, талай қыз, Баўырман деп бад урып («Ер Зийўар»).

БАДАБАТ ат. Шаўқым, урыс-кейис. Ол бадабаттан қорқпады, лекин қапаланды (Т.Қайыпбергенов). Бул бадабатлардан қорқып, сақланып, Биз ғана ырайдан қайтпадық тек те (И.Юсупов). ◊ Бадабат урыў — шаўқым шығарыў. Бадабат урған сеслер басыла баслады (Н.Дәўқараев). Бадабат салыў — шатақ шығарыў. Бирақ, билмеген киси қусап бадабат салып жүреди (Г.Есемуратов). Бадабат қылыў — шатақ ислеў. Өз сөзимди жүйлеп қылдым бадабат, Мен мақтансам ол қолланды меламат (Қ.Ирманов).

БАДАЛҒЫР ф. Турмыста сийрек ушырасатуғын қарғыс сөз, бул урысқанда, кейискенде, күйингенде, налыс еткенде айтылады, жоқ болғыр мәнисин билдирип келеди. Қайда кетти бадалғыр, — деп кемпир Жаббақларды излей баслады (Б.Кербабаев).

БАДАЛЫЎ ф. Көринбеў, көзге көринбей кетип қалыў, қайтып келмеў. — Булар азаннан бери бадалды, — деди кемпир (ққ.х.е.).

БАДАМ ат. Формасы сүйир, қызғылт гүлли, түсликте өсиўши мийўе ағашы. Арттырғаны бадам ағаш ортасы, Бал излеген Байбөриниң баласы («Алпамыс»). Әнжир, алма, әнар, бадам. Бағда сайратып дембе-дем (ққ.поэз.ант). Бағда питкен бадам бар, Керилип атқан адам бар (Қ.Ирманов). ◊ Бадам қабақ — бадам ағашының мийўесине теңеп, сулыўлықты көрсетеди, бул әсиресе хаял-қызларға көп қолланылады. Бадам қабақ жүзинде қал, Жолыңа бағыш дүнья-мал (Әжинияз). Аралда қызлар бар бадам қабақлы, Еллерине қымбат мақсет-мурады (Ш.Мәмбетмуратов). Көзиң түссе кеўлиң урады ҳаллас, Бадам қабақ, оймақ аўыз қыя қас («Алпамыс»). Писте мурын, бадам қабақ кең қушақлы ақ тамақ («Қырқ қыз»).

БАДАН ат. Оқ өтпейтуғын тон, батырлар кийетуғын саўыт. Бадана көз — көз сыяклы дөңгелек-дөңгелек етип исленген зат. Бадан көзли ақ саўыт. Бөктериўге таңады («Алпамыс»). Айпаршаны нашар деп ким айтар. Бадана көз ақ саўытты кийеди («Мәспатша»).

БАДАНАДАЙ кел. Бирден көзге түсетуғын, үлкен болып көринетуғын. Бадырайып көринетуғын баданадай көзлери адамға жаман тәсир етеди (Айбек). Шаштәрез кирди, мурты ҳәррийген, көзлери баданадай бир киси екен (Ш.Сейтов).

БАДИЯ ат. Ылайдан исленип, кумбызда писирилген, тамақ қуйып ишетуғын ыдыс, тастабақ. Қолға суў қуйылды, екеў ара, үшеў ара бадиялар менен палаулар келди, оған қосыла мойны қылтыйған шийшелер де аз болған жоқ (Қ.Айымбетов). Қара қас, қызыл зербарақ табақ-қасықлар, жез периўза сырша менен сырланған гүзелер, бадиялар (Қ.Аралбаев). Капитан издиң үстине төнкерилген бадияны көтерип шетке қойды да, — Мине усы изге жибер ийтиңди?- деп сержантқа буйырды (А.Бекимбетов).

БАДМИНТОН ат. (ингл. Англиядағы Badminton — Бадминтон қаласы атынан). Теннис ойынына уқсас, бирақ ракеткасы ҳәм урып ойнайтуғын воланы менен өзгешеленетуғын спорт түри. ... мектепте спорттың бадминтон түри де жақсы раўажланып бармақта (газетадан). ... бадминтон дөгерегине 23 оқыўшы қатнап, тәжирийбели тренерлердиң басшылығында шынығыў алып бармақта (газетадан).

БАДМИНТОНИСТ ат. Бадминтон ойыншысы.

БАДШАҚЛЫ кел. Сүзеген өгиздей, дүнгирейген. Қолында қанлы қамшысы, Бадшақлы патшам келди (ққ.х.к.).

БАДЫРАЙЫСЫЎ бадырайыў фейилиниң шериклик дәрежеси. Демниң арасында дөгерек-дала ашылып, қаралтым аспандағы жулдызлар бурынғыға қарағанда күшлирек шағырайысып турғандай бадырайысып кетти (Ш.Айтматов).

БАДЫРАЙЫЎ ф. 1. Көзди үлkeyтип, ағын алартып қараў, тиклеп қараў, бажырайыў, бақырайыў. Әметке көзәйнек астындағы көзин бадырайта отырды (Т.Қайыпбергенов). Ағасынан бет аўдарып айыбымызды неге айтасаң дегендей Айшагүл Орынбекке бадырайды (Т.Қайыпбергенов). Қәлменниң түси өңип көзи бадырайып қалды (К.Султанов). 2. Анық, айқын, көрнекли, белгили болып көриниў. Қаслары шегирткениң сыйрағындай бадырайып тур (Қ.Айымбетов).

БАДЫРАҚ I ат. Мәкке, жүўери, арпа, бийдай ҳәм тағы басқа собықлылардың дәнлеринен қуўырылған жемис, аўқат, тағам. Бизлер баллар болып, ҳәммемиз бадырақ қуўырып жедик (газетадан).

БАДЫРАҚ II бадырақ көз. кел. Бадырайған үлкен көз, бадырақ сыяклы көз. Талдырмашлаў узын бойлы, қыр мурынлы, бадырақ көз бала көшеден өтип баратырған арбаны көрип, қасындағы отырған балаларға ым қақты (Н.Дәўқараев).

БАЖ: баж етиў ф. Бирден сөйлеў, бетинен алыў, жаман сөз бенен сөгиў, сөйлеў, бийҳаяшылық етиў. Жаббақларды көриўден кемпир баж етип сөйледи,... (Б.Кербабаев). Өмирбайға Айтгүлдиң алдынан өткенин, хаялдың «баж» ете қалғанын, Қунназардың еситкен аўыр-аўыр гәплерин Мурат қыпса саклады (Ш.Сейтов).

БАЖА ат. Апалы-сиңлили туўысқан қызлардың күйеўлери, сондай-ақ, бир урыўдың қызларына үйленген жигитлер бир-бирине бажа болады. Алламурат деген бажасының үйне қыдырып кетти (Ж.Аймурзаев). Убайдулла менен Дәўлетбай бий екеўиниң бажалығы бар еди (Т.Қайыпбергенов). Бай қызы қазақтың көн жеген ҳақын, Бажасы Жумабай болысқа жақын (Бердақ). Ышқыр бажа — еки жигиттиң бир қыз я келиншек пенен жақынлық етип жүриўи. Маманның ышқыр бажасы еди ол (Т.Қайыпбергенов).

БАЖАЛАҚЛАЎ ф. 1. Шаўқым шығарыў, өзин ямаса биреўди қорғаў мақсети менен өжетленип, қатты-қатты даўыс шығарып сөйлеў. Оларды көриўден бажалақлады келиншек (Қ.Айымбетов). 2. Урысыў, кейиў. Кемпир жигитлерге бажалақлады (Б.Кербабаев). Ашыўының келгенлиги соншеллы, өмиринде қылмаған әдетин ислеп, даўысының барынша бажалақлады (Ш.Сейтов).

БАЖ-БАЖ: баж-баж етиў ф. Күйип писиў, шаўлаў, даўысын қатты-қатты шығарып сөйлеў. Кимди көрсең соған баж-баж етесең де жүресең (Ө.Айжанов).



БАЖБАН ат. Қорықшы (бир үлкен участканы қараўыллап жүриўши), тоғайшы, тоғай қорықшысы, сақшысы. Сонша тоғайдан бир үйге жеткендей үй тал табыў қыйын машақатлы бола турса да, бажбанлар бул буйрықты орынлады (Қ.Айымбетов). Бажбан жақында ғана түтин пул өндирип кетип еди (Т.Қайыпбергенов). Қорық болды бийкар тоғай, Бажбанлары болды бийжай (Қ.Айымбетов). Ығбалына балық-шабақ шықпады, Тағы бажбан қондырмайды бул қалай (С.Нурымбетов).

БАЖБАНЛЫҚ ат. Сақшының, қорықшының, тоғайшының шуғылланатуғын кәсиби, кәри. Еки айлық бажбанлық оқыўға бараман деп алдадым (К.Смамутов).

БАЖЫ ат. 1. Бир мәмлекеттиң аймағынан екинши мәмлекет аймағына өткизетуғын товар, зат, мүлк сыяклы нәрселерден ақшалай алынатуғын мәмлекет салығы. Бул еки мәмлекет өз ара баж төлеўди мақул көрди (газетадан). 2. Алынатуғын салықтың муғдары, баҳасы. 1903-жылы Россия ҳукимети көшпели, ярым көшпели қыйын турмыста жүрген түркменлер тәрепинен киретуғын пахтаның ҳәр пудына 4 манаттан бажы қойды (Қ.Ирманов). ◊ Бажы пул — бир мүлк сыяклы нәрселерден алынатуғын ямаса төленетуғын ақша. ...бажы пул берип кетиң деп жолаўшыны кесеклеп жолдан өткермейди, айырым бир сықмарларын услап алып урады (Қ.Айымбетов).

БАЖБЫЛДАҚ кел. Уялмастан көп сөзлерди айтыўшы. Өмирим туўып сендей бажылдақты көрмедим (Қ.Айымбетов).

БАЖЫЛДАСЫЎ ф. 1. Өз ара жаман, турпайы сөзлер менен айтысып кейисиў, урысыў. Булар екеўи бажылдасыўы менен ишкериге кирип кетти (А.Бегимов). 2. Ийтлердиң үриўлери, бир-бири менен ашшы даўыс шығарыўы, шабаланып үриўи. Бажылдасып үре баслаған ийтлердиң шаўқымынан сескенип қайтадан ишке кирди де, кийиз үстинде дүс төменине жатып жер тыңлады (А.Бекимбетов).

БАЖЫЛДАТЫЎ ф. бажылдаў фейилиниң өзгелик дәрежеси. «Анаў күнги айтқан жаңалығыңа сүйиншиге не алдың», деп саат сайын бажылдатып бетине басаман (М.Нызанов).

БАЖЫЛДАЎ ф. Бақырыў, даўыс шығарып сөйлеў, ашыўланыў, күйип-писиў. ...дизесин сарт-сарт урып, бажылдап сөйлеп кетти (Айбек).

БАЖЫРАЙЫЎ ф. Көзди бежирейтип қараў, көзди алартып қараў. Бажырайып қарап турды да, әллен ўақтан соң койсаң-ә деп бақырып жиберди (Сейтов). «Қәтеңди мойынла, былай исле», — деп, бетине бажырайып олар тек (И.Юсупов).


БАЖЫХАНА ат. Бир мәмлекеттиң аймағынан екинши мәмлекет аймағына өткенде товар, зат, мүлк ҳәм т.б. нәрселерди тексериўши, қадағалаўшы мәкеме, шөлкем. ...Қарақалпақстан Республикасы Бажыхана басқармасы хызметкерлери басқа ҳуқық қорғаў уйымы хызметкерлери менен биргеликте бир қанша илажларды әмелге асырып келмекте (газетадан). — Экспорт етилетуғын мийўе-овощ өнимлери бажыхана тексериўинен өткерилмейди (газетадан).

БАЗ ат. 1. Бир нәрсениң көп турыўынан бузылып, үстин пилис басып, түри көгис түрге ениўи, көгерип бузылыўы. Гөреклердиң шириўи ҳәм баз басып көгериўи (А.Джалменов, П.П.Карпов). 2. Кир болыўы, тот басыўы.

БАЗА ат. (грек. basis — тийкар, негиз) 1. Бир заттың тийкары, негизи. 2. архит. Үстинниң, колоннаның тийкарғы, төменги жуўан таяныш бөлеги. 3. Халық хожалығы, ислеп шығарыў ҳәм мәдений-мәнаўий тараўлардың тийкары, негизи: Материаллық-техникалық база. Эксперименталлық база. Экономика базасы. Өйткени, жаңа экономика базасы да жаңа мораль, жаңа формалар, жаңа жәмийетлик байланыслар жүзеге аса баслады,... (Г.Есемуратов).... мәденият ҳәм спорт мәкемелериниң материаллық-техникалық базасын беккемлеў ушын зәрүр шараятлар жаратты (газетадан). Мектеплер ҳәм оқыў орынларының материаллық базасы бир қанша беккемленди (газетадан). 4. Белгили бир материаллар, затлар топламы, жыйнағы: Азық-аўқат базасы. От-шөп базасы. Шийки затлар базасы. Шарўалар Қызылкумның өзинде от-шөп базасын шөлкемлестириўди ойлайды (Т.Нажимов). Елимиздиң келешектеги салыгершилик базасы мине усы жерлерде дүзилди (газетаdan). 5. Белгили бир хызмет көрсетиў ҳәм керекли үскенелер менен тәмийинлеў мақсетинде қурылған арнаўлы орын, жай. Туристлер базасы. Авиация базасы. Әскерий база. Спорт базасы. Айырым ислери бойынша керекли материаллары бар орын, пункт, жай. ... . Базамызды душпанның авиациясы билип қоймасын деп, бизлер аэродромнан жарықсыз қараңғы түнде ушып кеттик (Н.Дәўқараев). Бизиң оқыўшыларымызға керекли затлар туристлик базамыздан көплеп табылады (газетадан). Бул жер мектеп оқыўшылары ушын экскурсиялық база болып есапланады (газетадан). Пайтахтымыз ҳәм республикамыздың бир қатар қалаларында спорт базалары болады (газетадан). Балалар майданшалары, спорт комплекс базалары қурылды. (газетадан). 6. Түрли товарларды, керекли нәрселерди сақлайтуғын, қоятуғын орын, жай, склад. Сениң ушын үлкен база қурайық (Ж.Аймурзаев). Әмиўдәрьяның төменги жағында салы тапсырыў бойынша база дүзиў ҳакқындағы қарарларды оқығанда шексиз қуўанышқа бөленемиз (газетадан). 7. Мағлыўматлар базасы. Мәлимлеме системаларын, ресурсларын, мағлыўматлар базаларын, бағдарламалық өнимлерди ислеп шығыў... (газетадан). 8. Тех. Темир жол, автомобиль ҳәм т.б. дөңгелек көшерлери арасындағы аралық.

БАЗАЛЬТ ат. (лат. basaltes — сынаў тасы) Пайда болыўына қарай магмалық, қаралтым боз реңли, таў жынысы.

БАЗАР ат. 1. Кеңислик үлкен майданға орналасқан саўда-сатық исленетуғын орын, жай. Азық-аўқат базары. Кийим-кеншек базары. Мектеп базары. Қарақалпақ базарға барар, бир шайыға шабак алар (ққ.х.н.). Ақмақ саўда етер, базар өткен соң, бийдәүлет нан жейди ҳалдан кеткен соң (ққ.х.н.). Егер ертең базарға мына қозақтағы бөзди тоқып болсам, сатып нобайырақ етип берермиз (Ә.Шамуратов). 2. Экономикалық термин. Базар. Өзбекстан жеринде жетистирилген мийўе-овощ өнимлерине дүнья базарында талап жоқары (газетадан). Дәслепки рети жети жыл алдын Хиндстанда таныстырылды ҳәм сол базарға мөлшерленди (газетадан). Базар қатнасықлары: Базар қатнасықлары базар инфраструктурасыз жасай алмайды («Өзбекстан тарийхы»), Базар экономикасы: Базар экономикасы товар-пул қатнасықларына тийкарланған ҳәм оларға тән экономикалық нызамлар тийкарында ҳәрекетке келетуғын экономика («Өзбекстан тарийхы»). 3. аўыс. Басын даўға, жәнжелге, қыйыншылыққа, аўырманшылыққа араластырыў. Ол ўақытта күнликши, дийқанлар өзин базарға салады екен (Қ.Айымбетов). Басымды базарға салсам, Жалғыз баспақ болар ма екен? (А.Дабылов). 4. аўыс. Шаўқымласыў, дуў-дуўласыў, өз ара қызғын сөйлесиў. Төрге төсек салып, әңгимениң базарын қыздырды (К.Султанов). Аннан-мыннан толып қалды, Балық базар болып қалды (Қ.Айымбетов). 5. аўыс. а) Қуўаныш, бахыт, қызық, ўақты хошлық, өмирдиң жақсы ўағы. Қыз-келиншек келсе бир өзиң базар, Қатар жигитлерге салмадың нәзер (Омар). Қайтармағыл достың көрсең нәзерин, Қолдан келсе курғыл шадлық базарын (Бердақ). б) Өмирдиң қуўанышы. Балалы үй базар, баласыз үй мазар (ққ.х.н.). в) аўыс. Унамсыз, келиспеў, үйлеспеў, жөнлеспеў. Үйдеги есапты базардағы нырқ бузады (Қ.Айымбетов). ...жалғыз тикенектен байлық қуралмайды, Қымбат базары бир манаттың заты (М.Шымбергенов). ◊ Шар базар — Үлкен базар. Услап алып шар базарға сатарман, Иншалла байларман сени,... (Қ.Айымбетов). Қайтыў базар — саўдагерлердиң саўда-сатық ислеп болып базардың тарқап атырған ўақты, соңы, акыры. Қайтыў базардан алып қалың, дегендей ортаға жеңге салып, Зийнепке қыйсаңлайды (газетадан). Қус базары — а) қусларды сатып саўда ислейтуғын орын. б) қуслардың жыйылысып туратуғын орны, жайы. Отлы өрис, жасыл қыры малға жай, Мақпал көли қус базары жырға бай (К.Султанов). Ышқы базары — муҳаббаттың, сүйиўшиликтиң, ашықлықтың жолы. Арқадан самал турған, Ышқы базарын қурған («Алпамыс»). Уйқы базары — қатты уйқыға кетиў, ҳәз етип уйқылаў. Көкнар менен көк чайға өзи қаттыға қанып алғаннан кейин ол уйқы базарына аўып кеткен еди (Қ.Досанов). Базарға сатыў — малды ҳәм басқа да затларды түсириў, шығарыў. Базарға сатсам апарып, Жалғыз қара болмайды, Барлық көрпе-төсегим (А.Дабылов). Базарға шығарыў — Базарға шығарып сатыў. Мол затларын базарларға шығарып, Алғанына қалдырмастан сатыплар (Ж.Аймурзаев). Қант көпир базары — қыз-жигитлердиң отырыспасындағы бир-биреўине жиберетуғын түйиншиги, шаршысы, қанттың көп болып үйилиўи, нобай болыўы, молшылық. Қызып өтти қант көпирден базарың. Қыз болып жетилген ўақтың Тиллахан (С.Нурымбетов).

БАЗАРЖАЙ к. базар.

БАЗАРКОМ ат. Базар басқарыўшысы, баслығы.

БАЗАРЛАЎ ф. Базарға барып саўда-сатық ислеў, базардан керекли нәрселерди сатып алыў, базарды аралаў. Соның қуўанышы менен Шамурат Шымбайға базарлап кеткен еди (Қ.Досанов). Мен өткен базар күни қалаға базарлап кеттим (А.Бекимбетов).

БАЗАРЛЫ кел. Сатса тез өтетуғын, өтимли. Қалаға апарса болады, буның бәри де өтимли, базарлы ғой (Ө.Айжанов).

БАЗАРЛЫҚ ат. Базарлап келиўшилердиң үйне алып келген затлары, үйлериндеги адамларға әкелетуғын сыйлығы. Бир күни Бердақ шайыр балаларына базарлыққа Шымбай қаласынан тақыялар алып қайтады (Қ.Айымбетов). Қалай, алған базарлығыңыз аз болған жоқ па? (Ө.Айжанов). Ҳәзир үшеўиңиз де пәлен базарға барып, ҳасыл затлардан базарлық алып келиңлер, қайсысыңыздың базарлығыңыз баҳалы болса мен соған тийемен (ққ.х.е.). Базарлық берип атыр бәрине бирден, Неге собырайып турман бунда мен (И.Юсупов).

БАЗАРШЫ ат. Базарға барып керек затларын сатыўшы ҳәм алыўшы, базарға көп баратуғын адам. Бул мәҳәлде үсти-басларын шаң басқан жүзлеринен көзлери зорға ғана қыпылықлап көринген базаршылар қалаға келип атыр (Ә.Шамуратов). Жап бойындағы арба жолдан қалаға ерте шыққан базаршылар жийи-жийи өте баслады (А.Бекимбетов). Базаршы да, шопан да усылар ҳаққында сорайтуғын болды (Ж.Аймурзаев).

БАЗ-БАЯҒЫ кел. Бурынғысынша, өзгериссиз, бурынғы қәддинде. Адам баз-баяғы гүбирленип атыр (Т.Қайыпбергенов). Мен болсам баз-баяғы еңиреп турман (Ж.Аймурзаев).

БАЗДА р. 1. Айырым ўақытлары, гейде, базыбир ўақытларда. Аўызына суў тамызса гейде тилге келеди де, базда үндемей қалады (Т.Қайыпбергенов). Базда үшеўи бирден суўдан шығып, каналдың рашындағы май топыраққа аўнайды (Ж.Аймурзаев). 2. Күндеги, әдеттеги. Олардың оқыўдан келгеннен соң баздағы талабы балық аўлаў (Ж.Аймурзаев).

БАЗДА-БАЗДА к. базда.

БАЗИС ат. (грек. basis — тийкар, негиз) 1. Тийкар, негиз. 2. экономикалық база. 3. филос. Жәмийеттиң белгили бир раўажланыў дәўиринде жүзеге келетуғын өндирис қатнасықлары. Бул базистиң үстинде көтерилип турған сиясий, ҳуқықый, философиялық, юридикалық, руўханый ҳ.т.б. шөлкемлер ҳәм соған ылайықлы жәмийетлик саналар, яғный жәмийеттиң надстройкасын қурайды (П.Сейтов). 4. геод. астр. Жер бетиниң белгили бир орнынан жүдә анық қылып тиккелей өлшеп алынатуғын тийкарғы сызық.

БАЗЛАНЫЎ ф. Баз басыў, кир басыў, тат басыў.

БАЗНА ат. Жора-жолдаслардың, курбы-курдаслардың, бир қатарлас, дайылы-жийенли, заманлас адамлардың бир-бирине батырсыныўы, эркинсиниўи. Базналық етип Қаражан, мойнының шыққан жерине, Бир қамшыны урғанда («Алпамыс»).

БАЗНАСЫНЫЎ ф. Батырсыныў, эркинсиниў.

БАЗНАШЫЛЫҚ ат. Эркинсиниўшилик, арқа сүйеўшилик.

БАЗЫ ал. Айырым, гейпара, базда, базыбир. Қызлар заңыратады әнейдей етип, Мен базын тапсам да, базын таппайман (А.Бегимов). Солай болғаннан соң өзимизге мәлим базыларымыздың бир шекесин кере қалған өзимиздиң арамыздағы жаслардың аўҳалы менен таныссақ,... (С.Мәжитов). Суўықтан бурын шара көр! Пахтанды да ертерек тер! Базылар териўсиз тур, Гөрек қалды ма? Нетти ме? (С.Мәжитов).

БАЗЫБИР ал. Гейбир, айырым. Ал, базыбир дереклерде Шүлликке Мүйтенди де қосып «Сегиз тамғалы Шүллик» деп атайды (К.Мәмбетов).

БАЗЫБИРЕЎ ал. Гейпара адам, айырым киси, базыбиреўлер. Арзыўдың базыбиреўлердей одағай емеслигин Лиза унататуғын еди (Ж.Аймурзаев), Базыбиреўлери зыян тапқан базаршыдай сылбырасады (Т.Қайыпбергенов).

БАЙ I ат. 1. Мал-мүлки көп адам, феодал. Бурынлары бир бай болыпты, оның қойы оғада көп екен (Қ.Айымбетов). Сатарыңа мал болмаса, Байдың малын қарыз алма (Өтеш). Жайылған байлардың сансыз қойлары, Көзине тотыя жүрген жайлаўым (Күнхожа). 2. Есап-саны жоқ, көп, мол. Төрт түлигим қаплап өрген, Ойпатым, бай ҳасыл жерге (И.Юсупов). Кулпы дөнген көк пенен, Өнимге бай жер сулыў (Ж.Аймурзаев). Бул жердиң байлығы көзден-көзге түсип, тилден-тилге алынып, елден-елге ен жайды (Қ.Ирманов). Бизиң жердиң теңизи менен дәрьялары балыққа бай (Қ.Досанов). 3. Жетискен, қурғынлы. Үйиңе зор бай болып бар, артың да, Керегеңниң барлығын айт, тартынба (Т.Жумуратов). ...белдеўге бедеў байланып, бай болып мақсетлерине жетипти (ққ.х.е.). Байман деген кеўлиңниң тоғына, туўрыдан сөйлей бер сөздиң ҳағына (Омар). 4. Ер, күйеў, жубай, жолдас, жупты. Сол ўақта ҳаял патшаны өлтириў ушын ислеген ҳийлесин байына айтады (Қ.Айымбетов). Мен бир бай таңлап отырман ба, биреўди жарлы дейсиз, биреўди бай дейсиз, қайсысына берсеңиз де бериң, енди мен де ержеттим ғой, — дейди де... (Қ.Айымбетов). Тәртипли болсаң, байыңа неге бийлигиң жетпей жүр (К.Смамутов). Өзиң жатып байыңа, тур-турлама келиншек (Қ.Айымбетов). — Улмекенниң байы ше! — деди ҳаял Жийемурат усы аўылдың тап усақ-түсигине шекем билетуғындай (Т.Қайыпбергенов).

БАЙ II бай-бай т.с. Ренжигенликти, өкингенликти, күйингенликти, ҳайран қалғанлықты, қуўанғанлықты, билдиреди. Тастай түнек қараңғы ай, Қатын даўысы шықты «бай-бай» (А.Шамуратов). Ҳаял бай-бай сорқайнаған басым, кеширегөр хан аға, мен сизиң хан екениңизди билмедим, ... (ққ.х.е.).

БАЙБАЙЛАЎ ф. Шаўқым шығарыў, ўай-ўай салыў, даўыс шығарыў. Егинлерин көриўден кемпир байбайлап жиберди (Б.Кербабаев). Алдыңғы кеткен майда-шүйде балалар «ат киятыр, ат киятыр!» десип, кими байбайлап, кими жылап берман шабысты ... (Ш.Сейтов).

БАЙБӘТШЕ ат. Байдың баласы, байдың улы, бай баласы. Байбәтше таклетте отырған баласына Нуржамал жалт-жалт қарады (К.Султанов). ...бир байбәтше арбасын тоқтатып жоқарыда турған Зийбаға көз тигип, сол жерден талтайып қарап тоқтап қалды (ққ.х.е.). Ҳәзир баяғы байбәтшелердиң заманы емес ғой (Т.Қайыпбергенов). Байбәтше бир от жаққан («Ер Зийўар»).

БАЙБЕЛДАР ат. гөн.сөз. Қазыўшы, байлардың жарлыларды жаллап қазыўға жиберетуғын адам. Және бир жыйналыста байбелдарларды тексериў мәселесинде, аўыл хизметкерлери жыйналыста аз салынғанлардың,... (Қ.Ирманов).

БАЙБИЙКЕ к. бәйбише.

БАЙ-БОЙ т.с. 1. Таңланыў, ҳайран қалыў, ренжиў, күйиниў, өкиниўди билдиреди. — Бай-бой, бул не деген пул, барлығы жүзликтен ғой, – деп олар шуўласып, ҳайран қалып, қызарып кеткен Шүкиржанға қарады (А.Бекимбетов). 2. Қуўаныўды, мақтаныўды билдиреди.

БАЙ-БУЎ т. с. ҳайран қалыў, кеўли толмаўды, билдиреди. Көлегиңди терис кийип жүрсең-ғо! – Бай-буў, солай ма (К.Султанов).

БАЙҒУС кел. 1. Мүсәпир, ғәрип, бийшара, бахытсыз. Жыламай байғус не қылсын, Қалмақтың ханы өлтирди, Алты бирдей баласын («Қырқ қыз»). 2. Ғәрип, бийшара. Сол күннен баслап ол байғус, Умытты басқа өмирди (И.Юсупов). Дин аспанда муңлы қырыў-қырыўлар, Не деп баратырсыз байғус тырналар (И.Юсупов).

БАЙДАҚ ат. Топар, дүркин, шок, көп, сансыз. Қазақта туў байдақ-байдақ, Атам түйе минип жайдақ, Қытайға уран болған екен (Бердақ).

БАЙДАҚЛЫ кел. Шубатылған, көтерилген. Бийиктиң басында қарап турса, Қалмақлардың ел бетинен узағыракта бир тозаң көринди, байдақлы шаң көринди («Алпамыс»).

БАЙДАРКА ат. (р. байдара — қайық). 1. Ескектиң жәрдеми менен айдалыўшы, еки ямаса төрт адамлық, палубасы жабық жеңил қайық. Балық промыселларында кеңнен жүритип жиберди, байдарка қайықларды соқтырды (Қ.Ирманов). 2. Еки тәрепинен де ескек есилип ҳәрекетке келтирилетуғын, тар ҳәм жеңил спорт қайығы.

БАЙКЕМИ ат. Тумсығы, ушы шашақланған, жез өкшели, қызыл түкли шеримнен тигилген етик, аяк кийим. Ең ғайратлы жигитлердиң алты ай жазы мененги жүргени еки батпан буўдай, үш батпан жүўери, төрт батпан тары, бир көйлек, ыштан, бир байкеми етик, бир гөне шапаннан артпайды (Н.Дәўқараев).

БАЙҚА к. байқаў.

БАЙҚАҒЫШ кел. Сезгиш, абайлағыш, билгиш. Бирақ, қуўанғанлықтан ба, әлле сүйиўшилигиниң сағасы ашылып кеўли елжиреп кетти ме, оның денесиниң байқағыш екенлиги сезилди (Ө.Хожаниязов). С.Нурымбетовта да сатираның мәнисине түсинетуғынлығы, байқағышлығы жақсы сезиледи (Г.Есемуратов).

БАЙҚАЛЫЎ байқаў фейилиниң өзгелик дәрежеси. Әйтеўир айырым тарийхый фактлер монгол тарийхы менен байланыспаса да қосып жибергенлиги байқалады (К.Мәмбетов).

БАЙҚАМАЎ ф. Серлемеў, абайламаў. Сөйтип сизиң келип қалған қызыңызды байқамай қалыппан, кеширерсиз! (А.Бекимбетов). Бийбираба отаўдың тасасы менен зымп етип келе қалған Меңлимурат мәрени байқамапты (Н.Бөрекешов).

БАЙҚАМАЎШЫЛЫҚ ат. Сезбей қалыўшылық, аңламай қалыўшылық. Буны дурыс көрсетпегени бул байқамаўшылық болады (газетадан).

БАЙҚАС: байқас етиў қ. байқаў.

БАЙҚАСЛАЎ қ. байқастырыў.

БАЙҚАСТЫРЫЎ ф. Сер салыў, көз салыў, болжаў. Солай болса тапқан кисиниң алдын-артын байқастырып көрейик,... (А.Бекимбетов). Қулак салып тыңласаң, Байқастырып қарасақ («Алпамыс»).

БАЙҚАСЫЎ ф. Бирин-бири сынаў, байқаў, сынасыў. Бул айқасыў үстинде, Күшлерин әбден байқасты («Қырқ қыз»).

БАЙҚАЎ ф. 1. Болжаў, барлаў, аңлаў, абайлаў, бақлаў, сезиў, билиў. Жигитлер оның киятырғанын байқап, шылымларын өширип таслаған еди (Ә.Тәжимуратов). Оның сөйлеўге тартынып турғанын байқадым, өйткени ол күтә жас еди (Ө.Айжанов). Кеўлиң менен байқап сез де, Өз ярыңды танып ал (И.Юсупов). 2. Сақ болыў, бек болыў, сақланыў, абайлаў, сер салыў. Бул әкең менен туўысқан жоқ. Байқа! (Т.Қайыпбергенов). 25 саўлық желин қозғады, байқа, өристе туўып қалмасын (Ө.Айжанов). Ол қайтадан Сабыржанның бас ушына ийилиңкиреп, оған сер салып, байқап қарады (А.Бекимбетов).

БАЙҚАЎСЫЗДА р. Бирден, тосыннан, абайсызда. Байқаўсызда қап-қара бир нәрсе ме деп ҳүррем ушып кетти ғой (Г.Есемуратова). Көрмек ушын умтылысқан адамлар, Байқаўсызда бес ўықты сындырды (Т.Жумамуратов).

БАЙҚАЎШЫ ат. Сынап қараўшы, абайлаўшы, бақлаўшы. Кемпир ҳәмме ўақыт барлық нәрсени байқаўшы еди (Б.Кербабаев).

БАЙҚАЎЫМША р. Билиўимше, сезиўимше, абайлаўымша. Рас айтаман, мениң байқаўымша сениң бар ғой, көзлериңде аўыр сыр бар, айтыўың зәрүр (Т.Қайыпбергенов). Бирақ, бир де пискени аўызына түспеди, мениң байқаўымша мийўениң ең әўели уша басы писеди екен, ... (Ө.Айжанов).

БАЙЛАМ ат. 1. Басқа салынатуғын жаўлықтың (шаршының) ең кишкене өлшеми. Бир байлам шаршыны белине байлап ғарры сыртқа шығып кетти (ққ.х.е.). 2. Бир топ түйин, бир буўма, түйиншик. Ҳәммесин бир байлам етип буўды (Ө.Айжанов). 3. Қап ямаса қапшықтың ҳәм де ыдыслардың аўзын байлайтуғын ең кишкене жип ямаса шыжымның өлшеmi, бөлеги. ...қарыстай байлам жип табылмады, ... (ққ. х. е.). 4. Жуўмак, тоқтам, шешим, сөздиң түйини. Бул мәселе бойынша бригадир колхозшылар менен бир байламға келди (газетадан).

БАЙЛАМАЎ ф. Таңыўсыз, шандыўсыз, буўыўсыз, бос, байлаўсыз. — Ҳа қыз, ҳа Айшагүл, сен не питирдиң бузаўды айырып байламай? (Т.Қайыпбергенов). Ер жолында жан қыйнамай, Мойнына зулпын байламай (А.Дабылов).

БАЙЛАНБАЎ ф. Түйилмеў, бәнт болмаў, бос, байланбаған. Улым болса қолым байланбас еди, Енди мениң қызыл гүлим солады («Ер Зийўар»). Балалар сыртқа шығарылды, есикке кисен қулып урылды, ийт те байланбады (Ш.Сейтов).

БАЙЛАНЫС ат. 1. Адамлар, жәмәәт яки жәмьийет ортасындағы келисим, еки жақтың арасындағы беккем қарым-қатнас. Сениң... Гриша менен байланыс жасап кеткенлигин бир түрли етпей қоя ма? (Ә.Шамуратов). ...бул халықлардың мәдений байланыс партасы бундай болжаў жүргизиўге мүмкиншилик береди (Қ.Мақсетов). Рети менен оның үстине Абылдың «қарындасы» киргенде, капитан ол кыз бенен көбирек сөйлесип, Сабыржан менен болған байланысы ҳаққында сорады (А.Бекимбетов). 2. Сөйлесик, келисик. Соннан берли булардың дослығы бир-бири менен байланысы үзилген емес (Қ.Досанов). Сапар менен Оралдың арасындағы байланыстан оның хабары жоқ (М.Әбдиреймов). 3. Тийисли, шәртли, сыбайлас. ...жаңа нормалар, жаңа жәмийетлик байланыслар, көзқараслар қәлиплеседи (Г.Есемуратов). Сонлықтан денедеги анаў я мынаў мүшениң функциясының бузылыўы, усы орайлық нерв системасы менен бас мийиниң байланысы ҳәкислениўинен келип шығатуғыны бизге жүдә анық (А.Бекимбетов). 4. Узақта туратуғын адамлардың бир-бири менен хабарластырыўшы, сөйлестириўши мәкемелердиң, кеңсеси, телефон-телеграф, хат ямаса биреў арқалы жасалатуғын қатнас. Байланыс бөлими. — Әўеле байланысын үзиў керек, мениң аяғымның астында телефон сымлары жатыр, — деди ол сыбырлап (Ө.Айжанов).

БАЙЛАНЫСЛЫ кел. Қатнасығы бар, себепли, тийкарлы. Бәри де өзиңе байланыслы (А.Әлиев). Лекин, буның ҳәммеси Мийирханға байланыслы (Ө.Хожаниязов).

БАЙЛАНЫССЫЗ кел. Уйқаспайтуғын, үйлеспейтуғын, қатнаспайтуғын, араласпайтуғын. Бир-бирине байланыссыз сораўларды қайталап орнымнан ушып турдым (К.Смамутов). Бизде дерлик аўыл өмири менен байланыссыз бир де шығарма жоқ (Г.Есемуратов).

БАЙЛАНЫСТЫРЫЛЫЎ байланысыў фейилиниң ерксиз дәрежеси. Нухтың аклық, шаўлықларының аты болса айырым халықлардың атамалары менен байланыстырылады (К.Мәмбетов).

БАЙЛАНЫСТЫРЫЎ байланысыў фейилиниң ерксиз дәрежеси. 1. Өзбекстан регионы өз ара саўда жағынан байланыстырып туратуғын геостратегиялық аймақта жайласқан (газетадан). Ол әўладларды әўладларға, әсирлерди әсирлерге байланыстырады (газетадан). 2. Бир нәрсеге қатнаслы болыў. Ал Бердақ болса өз шежиресинде усы он жети батырдың өлимин Қоңыраттың «Қара мойын» урыўының келип шығыў ўақыялары менен байланыстырады (К.Мәмбетов).

БАЙЛАНЫСТЫРЫЎШЫ ат. Қарым-қатнас жасаўға имканият бериўши, келистириўши, сыбайластырыўшы. – Бул туннель Өзбекстанды Қырғызстан ҳәм Қытай мәмлекетлери менен байланыстырыўшы әҳмийетли темир жол өткели есапланады (газетадан).

БАЙЛАНЫСЫЎ ф. Араласыў, қатнасыў, қарым-қатнас жасаў, сөйлесиў, келисимге келиў. Мийнеткеш массасы менен байланысыў керек болды (С.Мәжитов). ...автор тарийхый ўақыялардың шебер байланысыўына ериседи (Г.Есемуратов). Агитация ҳәм пропаганда жумысларын практикалық жумыслар менен байланыстырыў керек (Т.Нәжимов). ...бурынғы әдебият пенен ҳәзирги әдебияттың саны тығыз байланысқаны айқын (А.Бекимбетов).

БАЙЛАТПАЎ ф. Услатпаў, ерк бермеў, байлаўға мүмкиншилик бермеў, бир нәрсени бир-бирине жалғастырмаў, түйистирмеў. Келген жаўды шыдатпай, Аяқ-қолын байлатпады, Душпаны ҳеш бир батпады, Алақласып барған екен (Бердақ). Жаман атқа жал питсе, Жанына торсық байлатпас, Жаман ерге мал питсе, Жанына қоңсы қондырмас, Қондырса да тындырмас (ққ.х.н.).

БАЙЛАЎ ф. 1. Арқанды, жипти, шыжымды ямаса басқа бир нәрсени бир-бирине жалғастырыў, түйистириў, бәнт етиў. Қабақтағы жипке узын арқан байлап ырашта жүрип, еки бала еки жақтан тартамыз (А.Бекимбетов). Жарылған басын сийле менен байлады (А.Бекимбетов). Соннан төртеўин үзип әкелип, еки-екиден мойнын қосып жип пенен шатып байлайық (А.Бекимбетов). 2. Қандай да бир нәрсесин басқа биреўге сыйлаўға бериў, ҳүрметлеў ретинде сыйға усыныў, арнаў. Енди байлаўлы қаршығамызды баласының қанжығасына байладық (К.Султанов). Бир тийинсиз Сапардың қанжығасына байлап жибергенимди умыттың ба қатын?! (К.Султанов). – Ал, жүдә енди? – деп Кудыяр жасаўылды ертип, туўры шаўып баратыр еди, тоғайдың ишинен бир атлы шықты да тазыға булардан бурын жетип, қоянды қанжығасына байлады (К.Султанов). Билерсең ышқы дәртин өзиң ойлан, Жүреги жаралыға дым қыйын ҳал, Унатсаң ақ марлыға таң да байлап, Жүректи өзиң емлеп, тек өзиң ал (Т.Сейтжанов). 3. Белгили бир шешим, жуўмақ. Ерназарды алдаўлықта байладың, Айып билмес ҳаслың натық қолдаўлы (Бердақ). Байлап өлер сениң жүрер жолыңды, Байлады уры деп еки қолыңды (А.Өтеш). ◊ Тили байланыў — сөйлей алмай қалыў, үнсиз қалыў. Үндемейсиз неше айлап, Қоя бериң тилди байлап (Т.Жумамуратов). Бел байлады — тәўекел етти, тақ турды, умтылды, жигерленди, ғайратланды, ғурыжға минди. Арадан еки күн өткен соң Әметтиң өзегин өртеген ой бир жағына шығып, ол Жумагүлдиң үйине барыўға белин байлады (Ө.Айжанов). Шофёр болдым машын айдап, Сол талапқа белди байлап (Ш.Артык). Ўатанымыз гүл жайнаған, Халқы ушын бел байлаған, Намыс ушын жан қыйнаған, Досларга даўыс берейик (Д.Қасымов). Жипсиз байлады — аўыс. руқсат етпеди, өз еркине жибермеди. Түсим бе, оным ба, япырмай бала, — деп иштен ойланып, жипсиз байлаўда (Ш.Артык). Кимниң маңлайындағы жалғыз ешкисин, кимниң сыйырын апарып ийирип жипсиз байлап қойыпты (К.Султанов). Көз байлады — алдады, арбады, беккемледи. Соны барып ал да ушын ис етип жонып, Испандиярдың еки көзинен байлап сары жайға салып атсаң... (ққ.х.е.). Қанат байлады — талпыныўға умтылыў. Сени сүйип жырым қанат байлаған, Қыялымды алып ушып барады (Т.Сейтжанов). Шадлығыма шадлық қосқан, Жазған сайын кеўлим йошқан, Қанат байлап өрге ушқан, Бул жаслық жырларым саған (Т.Сейтжанов). Бахтын байлады — кесент, иркиниш, зыян. Ендиги жағында сол бийдәүлетти күтип бахтыңды байлама, өзиңниң оңарыңды ойла, балам? (К.Смамутов). Сен жүрипсең сайран етип той-тойлап, Пайдасыз қызларға бахтыңды байлап (А.Дабылов). Байлама мениң бағымды, Ол айтқаның керек емес (Омар). Суў байлады — бөгет басыў, сағасын тыйыў, ағызбаў, тоқтатыў. Жуўырды Гүлжан бөгетке, Пәтли суў байлаў бермеди (Б.Қайыпназаров). Саға байлаў — шыққан жерин иркиў, тоқтатыў. Мине, ол он қарықтың сағасын байлаўға киристи, ... (Ө.Хожаниязов). ...олардың жапларының сағасын байлап таслап, ақ егин, көк егин дегеннен бос қалдыратуғын еди (А.Бегимов). Бас байлады — өлимге басын тикти, кәўипке, қыйын ҳәдийсеге көниў, қайыл болыў. Бирақ, олардың биразы басы байлаўда болды (К.Султанов). Бас байлаўда ябыға усап, Ойладым: «енди ҳал нешик болады (Ш.Артык). Туў байлады — байрақты байлады, тикледи, көтерди. «Жеңис тууды байлады (газетадан). Басы байланды — ҳаял-кызлардың биреўге атастырылып қойылыўы, қараслы болыўы, тийисли болыўы. Көзи байланды — көзи көрмеў. — Ислеген исти көрмей көзи байланды ма оның? — деди Жаббақ (Б.Кербабаев).

БАЙЛАЎЛЫ кел. 1. Түйилген, байланған, таңыўлы, буўыўлы, шандыўлы, түйиўли. Басындағы байлаўлы бинтти алып тасламақшы болды (А.Бекимбетов). Асангелди уйқысынан оянып қараса, қасындағы ҳаялы менен баласы жоқ, атлар да жоқ, қолы байлаўлы (ққ.х.е.). Олар қорғана алмас еди, қол-аяғы байлаўлы (М.Нызанов). 2. Байлаўлы ийт. ... Кеште ҳаялым менен әри ойластым, бери ойластым, ақыры үйдеги байлаўлы Бөрибасарды алып кеттим (М.Нызанов). 3. аўыс. Фәрезли, илажсыз. Ертең күндиз журт алдында байлаўлы турғанша усы бүтин түнде билегин кесип бериўге қайыл, ... (К.Султанов). Шайырдың байлаўлы бахты ашылды, Жүйриктиң шидери бирден шешилди, Қанат жазып, әтирапқа қосылды. Шайырдың булағы тасты Аббаздың (Д.Қасымов).

БАЙЛАЎСЫЗ кел. Байланбаған, байламай қойған, бос. Бригадир байлаўсыз жүрген ылақларды айдап келди (газетадан).

БАЙЛЫҚ ат. 1. Материаллық кәнлердиң жыйынтығы. Таўдан алған халық байлығын, Әлле кимлер алар тартып (И.Юсупов). Туўған жерим Ақса-Дәрбент деген жай, Жеримиздиң байлығы мол қарағай («Мәспатша»). Тарийхта Жайхун деген атың бар, Байлықтың кәнисең түрли затың бар (С.Нурымбетов). 2. Материаллық мүлклердиң, малдың, дәўлет, ақшаның, дүньяның молшылығы. Байлық пенен дүньяны салма араға (К.Султанов). Қанша байлық, қанша алтын, жер, суў ҳәм есапсыз малдың (И.Юсупов). Доллар жанлы ҳүкимети, Байлық излеп болған себил (И.Юсупов). 3. Бахыт, денсаўлық, қуўаныш. Адамға бәринен тирилик қымбат, Асқан байлық — жасап дүньяда турмақ (Т.Әбдираман). Күн-күн өскен, көкке тийген лек-лек байлық тасқын өмир (Т.Әбдираман). Қол-аяғы матаўда, Уллы байлық деп саўда (Бердақ). Тил жетпес айтыўға бәрин, Әлўан байлық жыр қыларым (И.Юсупов).

БАЙПАҚ ат. Қойдың яки түйениң жүнинен исленген аяк кийим. Бираздан кейин Айдананың байпағын, үст кийимлерин ҳәм Несибелиге етик алып келди (Ө.Хожаниязов). Ванюшаның ораған шарфынан, аяғындағы байпағынан, уйқылы жүзинен Дмитрий Андреевичке қыйыншылыққа, кемтарлыққа, мийнетке толған басқа бир турмыстың өзин шақырып турғаны сезиледи (Л.Толстой).

БАЙПАҢЛАЎ ф. Әсте-ақырын, жай, шайқалып, теңселип, ырғалып жүриў, жай басып жүриў, аяғын ақсаңлаңқырап, сылтып жүриў. Байпаңлап шықты ортаға, Сол ўақлары Аллаяр («Қырқ қыз»).

БАЙРАҚ I ат. Ағаш ямаса металлға орнатылған, бир ямаса бир неше реңли, безетилген ямаса безетилмеген болып, мәмлекет, кәрхана, шөлкем, әскерий бөлим ҳәм т. б. қараслы белгини билдириўши, таўардан жасалған төрт мүйешли белги, туў, жалаў: Мәмлекет байрағы. Дивизия байрағы. Көшпели байрақ. Байрақ орнатыў. Республикамыз өзиниң мәмлекетлик нышанлары — байрақ, герб ҳәм гимнлерине ийе (газетадан). Көшпели байрақ көз житирим жерден жалындай лаўлап көзге түседи (И.Юсупов). 2. аўыс. Мақсет, жол. Тынышлық байрағы. Азатлық байрағы. Ғәрезсизлик байрағы. Желбиреген ғәрезсизлик байрағың (Г.Нурлепесова).

БАЙРАҚ II ат. Жарысқа тигилген сыйлық. — Ҳә бәрекелла, бүгинги байрақ сеники (Н.Дәўқараев). Басып озып гүл беремен байраққа, Ал мен уштым сен изимнен қуўала! (И.Юсупов). ◊ Бәйги байрақ — жарысқа қойылған зат, ўәж. Ол тек усы атты шаўып биринши бәйги байрақты алыўына ғана қызығатуғын еди (Ж.Аймурзаев). Жети жылға ат жиберип Мойнағым, Қутлы болсын бәйги алған байрағың (К.Султанов). Бақсы байрақ — бақсыларға берилетуғын сыйлық. Бақсыларға байрақ берди, Жақсыларды жаман көрди (Күнхожа). Мүше байрақ — ылақ ойынында озып келгенлерге берилетуғын мал. Мүше байрақ бермеди, Еки айланып келди, Мунда да мүше бермеди, үш айланып келеди («Алпамыс»). Жары байрақ — берилетуғын сыйлықтың ярымы, жартысы. Абырайы сизики, жары байрақ бизики, Пошха-пош деп заңғар кәл, Ат жетеклей береди («Қоблан»). Байраққа тигиў — арнаў, жоллаў, бағышлаў. Мен басымды Нигарханның жолына байраққа тиккенмен, ... (К.Султанов).

БАЙРАҚЛАНЫЎ ф. Алдағы қатарда болып сыйлықланыў, байрақ алыў, байраққа миясар болыў. Егер бурын адамлар мени «Ергаш» деп атап келген болса, әне усы «байрақланыў»дан соң «Ергаш кетик» деп атайтуғын болып қалды (С.Айний).

БАЙРАҚЛАЎ ф. Жақсы ислеўши адамларды сыйлықлаў, алдыңғы қатардағыларға жақсы затлар менен ямаса ақшалай сыйлық бериў, саўға бериў. Колхозшыларды ҳәр түрли затлар менен байрақлады (газетадан).

БАЙРАҚСЫЗ кел. Қуры, босқа. Қыя шөлде үшеўи байрақсыз атлар шабысты («Қырқ қыз»).

БАЙРАМ ат. Белгили бир тарийхый ўақыяға байланыслы белгиленген мереке күни, той-тамаша болатуғын мерекениң күнлери. Бул байрам ҳақыйқат дослық байрамы болады (газетаdan). Халқым қутлы болсын уллы байрамың (Г.Нурлепесова). Сол күни қалмақтың байрам күни екен («Мәспатша»). Уллы байрам той қылып, Халықты қылды абадан («Қырқ қыз»). Салтанатлы байрамларда емес тек, Бизлер доспыз, дослық уллы бизлерде (Б.Қайыпназаров). Жыраў тойlarda, байрамларда көп адамлық жыйынларда ғана айтады (Н.Дәўқараев).

БАЙРАМЛАЎ ф. Белгили бир уллы күнлерде салтанатлы түрде мерекелеў, ойнаў, ўақты хошлық етип сайранлап жүриў. Колоннаның басында шалқып, Берер искер ғарры пахтакеш, Табыс таўып ҳәммеден артық, Байрамлар ол усылай ҳәр сапар (Т.Сейтжанов).

БАЙСЫЗ кел. Ери жоқ, күйеўи жоқ, басы ашық, байы жоқ, басы бос, жесир, тул. Отызға жаңа келген келиншектиң бир жылдан берли байсыз жүре бериўи қулақ еситпеген гүна екенин айта келип, тезирек теңин табыўды апама нәсият етти (К.Смамутов). Күйеўи болмаған соң байсыз баланы туўып қайтсин, шөктирип таслатыпты (Ө.Айжанов). Себеби, мениң аўылымда бир де жас ҳаялдың байсыз жасап, басқа жаслардың да ҳарам жүриўине себепши болыўын қәлемеймен (С.Айний).

БАЙСЫМАҚ кел. Байыңқырап киятырған, байға жақын, бай таклеттеги адамлар. Қалада турған байсымақ адамларға көшпели түркменлер қарсы болды (Қ.Ирманов). Дәрҳал қайыр ете қойыпты, байсымақлар! (М.Нызанов).

БАЙСЫНЫЎ ф. Молсыныў, көпсиниў. Кемпир ананы-мынаны айтып Жаббақларға байсынды (Б.Кербабаев).

БАЙСЫРАЎ ф. Турмысқа, ерге шығыўды қәлеў, байға тийиўди қәлеў, күсеў. — Егер байсырасам «Қабасан ашамайлы»дан да адам табылар (К.Султанов). Шыйынназардың мәс қатынлары да байсырап, санларына шаппатлап отыр (Н.Бөрекешов). Қурты аққан Журынды алып келгенше, Байсырасаң маған тийсең болмай ма («Қырқ қыз»).

БАЙТ ат. инф. (инг. bute) электрон есаплаў машиналардағы символлақ таңбаларды аңлататуғын сегиз биттен туратуғын информация санының өлшем бирлиги.

БАЙТАЛ ат. Еки-үш жастағы урғашы жас жылқы. Минип келгеним кисиниң байталы еди, ... (Қ.Ирманов). Айтсаңыз жаман сөзди аңлаўсыздан, Айтыңыз байтал бар ма аттан озған (Әжинияз). Ҳәр қайсыңыз минип апсыз бир байтал, Ҳаўлығып, ҳаплықпа күшиңди қайтар (Бердақ).

БАЙТАЛДАЙ кел. Байталға усаған, мегзес, уқсас, таклетте. Қатын алсаң нардай, бала туўар жардай, қай бир иске жумсасаң, барған жери бәри жай, Қатын алсаң байталдай, бала туўар шайтандай, Қай бир жерге жумсасаң, қайтып келер айталмай (ққ.х.н.). Торы атқа қарасаң, зәлел еткен ҳәттершиниң байталындай болып турады («Қоблан»).

БАЙТЕРЕК ат. 1. Турпаты үлкен, узын бойлы, жапырағы қалың, қойыў көлеңкели терек. Саялы нәруан байтерек, Аўылдан қублада ерек («Мәспатша»). Олар алдымызға түсип жүрмесе есиктиң алдындағы еки байтеректиң биреўин түбинен шаўып жоқ етип, биреўин геллеклеп шырпып келиң, ... — деп тапсырады, ... (ққ.х.е.). Ол байтерек үстинен ескен өлпең самал менен желбиреп тур (А.Бекимбетов). 2. аўыс. Ҳүрметли, абырайлы, мәртебели. ХХ әсир қарақалпақ әдебиятының қос байтереги И.Юсупов ҳәм Т.Қайыпбергенов дөретпелери халқымыз жүрегинен терең орын алған (газетадан). Бул Байтерек тамыр урған тереңге (Б.Сейтаев).

БАЙШЫЛ кел. Байды жақлаўшы, байдың тәрепдары, байды қорғаўшы. Байдың сөзин сөйлеўши, жырын жырлаўшы байшыл адам еди (С.Айний).

БАЙШЫНАР ат. Қалың жапырақлы, қойыў саялы, көлеңкели, таўлы жерде өсетуғын узын ақ терек. Байшубарды Байшынарға байлап, төрге төрт қатлап төсекти салып, ... («Алпамыс»).

БАЙЫР ат. Орын, мәкан, жай, қоныс. Көл бойына байыр етип турақлы, Мен кетермен әрман менен жырақлы, Қамыс орып, алтаў-жетеў орақлы, Терис төбе, Узынқайыр жайлаўым (Күнхожа). Өзиниң байыр малындай, Қолда доғмыт қулындай қылып жүз миллионнан көп жарлыны бир неше ғоне мыңнан қуралған байлар бөлисип алыпты, ... (С.Мәжитов).

БАЙЫРАҚ кел. Мал-мүлки, дүнья-малы көбирек, байға шамалас адам. ... бай дегенде мен аўылдың байырағы шығарман, журттан бай емеспен, ... (Қ.Ирманов).

БАЙЫЎ ф. 1. Мүлки, дүньясы көбейиў, молайыў, қурғынланыў. Усылай етип кемпир кем-кем байыйды (ққ.х.е.). Шийдиң түбин қайырған, Есап пенен байыған (ққ.х.к.). Мийнет етип, күшимизди басқа биреўлердиң байыўы ушын жумсаймыз (Қ.Ирманов). 2. Көп егисликтиң егилип болыўы, егистиң тамамланыўы, егистиң бир түриниң егилип болыўы. Быйылғы егисте байыды (Ж.Аймурзаев). 3. Билим, илим, мәденият ҳәм басқа да тараўлардың раўажланыўы, өсиўи. Дослық, бирлик арқалы мәденияты менен әдебияты көркейип байып отырады (Қ.Айымбетов). ... сын көтерерлик 10 поэма, 10 драмалық шығарма, прозаларды жазып әдебиятымызды байытты (Г.Есемуратов). Ҳәр бир миллет өз спецификациясына ийе, бул өзгешеликлер ҳәр бир халықтың жер жүзилик, мәденият ғәзийнесине қосатуғын, оны толықтыратуғын ҳәм байытатуғын үлес болып есапланады (Б.Исмайлов). ◊ Шала байыў — пайдалы зат алыў, бир олжаға гезлесиў, бир пайда түсириў, тысқарыдан кирис болыў, пайда көриў. «Жарлының бир тойғаны — шала байығаны» деген, ... («Мәспатша»). Егер буның бәри телекке түссе, онда шала байып қалармыз (Ө.Хожаниязов).

БАЙЫЎЛЫ ат. Көбинесе гөне тамға үййир болып уялайтуғын, тийкарынан түнде аң аўлайтуғын жабайы қустың бир түри. Ҳәр жер-ҳәр жерден шырылдаған бузаўбастың, жылқышы менен байыўлының, анда-санда мөниреген мал даўыслары еситиледи (Ө.Хожаниязов). Қашан көрсең усы табыттың үстинде байыўлы отырғанын көремен (Қ.Досанов). ... адам толған тамларды байыўлы уялаған мәканларға айландырмады ма, — деди (А.Бегимов).

БАЙЫЎЛЫДАЙ кел. Байыўлыға уқсас, мегзес. — Байыўлыдай шықылықлай берме, ҳәзир беремен (А.Бекимбетов). Байыўлыдай муддасыл гөне тамда отырып билмейтуғын бәлең жоқ (А.Бекимбетов).

БАЙЫЎШЫЛЫҚ ат. Байыўдың жолына түсиўшилик, қызығыўшылық, умтылыўшылық. Бул да байыўшылықтың изине түсти, ... (Б.Кербабаев).

БАК ат. (голл. bak — табак; ески қайық). Суў, май ямаса басқа да суйықлық затларды сақлайтуғын үлкен ыдыс. Қәне, анаў шелекти алып, жоқарыдағы бакке шық (С.Салиев).

БАКАЛАВР ат. (лат. baccalaureus). Айырым мәмлекетлерде, сондай-ақ, Өзбекстанда жоқары билимлендириў системасының биринши басқышын тамамлаған студентлердиң академиялық дәрежеси. ... китапханашылық ҳәм библиография бакалавр тәлим бағдары жаңадан ашылды (газетадан).

БАКАЛАВРИАТ ат. Айырым мәмлекетлерде, сондай-ақ, Өзбекстанда қәнигеликлер бойынша фундаментал ҳәм әмелий билим беретуғын, оқыў төрт жылдан ибарат болған таяныш жоқары тәлим. «Өзбекстан Республикасы Жоқары оқыў орынларының бакалавриатына оқыўға қабыллаў ушын кириў тест сынақларын өткериў тәртиби ҳаккында»ғы Реже тастыйқланды (газетадан).

БАКАЛАВРИАТУРА ат. Айырым мәмлекетлерде, сондай-ақ, Өзбекстанда қәнигеликлер бойынша фундаментал ҳәм әмелий билим беретуғын, оқыў төрт жылдан ибарат болған таяныш жоқары тәлим бағдары. ... бакалавриатураға жәми 95 студент қабыл етилди (газетадан).

БАКАЛЕЯ ат. Ҳәр қыйлы азық-аўқатлық затлар менен саўда қылыўшы дүкан (магазин). Бакалея затларын көбейтиў керек екенлигин көрсетип өтти, ... (газетадан).

БАКЕНБАРДЫ ат. Шекеден ийекке шекем аралықтағы сақалдың бир бөлеги.

БАКЛАЖАН ат. Көкшил қоңыр түсли бир жыллық палыз өсимлиги. Баклажаннан таярланған аўқатты әкелип қойды (Ө.Айжанов).

БАКЛАЖКА ат. Салқын ишимликлер, азық-аўқатлық затлар (өсимлик майы ҳәм т.б.) ҳәм басқа да хожалық ушын керекли затларға арналып исленген пластик ыдыс. Автобустың жүкханасындағы қалта толы баклажкадағы сүт түсирилип, қабыллап алған адамлардан сүттиң ақшасын ҳәм орнына бос баклажкаларды ҳәм хизмет ҳақысын алады (газетадан).

БАКТЕРИОЛОГ ат. Бактериология бойынша қәниге, илимпаз. Ҳәзир бизде бактериологлар жок (газетадан).

БАКТЕРИОЛОГИЯ ат. (бактерия + грек. logos — билим, түсиник). Микробиологияның бактерияларды үйренетуғын бөлими. Бактериялар ҳаққындағы илимий тәлиймат. Улыўма бактериология. Медицина ҳәм ветеринария бактериологиясы. Аўыл хожалық бактериологиясы. Бактериология тараўы кем раўажланған (газетадан).

БАКТЕРИЯ ат. (грек. bakterion — таякша). Тәбиятта кең тарқалған бир клеткалы, тек ғана микроскоп арқалы көринетуғын жүдә майда микроорганизм. Бактериялар шириў, ашыў қәсиетлерине ийе болады. Пайдалы бактериялар. Зиянлы бактериялар. Бактериялардың тәбияттағы ҳәм халық хожалығындағы әҳмийети жүдә үлкен, себеби бактериялардың қатнасыўысыз тәбиятта затлар алмасыўы пайда болмайды (газетадан).

БАҚ ат. Бахыт, қут-берекет.— Ҳәмийше бақ усы шаңараққа яр болғай! Әўмийин! (А.Садықов).

БАҚА ат. Суўда ҳәм қурғақлықта тиришилик етиўши жаныўар. Ҳәр ким туўған елинде, Бақа көлинде (ққ.х.н.м.). к. қурбақа.

БАҚАДАЙ Бақа сыяклы. Кузовта бочканың даңғырлысы саз, Флягалар қырда қалған бақадай (И.Юсупов).

БАҚАЙ ат. Аяқтың бир бөлеги, тобық пенен дизениң аралығы, бақай жилик. Қара талдай майысып, Бақайы да, қайысып, Басы жерге тийгенде, Зордан әзин алады («Қоблан»). Белдеўликке миндирди, Аўырлығы соншеллы, Алпамыстай батырды, Бақайдан жерге көмдирди («Алпамыс»). — Бул жолларға бирге келген қақайым, Аўырып тур таслар қаққан бақайым («Қырқ қыз»).

БАҚАЙШЫҚ ат. Бақай бөлекшелери саўсақларының буўынға бөлинген кишкене сүйеклери. Қазанда көп бақайшық бүлкилдеп қайнаўлы тур (Қ.Аралбаев).

БАҚАЛАҚ ат. Дигирманның үстиңги бөлегин көтерип турыў ушын ортасындағы тесикке орналастырылатуғын қатты, ерманы қурғақ жыңғылдан исленген зат. Ал, дигирман тартқанда бақалағын түсиремен (Ж.Аймурзаев). Бақалағы майысты, Ат шапқан дағдың пәстине («Алпамыс»). Қабырғасы қайысып, Бақалағы майысып, жарылып тек те өлмеди («Қырқ қыз»). Өмиринде таслаған бақалақ маңлайына тиймеген жарлыға ол жорға ылайық емес (Қ.Ирманов).

БАҚАЛАҚЛАНЫЎ ф. Қара үйдиң үзигиниң төменги ишки бетине ҳәр жерге кийиздиң үстине қызыл шыттан нағыслап тигилип жабыстырылатуғын кийиз. ..–, алты қанат бақалақланған ақ орда (К.Султанов).

БАҚАН ат. 1. Қара үй менен ақ отаўдың түңлигин, үзигин, жабыўын ашып жабатыўын ҳәм де көтерип салыў ушын қолланылатуғын ушы аша узын жинишке ағаш. Бақан қурды ақ отаўға, Етпеди ҳәм артық ғаўға, Салды жүўен асылыўға, Ҳәммесин таңлаған екен (Бердақ). Балалар, бақан керер кәдемизди бер (Н.Дәўқараев). Бақанды олар көмеди, Бақанға жүўен кереди (Бердақ). 2. Бир нәрсени көтериў ушын ямаса тиреп қойыў ушын қолланылатуғын ушы ашалы жуўан ағаш. Ортадағы тамның нәтигине беккемленген бақанның ушы жуўаздың кең шуқырында гүнжини езип, майын шығарып... (Б.Бекниязова).

БАҚАНДАЙ кел. 1. Үлкенликти, ириликти, геўделиликти, нәҳәнликти билдиреди. Ол биринши жыл тал шыбықтай, екинши жыл таяқтай, үшинши жылы бақандай болып жетисти (Қ.Досанов). 2. Бақанға усас, мегзес, сыяклы, сондай. Есик алдында бақандай қатып турған еки часовой кирген менен шыққаннан көзин айырмайды (Қ.Досанов).

БАҚАНЛАЎ ф. 1. Бақан ағашы менен урыў, сабаў, қуўыў. Үй артынан мал келсе бақанлама, келиншек (ққ.х.қ.). 2. Бир нәрсени бақан менен көтериў, тиреў. Шертектеги ағашлардың қайысқан жерлерин бақанлап қойды (С.Мәжитов).

БАҚАНША ат. Бақанның кишкене түри. ...Айқастырылып қойылған қайық бақаншасы менен қоршалған (Қ.Досанов).

БАҚАНШАҚ ат. Суўда жасайтуғын суў өгизи деп аталатуғын омыртқасыз жаныўардың үстиндеги, арқасындағы оларды қорғап туратуғын домалақ сүйеги, сыртқы кеби. Сизлерди ойлап жүрдим мен де, Бақаншақ алып қайттым таўдан (И.Юсупов). Бул теңиздиң бақаншақлары, Бәри жақсы көзге рәўшан (Ш.Мәмбетмуратов).

БАҚАНШАҚТАЙ кел. Бақаншаққа усаған, бақаншақ сыяклы, бақаншақ тәризли. Көзи бақаншақтай, он бир, он еки жастағы қара бала алыста қатар етип турған генейлерди қолындағы сақа менен баўдай түсирип тур еди (К.Султанов). Маманға, оның өзине сай атқосшысына, қызғаныш көзлери менен қарап турған бийлерди көрип хан бақаншақтай алақанын шот маңлайына сая қылып, қасындағы Полат жасаўылдан сорады (Т.Қайыпбергенов).

БАҚАТОСҚЫН ат. Көллерде, қалдық суўларда, изей суўларда майда жинишке тамыр сыяклы шоқ болып өсетуғын, жасыл реңли өсимлик. Усындай самал ескен күни бақатосқынлар көлдиң жийегине толып жататуғын еди (Ө.Айжанов). Жасыл бақатосқын торлады үстин, Сайызлап, тынысы тарыла түсти (И.Юсупов).

БАҚАТҮЙМЕ ат. Үстиндеги бетинде қаслары бар, формасы қурбақаға усап келетуғын түймениң бир түри, бул ҳаял-кызлардың көйлегиниң көкирек бөлимине тағылады. Көйлегиниң көкирегинде бақатүйме тағылып тур, ... (Қ.Аралбаев).

БАҚ-ДӘЎЛЕТ қ. бағ-дәўлет.

БАҚҚАЛ ат. Майда-шүйде сатыўшы. Жигиттиң көрқи сақалды, Қаланың көрқи баққалды (ққ.х.к.). Чай, қант сатқан баққаллар, Қырмызы шалы үйирген («Ер Зийўар»). Бул күни балалардың көбиси күтә аўыр хизметте болады: биреўлер қуўырдакхананың отын жағады, биреўлери нанбайхананың нанын тасыйды, биреўлери дүканшы баққаллардың усак-түсек жумысын ислейди (Н.Дәўқараев).

БАҚҚУМАР кел. Ҳәмелпараз, атаққумар. Ол әўелден-ақ баққумар болыўға ҳәўес еди, ... (Қ.Аралбаев).

БАҚҚУМАРЛЫҚ ат. Ҳәмелпаразлық, атаққумарлық. ...тозып, шубырып, бүлинип келген елин миллетшилик, баққумарлық нәзери менен болса да өз миллетин талаттырмайық деген қарақалпақ батырлары болған (Қ.Ирманов).

БАҚҚЫ кел. 1. Белгили бир орынға байланған, от-жем берип тәрбияланған, бағылған, көбинесе жылқыларға айтылады. Баққы көрген бедеўлер, Жеңип шықты жыйынды («Қырқ қыз»). Баққыда турған еки ат жатырқағандай қайшы қулағын тикирейтти (К.Султанов). Баққыдан шығарып, Үйшинлерин сайлап, Полаттан суўлық шайнатып, Өр қояндай ойнатып, Достың алдына салып, Алпамыс қалмақтың тойына келди («Алпамыс»). 2. аўыс. Ҳәзил-дәлкек ретинде айтылады. Аман-есен жүрсиз бе, Тилеўдиң баққы кемпири (Қарақалпақ фольклоры).

БАҚҚЫШ кел. 1. Қараўға, қараўыллаўға шебер, қайым, маман. 2. Бир нәрсеге қарайтуғын, қараўыллаўлайтуғын. Сол күннен баслап бурынғы патшаны падашы етип, патшаның ўәзирлерин шопан етип қой баққыш етеди (ққ.х.е.).

БАҚЛАНЫЎ қ. бақлаў.

БАҚЛАЎ ф. Барлаў, сынаў, текериў, барлап көриў, сынап көриў, тексерип көриў, қадағалаў, қадағалап барыў, көриў. Оның барлық ҳәрекетин сырттан бақлап, аңлып жүрген бала әстен артынан билдирмей барып қусты бас салып услап алады (ққ.х.е.). Ҳаўа райын бақлап, шаманы аңлап отырады, ... (Г.Есемуратов). Сөзлеримди отыр бақлап, Душпанлар жүр үйди жақлап, Қонақларын аштан қақлап, Жеўге ас таппаған екен (Бердақ).


БАҚЛАЎШЫ ат. Барлаўшы, сынаўшы, тексериўши, қадағалаўшы, барластырыўшы. Оразалы патша журтына барып, қаласына Айпаршаны айдап жиберип, соңынан бақлаўшы қойды («Мәспатша»).

БАҚНА: бақна етиў ф. Қарасли етиў, айтқанын жүргизиў, изине ертиў, айтқанын ислетиў, болдыртыў. Ол елдиң ишинен базыбиреўлерин өзине бақна етип, елге үгит жүритеди (К.Ирманов).

БАҚПАЎ ф. Қарамаў, күтпеў, тәрбияламаў, қараўылламаў. Қорқақ жигит жигит пе, Елин жаўдан бақпаған («Ер Зийўар»). Ата кәсибинде мал бақпай, Я елден бир аға таппай (А.Дабылов).

БАҚСЫ ат. Халық арасында ҳәр қыйлы жыйынларда, сондай-ақ, радио ҳәм телевидениеде миллий дуўтар әсбабы менен атқарыўшы халық қосықшысы. Халық ишинде қосық айтыўшылардың екинши түри бақсылар (Қ.Айымбетов). Сазла, бақсы дуўтарыңды, Жети асырым намасына (И.Юсупов). Яша! Сүйикли қарақалпақ бақсысы Ещан Қосполатов (Ә.Тәжимуратов).

БАҚСЫ-ЖЫРАЎ ат. Дуўтар менен қосық айтатуғын адамды бақсы, ал қобыз менен жырлайтуғын адамды жыраў деп атайды. Қыр дөгерек айланып отырған курдың ортасына бақсы-жыраўлар да келди (газетадан).

БАҚСЫЛЫҚ қ. бақсышылық.

БАҚСЫШЫЛЫҚ ат. Той-мерекелерде дуўтар менен қосық айтыў кәсиби. ... миллий мәдениятымыз болған бақсышылық өнерин қарақалпақ халық қосықларын, дәстанларды жанлы тәризде атқарып шығыў бахтына миясар болды (газетадан).

БАҚ-ТАЛАЙ қ. бахыт ҳәм талай.

БАҚТАЛАС кел. Күншиллик, бирин-бири көре алмаўшылық, қызғаншақлық. Байдың қатынлары бир-бирине бақталас болып өмир сүре берди (ққ.х.е.). ...үшиншиден, оның менен бақталас, дүнья жарыс дәўлетлилер ҳеш заманда, ҳеш қашан тәўир көрген емес (Ш.Сейтов).

БАҚТАЛАСЫЎ ф. 1. Басқа биреў менен жарысыў, сол адамдай боламан деп талапланыў, тырысыў, ҳәрекет етиў. Мына дәскени, мына мүлкти маған көп көрип, бақталасып жүрген мына гедейдиң қызының артықмашлығы не? (К.Султанов). 2. Көре алмаў, қызганыў. Усы менен бирге помещиклер арасында ала аўызлық, бақталасыў, бирин-бири күнлеўшилик туўды (газетадан).

БАҚТАШЫ ат. Бир нәрсе ямаса затқа қарайтуғын, бағатуғын, күтетуғын киси. Қатыны балығын қақлайды дузға, Тапсырып үйлерин бақташы қызға, Қорықпастан минеди бир ели музға, Сонындай жигитлер Мүйтенде барды (Бердақ).

БАҚТИЯР к. БАХТЫЯР.

БАҚТЫҚАРА к. бахытсыз.

БАҚША I ат. 1. Ҳәр қыйлы мийўе ҳәм палызлы егинлер егилген жер, сондай-ақ, үй алдындағы егислик майданшасы. Кишкентай бақшаның иши түрли мийўе ағашлары менен толған (А.Бекимбетов). Көктиң аңқыған жупар ийиси гүл бақшадан асқандай қонақтың танаўына тәсир етти (А.Бекимбетов). Жорға жүрмел, тулпар киби жүйриклер, Адамзатка шад болғанда кереклер, Бағы-ҳәрем, бақша ҳәм де тереклер, Көзлериме шеңгел шелли көринди (Бердақ). 2. аўыс. Өмирдин, тиришиликтиң қуўанышы, ўақты хошы, салтанаты. Рахмет, саған шырағым, Бақшадан гүллер тергейсең («Қырқ қыз»). Ақырын аралайық, — деди Айжамал, — әне бақша, бизлерден емес қашық (Ж.Аймурзаев). Булбулим, сайра-сайра, Бақшада саз жанласын (И.Юсупов).

БАҚША II ат. Мектепке шекемги жастағы балаларға тәлим-тәрбия беретуғын мәкеме. — Апа, — деди Атамурат Орынбекти кийиндирип болып, — Орынбекти бақшаға жөнекей өзим алып барайын (Т.Қайыпбергенов). ... бақшаның жумысын жөнге салды (Г.Есемуратов). Бала бақша, мектеп, Клуб орайы. Болды аўылда мәденият орайы (И.Юсупов). — Ямаса, Халқабадқа бала бақша салдырып беремен (Ш.Сейтов).

БАҚШЫЙЫЎ ф. Көздиң үлкен болып ашылыўы.

БАҚШЫЛЫҚ ат. Егилип турған жер, орын, майдан, бағдың өсип турған жери.

БАҚЫЙ кел. Мудамы, бәрҳа, мәнги, өлмес.

БАҚЫЙЛЫҚ ат. Мәнгилик.

БАҚЫЛ кел. Сықмар, қызғаншақ, сүтхор, қытымыр, ашкөз, сараң, бүрис. Қай жерде қытымыр ашкөз, сүтхор «ишпей-жемей дүнья-мал жыйнайтуғын бақыл байлардың... (А.Бекимбетов). Мен кимлерге едим бақыл, Ақыллының жетер ақылы (Бердақ). Жақсылардан ақыл алсаң, Ол ақылды бақыл алса (Өтеш).

БАҚЫЛДАЎ ф. Қурбақалардың өз ара даўыс шығарып бақырысыўы, ўарқылдасыўы. Бир тәрептен қурбақалар бақылдайды, екинши жақтан қызыл аяқлардың шыңқылдаған даўысы еситилди (Ө.Айжанов). Мазамды жүдә алдың ғой, Қурбақадай бақылдап, Мийимди де қатырдың, Әкемдей болып шаңқылдап (Бердақ).

БАҚЫЛЛЫҚ ат. Сықмарлық, қызғаншақлық, қытымырлық, ашкөзлик. Егер қапы илинип аўқат желинсе балада бақыллық сезимлери пайда болады (газетадан). Батырлығың болмаса да, Бақыллығың болсын (М.Нызанов).

БАҚЫР I. ат. 1. Мыс, жез. Барлық жерден бақыр шыға бермейди (К.Оразов). 2. гөн.с. Жай металлдан исленген бир тийиннен бес тийинға дейинги ақша . . . бир қосыўыс бақырды узатты (ққ.х.е.).

БАҚЫР II. ф. 1. Қатты қышқырыў, даўыслаў. Бир гезде Сералы Жәдигер ағалап бақырып киятыр (Г.Изимбетов). Николай Найданов, А! де, бақыр (А.Бекимбетов). 2. Урысыў, кейиў. — Балаларыңның ислеген бул ислерине кейи, урыс, бақыр, тәртип бер, — деди ол кемпирге (Ө.Айжанов).

БАҚЫРАЙҒАН кел. Бежирейген, патлыйған, бадырайған. Басым таз, көзим бақырайған қара бала едим (Ж.Аймурзаев).

БАҚЫРАЙТЫЎ бақырайыў фейилиниң өзгелик дәрежеси. Ол жүдә аўыр гүрсинип, тез-тез суўық демин алып, еки көзин бақырайтып есиктен түскен айдың сәўлесине тикти де жатты (А.Бекимбетов). Ол шегир көзлерин бурынғыдан бақырайтып қарайды (Ш.Сейтов).

БАҚЫРАЙЫСЫЎ бақырайыў фейилиниң шериклик дәрежеси. Қашан көрсең я Асқарбай, я Жалғас бақырайысып, бизлерди сирә бир пинҳамы сөйлестирмеди-ғо! (Ш.Сейтов).

БАҚЫРАЙЫЎ ф. Бежирейиў, тесирейиў, көзди үлкен етип ашып қараў. Кемпирдиң көзи бақырайып, қолындағы көпшигин торс еткизип, жерге таслады (К.Султанов). Қақпанға түскен қояндай қара көзим бақырайып, ишимнен шыр-пырым шықса да сыртымнан сыр алдырмай отыра беремен (Ж.Аймурзаев).

БАҚЫРАЎЫҚ кел. 1. Көп бақыратуғын, биймаза, тентек адам. Хожайын жүдә бақыраўық адам (Айбек). Сәл нәрседен қыйтык таўып, — Билмейсең, — деп жала жаўып. Ҳәр кимге бир дәпиниўши, Болды нағыз бақыраўық (Т.Жумамуратов). 2. Көп бақыратуғын ҳайўанат, мал. Ғарры түйе бақыраўық болады (ққ.х.н.). ◊ Бақыраўық түйенин бары жақсы (ққ.х.н.)

БАҚЫРАШ ат. Суйық затларды (суў, өсимлик майы ҳәм т.б.) қуйыў, алыў, салыў ушын пайдаланатуғын металлдан ямаса каучуктан исленген предмет, кружка. Өзимиз-әм орынсыз қонғанбыз ба, таў бизге самал жибермей, бақырашқа салғандай қуяшқа тутады (Т.Қайыпбергенов).

БАҚЫРМАЎ ф. 1. Қышқырмаў, даўыс шығармаў. Мениң изимнен бақырмаңлар! — деп кетип қалады (С.Салиев). 2. Кейимеў, урыспаў, жәнжел етпеў. Сизиң күйеўиңиз күтә тыныш адам, ол бақырмас (А.Бекимбетов). Кеселге бақырмаң дең! — деди Тишин (А.Бекимбетов).

БАҚЫРЫС ат. 1. Шаўқым, жәнжел, урыс, кейис. Залдың ишинде ғаўырлы, бақырыслар басланды (Н.Островский). Ал, сабақларын билмейтуғынлар бақырысқа даўыс қосып тек ыңылдап отыр (Ә.Шамуратов). 2. Кеўли толмаў, кейиў. Биз Шәкең ушын жумыстан бир рет бақырыс еситкен менен немиз кетеди? (М.Нызанов). ... режиссёрлардың бақырысларын еситкен күнлерим де көп болған (К.Мәмбетов).

БАҚЫРЫСЫЎ ф. 1. Жәнжеллесиў, урысыў, мәлеллесиў, кейисиў. Буны қолға түсириўге екеўи ҳийле ойласып, тап сол үйдиң есигиниң алдында бақырысып, боқласып жүрип қыран кески болып екеўи төбелеседи (С.Мәжитов). 2. Шаўқымласыў, қатты даўыс шығарыў. Бизлер молланың тезирек кеткенин тилеп, өтирикке көз абай етип қатты бақырысып оқыдық (Ә.Шамуратов). — Ата, бизлерге газета, хат әкелип тур! — деп изинен бақырысып қалды (Т.Қайыпбергенoв).

БАҚЫРЫЎ ф. Қатты даўыс шығарыў. Бекман бақырыўы менен оларға барып жетти (Б.Бекниязова). Баланың шыр-пыры шығып бақырып жылайды (А.Бекимбетов). Молла ерксиз бақырып жиберди (Ж.Аймурзаев). Дәрўазаның алдында саз даўыс пенен бақырды («Қырқ қыз»). Гейбир шайыр қолға қәлем алғанда, «Сулыўлық» деп бақырды — салғаннан (И.Юсупов).

БАҚЫШ к. қараў.

БАҚЫЯ ф. гөне.с. Қараў, қараўыллаў, бақлаў, көз салыў, нәзер салыў, бир нәрсеге кеўил жиберип бақлап жүриў, нәзерин аўдарыў, Бәйит, бәйит бақыя, Басында мақпал тақыя, Бизлер бәйит айтқанда, Қызлар қасын қақыя (ққ.х.қ.).

БАЛ I к. пал.

БАЛ II ат. ( фр. bal<baller< лат. Ballare — ойнаў, ойынға түсиў). Белгили бир байрам күнлеринде уйымластырылатуғын ямаса айырым адамлардың салтанатлы түрде өткерилетуғын үлкен ойын-заўық кешеси, тойы. ... бизлер ҳәр күни кеште балға қатнасатуғын едик, ... (М.Ю.Лермонтов).

БАЛА ат. 1. Үлкейип ержетпеген, бойжетпеген, нәресте, бөпе, жас бөбек, ул, қыз (ул бала, ер бала, қыз бала). Қолындағы емизиўли баласын капталына жатқызды (Н.Дәўқараев). Суў әкелиў, от жағыў, бала жубатыў (Н.Бөрекешов). — Бирден оянып, жас бала нәрсе, мени көрди де, хаплығып кетти (Т.Қайыпбергенов). 2. Әўлад, туқым, урпақ. Атадан балаға бахыт мийрас болып қалатуғын баяғы заман емес (К.Султанов). ... соңынан аз-азлап оқыў китаплары шығарылып, мийнеткеш қарақалпақ балалары өз ана тилинде оқыўға еристи (Қ.Ирманов). 3. Ҳайўанатлардың, қуслардың, жанлы-жаныўарлардың жас төллери. ... өпепектиң баласы да тап өзине усайды екен, аға, — деди Мурат ағасына (газетадан). Жеткенинше шамасы, Ойы тек еки баласы (Т.Жумамуратов). Қой сүйеди баласын, Қозым-аў деп яр-яр (ққ.х.қ.). ...Разгүл Атамураттың ешегин сейисханаға айдап жибереди де, баласын ишке алып кирди (Т.Қайыпбергенов). 4. Үлкен жастағылардың өзлеринен жасы кишилерге айтатуғын қаратпа сөзи. ... Ол ўақларда не ҳәдийселер болмады, балам. (С.Хожаниязов). — Дурыс, балам, ала бәҳәрден көшейик, — Нуржан шыраны қайта жағып берди (С.Хожаниязов). — Ҳаў балам, неге күлесең? (С.Хожаниязов). 5. аўыс. Турмыстан тәжирийбе алмаған, еле жас. Сен еле баласаң, ал мениң жасым болса, әдеўирге келди (Ж.Аймурзаев). Жәмийла, өйтип бала болма! (К.Султанов). Түркпенлер: Ханда айып жоқ, ол да бир бала да бир деп қоя берди (Қ.Ирманов). ◊ Аўзының сарысы кетпеген бала — ержетпеген, жасы жетпеген, бой жетпеген, жас қыз ҳәм ер бала. Ол бир аўзының сарысы кетпеген бала ғой (Ж.Аймурзаев). Бай баласы — турмысы жақсы, мол дүньялы адамлардың балалары. Бай баласы байға усар, Байланбаған тайға усар (ққ.х.н.). Бай баласы келсе де, Оңлы жуўап бермеди («Қырқ қыз»). Бала-шаға — Ер ҳәм ҳаял менен оның балалары ҳәм қызлары, шаңарақ. Қалай аға, бала-шаға саў ма, мал-жан аман ба? (Қ.Мәтмуратов). Қарағысыз елге, бала-шағаға, Адам етин жейтуғын ҳайўан болдың ба? (И.Юсупов). Жалғыз бала — биреў, жекке бала. Жалғыз бала болған соң Әметти еркелетип өсирди (Т.Қайыпбергенов). Топар бала — көп топ болып жүрген, бир дүркин балалар. Сәлем! — Сәлем!, Сәлем милиционер ағай! — деп көшеден өтип баратырған топар-топар балалар менен қызлар шуўласып лейтенантқа сәлем берди (А.Бекимбетов). Үлкен бала — бой жеткен, ержеткен үлкейип жетискен. Үлкен балаларға еликлеп, мен де баспағымды узын жипке арқанлап қояман (Ө.Айжанов). Шаққан бала — тез ҳәрекет ететуғын, шалт. Өзи шаққан бала екен (газетадан). Қара көзли жумалақ жүзлиден келген шаққан бала шаткаяқлады (А.Бекимбетов). Писик бала — өз исине пуқта, шебер, уқыплы. Өзи де жасына қарағанда писик бала еди (Ш.Сейтов). Хошшы бала — жас үлкенлерге ерип жүриўши жасы киши, жәрдемши, көмекши. Екеўи де машинадан түсип еди, хошшы бала кеңседен шықты (С.Хожаниязов). Шала бала — айы-күни толмай ўақтынан бурын туўылған. Бурынлары шала баланы дорбаға салып, керегеге илдирип сақлайтуғын еди, — деди кемпир (газетадан). Баслық бала — колхозға көбирек баслық болған жигитти көбинесе ҳаяллар атын айта алмағанлықтан усылай атайды. Баслық бала да бизлердиң муңайып отырғанымызды көрди (К.Султанов). Баслық баланың өзлери усы жаққа киятыр (К.Султанов). Жас бала — үлкейип ер жетпеген, бой жетпеген қыз ҳәм ер бала. Ол бул күнде тили жаңа шыққан жас бала тәризли (К.Султанов). Қуда бала — турмыс қурған ерли-зайыплылардың екеўиниң де ағасы ямаса иниси болса, олар бир-бирине қуда бала болып табылады. — Қызы бардың назы бар» деген емес пе қуда бала, сөзин даўам еттирип Ҳурниязбийке,— ... (Қ.Ирманов). Шофёр бала — машина айдайтуғын адамға айтылады. Үйде үш-төрт адам отыр, оның биреўи есикке жақын отырған шофёр бала, оның қасында завсклад отыр, ... (С.Хожаниязов). Почта бала — газета, журнал ҳәм хат тасыўшы адам. Сәўлежан, жаңағы почта бала усы көчеден кетип еди, неге тағы қайтып киятыр (С.Хожаниязов). Бала үстинен қайтыс болыў — туўа алмай өлиў, көз жаралмаў, қайтыс болыў, қазаланыў. Ол пақыр болса, бала үстинен қайтыс болды (Ө.Айжанов). Бала түсириў, бала таслаў — туўатуғын ўақты жетпей түсик түсириў, иш таслаў, төл бермеў. Бул келиншек күни жетпей бала түсирип, ҳәзир наўқасланып жүр, ... (Ө.Айжанов). Нәзийра бала таслап, үйинде жатыр (газетадан). Ерке бала — тентек қылып тәрбиялаў, биймаза, қыңыр. Бул жүдә ерке бала еди, ... (Қ.Аралбаев). Бала көтериў — жүкли болыў, еки қабат болыў. Жәмийла болса көп узамай бала көтерди, ... (К.Султанов). Адам баласы — барлық адамлар, адамзаттың нәсили. Ҳәр бир адам баласының ўазыйпасы — адамгершиликли болыў, ... (газетадан). Қәйин бала — Ҳаяллардың күйеўиниң туўысқан иниси менен урыўлас инилери ҳәм де ҳаялдың иниси күйеўине қәйин болады, булардан басқа жасы киши ер адамларға айтылады. Қәйин бала менен бирге келдим, — деди Айзада (газетадан). Жумабай қәйин баласы менен бирге кетти (газетадан). Жап-жас ғана балалар — нәрестелер, сағыйралар. Жап-жас ғана балаларды, жанған отқа таслайды («Қырқ қыз»). Күйеў бала — ер адам, ҳаялының ата-анасына, жасы үлкен туўысқан-туўғанларына, урыўлас аға, апа, жеңгелерине күйеў бала болады.

БАЛАҒАТ қ. БӘЛӘӘТ.

БАЛА-БАҚША қ. бақша II.

БАЛАДАЙ кел. Үлкен, ержеткен адамлардың жас бала сыяклы болыўы, уқсаўы, минезиниң баладай болыўы. ...ҳасаны қолына алып, атшабар баладай сазланды («Мәспатша»). Оның қасында бойы қырқ гез, ени қырқ гез Рүстем баладай болып көринди (Қ.Айымбетов). Ҳәрдайым бир-биреўин көргенде баладай қуўанысып қалатуғын еди (Ө.Айжанов).

БАЛАЖАН кел. 1. Баланы жақсы көриўши. 2. Ҳаял-қызлардың қатар-қурбыларына қарата айтыўы. Дурыс айтасаң «балажан», ... (А.Бегимов). Ойнап-күлип, зейин ашып, Гөззал жанан, «балажан» кел (Ж.Аймурзаев).

БАЛАЖАНЛЫ кел. Баланы жақсы көриўши киси, балаға мийирман. Биз балажанлы халықпыз (газетадан). Туўры, халқымыз перзентиниң ықбал-бахты ушын оның барлық кемшиликлерин толтырыўға, кеўлин өкситпеўге ҳәрекет ететуғын балажанлы халық (газетадан).

БАЛАҚ ат. 1. Дизкийимниң, ыштанның, шалбардың, триконың дизеден төменги жағы. Балақларын шыйырып, Жантаққа қойын ийирип («Қырқ қыз»). ...бөз ыштанының балағы ҳәм баланың кесеўдей жылтыраған аяғы да ылай еди (К.Султанов). Балағын балтырына шекем түрди (Ж.Аймурзаев). 2. Куслардың дизесинен төменги тобығына шекемги жери. Балақ жүни батпақ пенен үзилип, Аспанда жүреди бизиң ала қус (Әжинияз).

БАЛАЛАЙКА ат. (ески рус. балы — өсек; ҳәзил. + байка — гүрриң; ертек; сөйлесиў). Үш мүйеш формада, үш-алты тарлы рус халық музыка әсбабы. Стол үстиндеги балалайканы қолына алды да сыртқа шығып кетти (газетадан).

БАЛАЛАР ат. Ержетпеген, үлкеймеген жас ул ҳәм қызлар. Жап-жас ғана балаларды, Жанған отқа таслайды («Қырқ қыз»). Өмиринниң неше-неше жылларын, Пидә еттиң, ержетсин, деп балларым. Жаслиғымда сондай тәрбия еттиң, Мине, бүгин адам болып ержеттим (Т.Жумамуратов).

БАЛАЛАРДАЙ кел. Балаларға усас, мегзес, сыяклы. Егер мынаў балалардай болып жумыс ислесеңиз, қасыңызға бундай ызғырық түўе оның әкеси боран да жоламайды (Т.Қайыпбергенов).

БАЛАЛАР ҮЙИ ат. Ата-анасы жок жетим, панасыз балаларды тәрбиялайтуғын орын, жай. ...фельдшер пунктлери, балалар уйи, балалар бесиги дүзилди (Қ.Ирманов). — Неге, балалар үйинде оқытады дейтуғын еди ғой, — деди жетим (С.Айний).

БАЛАЛАЎ I ф. 1. Адам ҳәм барлық жанлы-жаныўарлардың урғашысының бала туўыўы, төллеўи. Таўдан тары жумалайды, оны ғаз қуўалайды, он еки айда бир балалайды (ққ.х.н.). Мәўсим ишинде 18 рет балалайды (А.Джалменов. П.Т.Карпов). 2. Көбейиў, өрбиў, өсиў. Бирақ, анамның иси бурынғыдан гөре балалағандай болды (газетадан).

БАЛАЛАЎ II кел. Еле өсип жетилиспеген, ержетпеген, есейинкиремеген бойжетпеген, жаслаў. Отырғанлар мени балалаў көрип, мениң гәплеримди дәлкекке алды (Қ.Айымбетов).

БАЛАЛЫ кел. 1. Баласы бар. Молла киятырған балалы ҳаялды көрип жалбырақлай баслады (Ә.Шамуратов). 2. Көп балалы, баласы көп. Балалы үй базар, баласыз үй мазар (ққ.х.н.).

БАЛАЛЫҚ кел. 1. Жаслық, балалық ўақыт, ең жас ўақыт, есеймеген ўақыт. Оның аржағында ол жас еди ҳәм балалық қыялы менен турмыстың ишки мәнисине түсинбей келди (Ө.Айжанов). Мениң балалық кеўлим елжирейди (Ж.Аймурзаев). 2. Байқамаўшылық, наданлық, тис қақпағанлық, шалағайлық, жеңил минезлилик. Жасың үлкейип бойың өссе де балалығың қалмаған екен (М.Әбдирейимов). Таслаң енди балалықты, Асан бабаң он алтысында бийлик айтыпты (К.Султанов). Усы бир әңгиме түсти есиме, Өкинемен балалықтың исине (К.Султанов).

БАЛАМАН ат. 1. Ағаштан исленген, той-мерекелерде, ойын-заўық кешелерде, отырыспаларда шертилетуғын музыкалық әсбап, инструмент. Минип там басына сырнайшы ырас, Урса баламанды томпайтып уртын (И.Юсупов). Арбада дәп қағып шертип баламан, Келди жуўдырласып кеўилли кәрўан (И.Юсупов). Гезек той қылды дийқанлар, Қақтырып дәп-баламанлар, Қатарлықтағы адамлар, Баўдан сабап дән сатты ма? (С.Мәжитов). 2. Жас өспирим, еле ержетпеген, үлкеймеген ул ҳәм қыз. Шадлы өскен бул өмирде, Мен бахытлы баламан (Д.Назбергенов).

БАЛАМАНШЫ ат. Баламанды шертиўши (ойнаўшы) адам. Тойда гүрес, ойын, маскарапаз, сазенделер, гөйенделер, баламаншы — түрли ойын қурылып атыр («Мәспатша»). Баламаншы найшы қусаған бир группаны басқарған (Н.Дәўқараev).

БАЛАНС ат. (фр. balance — тәрези < лат. bilanx — тәрезиниң еки тәрепи). Қандай да бир қубылысларды характерлейтуғын көрсеткиш системасы болып, салыстырыў яки қарама-қарсы қойыў арқалы пайда болады. Саўда балансы. Бухгалтерия балансы. Халықтың дәраматлары ҳәм қәрежетлери балансы. Жәмәәт хожалығы балансы. Төлем балансы. Энергетика балансы. Суў балансы. Ыссылық балансы. Физ. тех. Двигательдиң ыссылық балансы. Актив баланс — Кирис (дәрамат) шығыстан артық болған баланс. Пассив баланс — Кирис дәрамат шығыстан кем болған баланс. Барлық нәрселерди баланс ислеў керек, — деди бас бухгалтер (газетадан). Баланста машын бар, шофёрлық штат қысқарған жоқ (М.Нызанов).

БАЛАНСИР ат. (фр. Balancer — тәрези). тех. 1. Машиналарда, механизмлерде олардың түрли бөлеклерине илгерили-қайталаныўшы ҳәрекетти пайда етиўши еки рычаг. 2. Саат механизминиң тийкарғы бағдарлаўшысы (регуляторы).

БАЛАНСИРОВКА к. Баланслаў.

БАЛАНСЛАЎ ф. 1. Хожалық ҳәм саўда өз ара байланысқан тараўларды бир-бири менен муўапықластырыў, теңликке келтириў. 2. бухг. Балансларды жуўмақлаў, баланс шығарыў. Колхоздың кирис-шығысын ҳәм барлық затларды баланслап болды (газетадан). 3. тех. Машина ҳәм механизмлердиң айланыўшы бөлеклериниң тең салмақлылығын сақлаў.

БАЛАСЫЗ кел. Баласы жок, перзентсиз. Балалы үй базар, баласыз үй мазар (ққ.х.н.м.). Асан генже қалаға барып, баласызға бала, қызсызға қыз боламан» деп шәҳәрди бираз аралайды (ққ.х.е.).


БАЛАСЫЗЛЫҚ ат. Перзент болмағанлық, баласы жоқлық, баласы болмағанлық, бала көрмегенлик, бийперзентлик. Ол баласызлықтан кемкеўилли еди, ... (ққ.х.е.).

БАЛАСЫНДАЙ кел. Перзентиндей, сол сыяқлы, усаған, тақылетли. Үшеўи де бир үйдиң баласындай татыў ғана сөйлеседи (Ж.Аймурзаев).

БАЛАСЫНЫЎ ф. Жассыныў, кишисиниў, бала қатарында көриў, бала деп қараў, биреўди жассыныў, менсинбеў. Қәлмен Әжиниязды баласынып, еле де кеўили ярый бермей, жалт-жалт қарады (К.Султанов). Ол сиз кеткен соң мени баласынып, ҳәр түрли нәрселер айтып, мени жулмақшы болды (ққ.х.е.).

БАЛАСЫРАЎ ф. Балалы болыўды күсеў, аңсаў, баланы сүйиў, жақсы көриў, перзентли болыўды кәлеў, әрман етиў. Келиншек тәўир-ақ жасқа барса да баласырайды, ... (ққ.х.е.).

БАЛАША р. Баладай екенлигин көрсетиў, бала сыяқлы минезлерин көрсетиўде қолланылады, еркелетип, киширейип айтыў. Деген екен патша шалқып балаша, Улын сүйип, көрди қызық тамаша (Т.Жумамуратов).

БАЛА-ШАҒА ат. Бир шаңарақтағы жас балалар менен ҳаялы ҳәм үй ишиниң басқа да ағзалары. Белдаршылар ҳәм оның бала-шағалары изли-изинен келип, азық-түликлерин арбаға салып атыр (К.Султанов). Уста бала-шағалары менен басқа бөлмеде отырған еди (Ө.Айжанов). Баладан шағаға шекем барлық адам той липасын кийип Нурбайдың үйине келди (А.Бекимбетов).

БАЛБЫРАЎ қ. былбыраў.

БАЛҒА ат. Шөккиш. 1. Шеге қағыў, бир нәрселерди урыў, тегислеў ҳәм басқа да ислерде қолланылатуғын, ағаш яки темир саплы әсбап. 2. тех. Металларға, улыўма затларға, нәрселерге соққы берип, урып ислейши аўыр механизм.

БАЛҒАЛЫ ат. Қарақалпақ урыўларының бири.

БАЛҒАША ат. Кишкене балға.

БАЛДАҚ ат. 1. Аўырыў ямаса аяғы ақсақ адамлардың қолтығына тиреп жүретуғын арнаўлы таяғы. Қолтығына балдақ алып, бир-еки адым атлайтуғын болды (А.Бекимбетов). Мен балдағымды есик беттеги керегеге сүйедим де, төсектиң үстине шықтым (Ө.Хожаниязов). Жартас қалқан болды, ағашлар балдақ, Алға жылжый берди жаралы шайыр (И.Юсупов). 2. Қылыштың, мылтықтың ямаса қанжардың сабының услайтуғын жери. Ақ суңқарды қанатынан қайырдың, Кескир қылышты балдағынан майырдың («Алпамыс»). 3. Өсимликлердиң түп бети, түбинен жапыраққа шекемги аралығы. Үлкен жапырақлардың балдақларына ҳәм жас шақаларға да зыян келтиреди (А.Джальменов, П.Т.Карпов). 4. Қусшылар бүркитти қолына қондырғанда қолының астынан тирейтуғын тирейиш ағаш. Қусшы да балдағын қолтығына тиреп, тоғай арасына кирип кетти, ... (газетадан).

БАЛДЫЗ ат. Ер адамның ҳаялының туўысқан ҳәм де урыўлас сиңлиси. Қатты шаўып каша бермең алдымда, Азын-аўлақ тоқтап турың, балдызым («Қырқ қыз»). Көрмеге сулыў қызлар қарақалпақта, балдызым ҳәддиңе бақ ондай болмақ (Әжинияz). Балдызы шамаласып турған оқыўын тамамлады (М.Нызанов).

БАЛЕРИНА ат. (итал. Ballerina < лат. ballare — ойнаў, ойынға түсиў). Балет артисткасы. Өзбекстан ҳәм Қарақалпақстан Республикаларына хизмет көрсеткен мәденият хизметкери Тамара Давлетмуратованың қәлеминен дөреген «Балерина» атамасындағы китабы «Қарақалпақстан» баспасында жарық көрди (газетадан).

БАЛЕТ ат. (итал. Balletto < лат. ballare — ойнаў, ойынға түсиў). Театр көркем өнериниң бир түри. Сахналық шығарманың музыкалы-хореографиялық образлар, аяқ ойын (танец) ҳәм пантомима арқалы билдирилиўи. ... композитор Қурбанбай Заретдиновтың «Қырқ қыз» балети де сахналастырылып, театр қәнигелери тәрепинен кең жәмийетшиликке көрсетилди (газетадан).

БАЛЕТМЕЙСТЕР ат. (нем. Balletmeister — балет устасы). Балет, опера, оперетта ҳәм басқа да сахналық шығармалардағы ойынлар, хореографиялық көринислерди сахналастырыўшы көркем өнер (искусство) хизметкери. Бизде балетмейстерлерди таярлаў жумысы төмен (газетадан).

БАЛКА ат. 1. Қурылыс ислеринде жай ҳәм имаратлардың әҳмийетли бөлеги. Ағаш, металл яки темирбетоннан жасалған аўырлықты көтерип турыўшы зат, нәрсе. Темир балка. Ағаш балка. 2. Машина ҳәм механизмлердиң деталы.

БАЛКОН ат. (фр. balcon < лат. balkus). 1. Көп қабатлы жайлардың көбинесе екинши ҳәм оннан да жоқарғы қабатларындағы ишки ханаларга бириктирилип, оның алды, арқасы ямаса каптал тәреплери сыртқа, көшеге қаратып қурылған әйўан, майданша. Айлы түнди жамылып әсте, Сен шығасаң бийик балконға (Т. Сейтжанов). Бизлер тәрбияшыларымыздың көзин алып, тез-тез балконға шығамыз (М. Нызанов). 2. Театрдың тамашалаў залындағы жоқарғы ямаса ортаңғы ярусы.

БАЛ-ҚАЙМАҚ қ. пал-қаймақ.

БАЛҚАР I. Россия Федерациясындағы Кабардин-Балқар Республикасында жасаўшы, түркий тиллерине киретуғын халықтың аты. 2. Усы халыққа тийисли. Балқар тили. Балқар жигит.

БАЛҚАРЛАР Кабардин-Балқарияның тийкарғы, негизги халкы.

БАЛҚЫТЫЎ балқыў фейилиниң өзгелик дәрежеси. Жаңа ғана көтерилип шығып киятырған күнниң сәүлеси алыста жанып атырған өрттиң сағымындай болып көринди, тезден көкти, пүткил дүньяны балқытып, жүзине алтын нурын шаша баслады (Н. Дәүқараев). Оның сақыйлығы менен мәртлигине арнап айтылған тостлар, адам түўе тасты балқытып жиберерлик дәрежеде болды (М. Нызанов).

БАЛҚЫЎ ф. 1. Денениң, бойдың, кеўилдиң, ойдың босаўы. Неге ғана қорықпайын, Балқыйды мениң сүйегим («Қырқ қыз»). Олардың бетлери борлаттай балқып, шоқтай жанады (А. Бекимбетов). Әне, монша — түссең денең  балқыйды, Әне, қайық, — Арзыкөлде қалқыйды (И.Юсупов). 2. Жердиң былқылдап босаўы, жибиўи. Мийнеттен жумсап балқыған, Ким сүймес сақый даланы (Б.Қайыпназаров). ◊ Қорғасындай балқыў, мумыядай балқыў — адым күшли ыссылықтан қатты затлардың, металлардың, шийшелердиң ҳәм тағы басқа затлардың суйықлыққа айланыўы, ериўи. б) аўыс. жибисиў, босасыў. Анда бул сөзди Тайшахан патша еситип мумдай ерип, қорғасындай балқып, ләбин тислеп, геллесин шайқап, мың пушайман етти («Алпамыс»). Жолбарыстың денеси қорғасындай балқыйды («Мәспатша»).

БАЛЛ ат. (фр.balle — шар). 1. Тәбийий кубылыслардың (даўыл, самал, шторм, жер силкиниўдиң) күшин, дәрежесин өлшеў, анықлаў ушын қабыл етилген өлшеў бирлиги. 2. Оқыўшылардың үлгериўине қойылатуғын баҳаның цифрлы таңбасы. ... барлық кириў имтиханларынан жетерли балл топлап институтқа студент болып қабылланды (газетадан). 3. Бир қатар спорт түрлеринде (фигуралық ушыў, гимнастика, жүзиў ҳәм т.б.) жарыс нәтийжелериниң цифрлы таңбасы. Командалық есапта Нөкис қаласы командасы жәми 441 балл топлап биринши орынды ийеледи (газетадан).

БАЛЛАДА ат. (фр. ballade < лат. ballo — ойынға түсемен). 1. Қаҳарманлық ямаса тарийхый, өткир сюжетли қосық қурылысындағы гүрриң. «Ақ мәрмер астындағы әрманлар» атлы балладасын Кеңесбай Аўғанстан топырағында қыршын қыйылган үлкемздиң әдиўли улларының естелигине арнаған (газетадан). 2. Эпикалық, фантастикалық ямаса драмалық характердеги вокаллық яки инструменталлық пьеса.

БАЛЛАДАЛЫҚ кел. Балладаға тән, балладаға ылайық. ...соңғы жыллары балладалық шыгармалар көзге көрине баслады (газетадан).

БАЛЛАСТ ат. (голл. bal — қум, last — жүк). 1. Теңиз кемелериниң аэростат, локомотив ҳәм т.б. ҳәрекетлениў сыпатын ямаса көтерилип ушыў бийиклигин жақсылаў ушын оларға тийелетуғын жүк. Кемениң иши де балластланды, ... (газетадан). Самолёт та балласт етилди,... (газетадан). 2. Темир жол астына шпалды бекитиў ушын салынған шеге кум ямаса топырак. Темир жолга үйилген топырактын үсти балластланды (газетадан). 3. аўыс. Керексиз (артықша) жүк.

БАЛЛИСТИКА ат. (грек. ballo — ырғытаман, атаман). Теоретикалық механиканың бир бөлими болып оқ, снаряд, мина, бомба, ракета ҳәм т.б. атылған мәҳәлдеги ҳәрекети нызамлықларын үйренетуғын илим. Суд баллистика экспертизасының берген жуўмағына тийкарланар болсақ, алынған айғақлы зат, оқ дәри ҳәм патронлардың атыўға жарамлы екенлиги тастыйқланған (газетадан).

БАЛЛОН ат. (фр. Ballon — бос шар < итал. pallone — топ). 1. Ҳәрекетлениўши транспорттың (мотоцикл, машина, трактор ҳәм т.б.) ҳаўа толтырылған резина дөңгелеги. ...жолда автомашинаның баллоны жарылып қалды, ... (газетадан). 2. Аэростаттың газды өткермеўши сыртқы қабығы. Нөкис аэродромына баллон әкелинди, ... (газетадан). 3. Домалақ шар сыяқлы шийше ыдыс. ... көп узамай баллон менен пиво да әкелинди, ... (Қ.Айымбетов). 4. Суйықлық және де газди сақлаўға арналған металлдан исленген ыдыс (бак). Ҳәзир қаламыз баллонлы газ бенen тәмийин етилди (газетадан). Газ баллонлы автомобиллердиң газ бенен тәмийинлениўи тек газ толтырыў станцияларында ямаса арнаўлы газ заправкашы тәрепинен әмелге асырылыўы керек (газетаdan).

БАЛМАСКАРАД ат. ( bal + фр. mascarade < ит. masherata). Ҳәр түрли кийимлерди кийип, ойын-заўық өткеретуғын кеше, отырыспақ, қызықлы ойынлар өткериў. Балмаскарад қызған гезде нықабыңды кий, гөззал (И.Юсупов).

БАЛПАҚ кел. Семиз, дуғыжым, денеси жайылған, былшыйған. Балпақ тышқан. зоол. Дүзде ин қурып жасайтуғын тышқанның ири түри.

БАЛПАҚТАЙ кел. Балпаққа усаған, балпақ сыяқлы. Таўдан қашқан балпақтай, Сақалы баўлаған жантақтай, Айдым деген қайнаған, Оған бериң бир сәлем (ққ.х.қ.).

БАЛПАҢ кел. Менмен, тәкаббир, паң. Бай баласы балпаң келеди, Жарлы баласы жалтаң келеди (ққ.х.н.). ◊ Балпаң-балпаң етиў — шайқалып басыў, ырғалып басыў, мампыс. Балпаң-балпаң етесең, Балпаңлап қашан жетесең (ққ.х.қ.).

БАЛПАҢЛАЎ ф. Аяғын шайқалып ырғалып басыў, салмақ пенен гәрдийип жүриў. Басқа атлар балпаңлап, Кейнине буның ере алмай («Қырқ қыз»). Аталық отыр ардақлап, Бийлери отыр балпаңлап (Өтеш). Аяклары балпаңлап, дир-дир етип сәл қоңпаңлаңқырап, және бир көргенимди айтайын деп қолтығының астына узын тумсығы менен түртип-түртип қойыпты (ққ.х.е.).

БАЛТА ат. 1. Жүзи жалпақ, унғысына сап өткизип ағашты кесиў, жарыў және де сондай затларға қолланыўшы темир қурал, әсбап. Бул көринген қойдың жилик сүйегиниң балта менен сынған қыяғы еди (Қ.Айымбетов). Өзиниң айтыўынша, ол темир геўлеп атырғанда абайсызда аякларын балта менен шаўып алыпты (Ә.Шамуратов). Балта тийгенде басына, Қарамай ол жолдасына (Бердақ). 2. Карта (соқта) ойынындағы киши (генже) фигура, түйениң, ғарғаның, атанақтың ҳәм қыйықтың балтасы. Жердеги картаны қыйықтың балтасы менен кести, ... (газетадан). 3. аўыс. Батыр, өткир, ғайратлы, қайтпас қара, қайсар. Оларды таўып, тамырына балта шабамыз, олар душпан, олар мудамы халыққа кастыянлық етеди (газетадан). Балта менен қағарман, Еки азыў тисинди (ққ.х.қ.). ◊ Балта кеспеў — албырамаў, қысынбаў, тарықпаў, мықлы болыў. — Быйыл муртымызды балта кеспейди, ҳүкиметтиң сиясатына мың-мың алғыс деп жүрипти (Т.Қайыпбергенов). Ай балта — бурынғы жаўынгершилик жылларда урыста қолланылған ярым ай формасындағы темир қурал. Таў кыснағындағы ай балталы қос қараўыл турған тас қапыға барып жоғалады (Т.Қайыпбергенов). Минди бала алтын тахтқа, Көп қуўанды келген баққа, Ай балтаны ўслап қолға, Ата жолын қуўған екен (Бердақ). Барып едим ханыңызға, Ай балталы шахыңызға, Жәллад қойды қасымызға, Шыдап сонда туралмадым (ққ.х.қ.).

БАЛТАЛАЎ ф. Балта менен бир нәрсени шаўып майдалаў, шабыў, жарыў, шапқылаў. Дәрўазаны балталап бузып далаға шығып, қыздың жайына келсе, қыздың кетип қалғанын көреди (ққ.х.е.). ... таң алдында, Жийемуратты балталап, ашық жерин қоймады, биреў урып өлттирип, гөне жапқа таслап кетипти деп еситтик (Қ.Ирманов). Аўыл иши, ҳәр кимде бир талап, Биреўлер жүр отын шаўып балталап (Ж.Аймурзаев).

БАЛТАМТАП р. Өз ара бир-бири менен болар-болмасқа тартысыў, жәнжеллесиў. Жәмийла менен Сәлийма өз ара балтатап айтысты да отырды, ... (К.Султанов). Бизлердиң балтатап айтысымыз министрге жақпаған болса керек, кабинеттен шығыў менен болды (М.Нызанов).

БАЛТАШЫ ат. Балта устасы, шойыннан, полаттан ҳәм басқа да металлдан балта куятуғын, ислейтуғын адам, киси.

БАЛТАШЫЛЫҚ ат. Балта устасының ислейтуғын кәри, кәсиби. Оның бурыннан киятырған кәсиби балташылық еди, ... (газетадан).

БАЛТЫР ат. Тобық пенен дизениң аралығы, булшық ети. Балтырларын шаң басқан, Аякларын маң басқан («Қырқ қыз»). Ал, атыздың ортасына келип, жуўан балтырға қапқан пахталарға нәзер салғанымда, үст кийимлерим суўдан сығып алғандай болды (Ө.Хожаниязов). Балтыры нық болыўына қарамастан, беллери жип-жинишке (К.Мәмбетов). ◊ Балтыр сызлаў — машақатқа түсиў, кыйыншылыққа ушыраў, аўырманлық түсиў. Қыста, жаздың ыссысы, Табаныңа басылған ғыжлап, Ата-баба өзгертти қоныс, Басы аўырып, балтыры сызлап (Г.Есемуратов).

БАЛТЫРЛЫ кел. Балтыры жуўан, балтыры үлкен, гөшли, етли. Киятырған жигит ири денели, балтырлы екен, ... (Ө.Айжанов).

БАЛШЫҚ ат. Топыраққа суўдың араласыўы менен пайда болған ылай, батпақ (ылайдың үстинде суўдың көл жатыўы, суўда, араласып турыўы). Хожамурат үйинде жатсын, бармаса балшыққа батсын (газетадан). Қарсы қазған боз топырақты қарсы жаўын менен ийленип, балшыққа айланды (Н.Дәўқараев). Жердеги балшық желимдей, аяғыңды жерден төрт ели көтертпейди (Н.Дәўқараев).

БАЛШЫҚЛЫ кел. Балшығы көп, мол, ылайлы жер. Сонша ўақыт қуўып келген сол излер, бетлерине жапты балшықлы суўды (Ж.Аймурзаев).

БАЛШЫҚТАЙ кел. Балшық сыяқлы, балшыққа усаған, тақылетли, усас, мегзес. Туўры тийген туяғы, Кесе-кесе тасларды, Саз балшықтай ийледи («Алпамыс»).

БАЛЫҚ ат. 1. Суўда жасаўшы, суўда жүзиў ушын қалаш ҳәм қуйрықлары бар, сағақлары менен дем алыўшы омыртқалы суў жаныўары. Илақа балық. Сазан балық. Ақбалық. Сүйен балық. Шортан балық. Бекире балық. Балықтың өмири суўда өтер (ққ.х.н.). Жумабай менен қол усласып балық аўлап, көлге кеткен (К.Султанов). Қәдиримди халық билер, Халық билмесе балық билер (Бердақ). 2. Усы суў жаныўарының гөши. Қуўырылған балық. Дузланған балық. Балық комбинаты ямаса Балық заводы — балық консервасын ислейтуғын, таярлайтуғын орын, завод. Минәйим бир қырма балық қуўырдақты әкелип, қойып кетти (Ш.Сейтов). Айымхан деген қызының баласы, Сапарнияз ҳәзир Қазақдәрьядағы балық заводында ислейди (Қ.Айымбетов). Балық консервасы — балық етинен заводта исленген консерва. Ережеп бир метр ақ товар, бир кило қант, еки жүз грамм чай, бир ет консервасын, бир балық консервасын алды (Т.Нәжимов). 3. Шығыс жыл санаў календарында бесинши жыл атамасы. Балық жылы. ◊ Балық базары — а) адамлардың ғаўырлысы, шок болып жыйналысып турыўы, балалардың бир жерде үймелесип ойнаўы. б) балық сатылатуғын арнаўлы орын. Балық базары жаңа ғана қыза баслады (Н.Дәўқараев). Балық тартылыўы — балықтың азайыўы, кемейиўи, куртылыўы, жоқ болыўы. Екинши биреўлер көлде балық тартылды дейди (К.Султанов). Балық басынан ширийти — Ис-ҳәрекеттиң илгерилемеўи, кейинге кетиўи, биреўдиң кәтелесиўи, натуўры ис ислеўи, бир нәрсеге әкелип соғыўы. Балық басынан ширийти деген усы емес пе, ҳә о зақзакы! Тири маскара болғаның ғой бул! Жети түнде не қылып жүрсең бузақы!... (Ө.Хожаниязов). Алтын балық. Бир жазыўшы аў салыпты, Өт қақпай, жүдә жалықты. Енди қайтсам деп турғанда, Тутты ол алтын балықты (Т.Жумамуратов).

БАЛЫҚКӨЗ I кел. Жүўериниң ағарыўы, писе баслаўы. Сөйтип жүргенде Дәўекениң жүўериси балықкөз болды (Қ.Айымбетов). Ҳәзир бәри де балықкөз болып киятыр (Т.Қайыпбергенов).

БАЛЫҚКӨЗ II ат. соралар туқымласына киретуғын, бийиклиги 10-40 сантиметр келетуғын, бир жыллық өсимлик. Шарўа маллары ушын жуғымлы от-шөп есапланады.

БАЛЫҚ ҚЫРҒЫШ ат. Балықты тазалаўға арналған әсбап.

БАЛЫҚЛЫ кел. Балығы көп, балыққа бай, балықтың көп шығып атырған орны, мол, жери. Шәмен деген бир адам қоныс излеп жүрип, балықлы бир өзептиң үстинен шыққанда ашырқап киятырған елди усы өзептиң бойына қондырған (Қ.Ирманов). Абадандур мүйтен халқы, еллери, Шарўаға жай, мал жаймаға жерлери, Ащы-тоғын билдирмейди көллери, Мүйтенниң балықлы теңизи барды (Бердақ). Балықлы Аралдан, Қаратаўымнан, Инабатлы сөзден, Қанатлы саздан (И.Юсупов).

БАЛЫҚТАЙ кел. Балыққа усаған, балық янлы балық сыяқлы болыў. Мийирхан суўдан шыққан балықтай шоршып туўлап, қолымнан жаздырылып кетти (Ө.Хожаниязов). Ҳәзир жалғызсырағандай, бир өзи ортаға кире алмай, қайырлаған балықтай бир шетке шығып қалыпты (Ө.Айжанов). Мырзабек не қыларын билмей, суўдан шығып қалған балықтай аўызын ашып қала берди, ... (Ө.Айжанов).

БАЛЫҚШЫ ат. Балық ўслайтуғын, балық аўлайтуғын балықшылық кәсиби менен шуғылланатуғын адам. Бурында бир балықшы ғарры болыпты (ққ.х.е.). Кеўили қуўанышлы балықшы дәрьяның кенарын еркин гезди (К.Султанов). Мине жантасты, ол желқомсыз ығып, Бийтаныс балықшы кемелерине (И.Юсупов).

БАЛЫҚШЫЛЫҚ ат. 1. Балық тутыўшылық, аўлаўшылық, балық ҳаққындағы кәсип. Қарақалпақлардың хожалық ислери балықшылық ҳәм аўшылық болды (Н.Дәўқараев). ...дәрьяның төмен жаклары, жаңадан суў барған жер болғанлықтан солманларда азмазлап балықшылық етип отырған (Қ.Ирманов). Сәлийма ҳүрейи сүймейтуғын балықшылық кәсибине Сапардан дәмели болып араласқан еди (К.Султанов). 2. Суў ҳәўизлеринде балықларды көбейтиў ҳәм де сапасын жақсылаў ислери менен шуғылланыўшы тараў; балық жетистириў менен шуғылланыў. Балықшылық хожалығы.

БАЛЬЗАМ ат. (грек. balsamón — хош ийисли смола). 1. Айырым өсимликлерден алынатуғын ямаса жасалма жол арқалы таярланатуғын, курамында смола, эфир майлары бар қойыў, хош ийисли зат. Медицинада ириңли асқыныўдың алдын алыўда, сондай-ақ, оптика санаатында да қолланылады. 2. Шыпалы шөплер ширеси. Ақмақлардың берген бальзам суўынан, Ақыллының берген зәҳәри зыят (И.Юсупов).

БАЛЬЗАМЛАЎ ф. Өликти ямаса оның айырым ағзаларын арнаўлы затлар жәрдеминде ирип-ширитпей сақлаў, мумиялаў. Шириўге қарсы қолланылатуғын арнаўлы химиялық затларды египетлилер өликти бальзамлаў ушын қолланған (газетадан).

БАЛЬНЕОЛОГ ат. Бальнеология кәнигеси ямаса алымы.

БАЛЬНЕОЛОГИЯ ат. (лат. balneum — ванна, монша; шомылыў + грек. logos — билим, түсиник). Медицинаның минерал суўлар ҳәм де шыпалы балшықлардың физикалық ҳәм химиялық қәсиетлери, олардың организмге шыпалы тәсирин үйренетуғын бөлими. Бальнеология институты. Бальнеология курсы.

БАЛЬНЕОЛОГИЯЛЫҚ кел. Бальнеологияға тийисли; бальнеология менен шуғылланатуғын. Бальнеологиялық лаборатория. Бальнеологиялық курорт.

БАЛЬНЕОТЕРАПИЯ ат. (лат. balneum + грек. therapeia — қараў, емлеў). Наўқасларды минерал суў менен емлеў, даўалаў усылы.

БАЛЬНЕОТЕХНИКА ат. Санитария техникасының бальнеология тараўында қолланылатуғын түрлери.

БАМБУК ат. (малайша bamboo — терек тәризли өсимлик). Тропикалық ҳәм де субтропикалық мәмлекетлерде ушырасатуғын, иши қуўыс ҳәм де беккем, қамыс сыяқлы буўын-буўын, бийик болип өсетуғын өсимлик. Басларында қазандай ақ сәлле, қолларында бамбук таяк, аяқларын абайлап басады (А.Бекимбетов). Бир ғарры бамбук арыслы арбаны ийтерип баратыр (А.Бекимбетов).

БАМПЕР ат. қ. Буфер.

БАНАН ат. (исп. banano, banana — бармақ). бот. Мийўеси узын, ири, жеўге болатуғын, бийик болып өсетуғын, көп жыллық тропикалық ҳәм субтропикалық өсимлик ҳәм де усы өсимликтиң мийўеси. Ҳәзирги ўақытта бул өсимлик Өзбекстанда да өстириледи. Тыңлап отырсаң бул жерде не жоқ дейсиз: маймыл, пил, банан, шайдың дүньядағы ең жақсы түри, ҳәр қыйлы жабайы мийўелер ҳәм бурын көрмеген өсимликлер — кулласы, бәри де бар бунда (Ш.Айтматов). Абылайсаң селлер жаўып таўларға, Хурма гүллеп атса, бананлар писер (И.Юсупов). Чай менен бирге банан да әкелинди,... (газетадан).... 2 гектар шөлкемлестирилген ыссыханада тәжирийбе түринде 5 мың түп банан нәли тәрбияланбақта (газетадан).

БАНДА I ат. (итал. banda — топар). Басқыншылық, урлаў, тонаў, зорлаў, адам өлтириў ҳәм басқа жынайый ислер менен шуғылланатуғын қуралланған, уйымласқан топар. Изинде мылтығын тиреп киятырған Хан Жөнейиттиң бандаларының қылығы оларға да батты ма, ... (А.Бегимов). «Бегжап» қанлы ўақыяның бас себепшиси Турдықылыш ҳәм Қасымның бандалары қолға түскели аўыл арасы суў сепкендей тынышланып еди (Т.Қайыпбергенов). Бандасы менен бизиң адамларымыздың арасында еки саат саўаш болған (Н.Островский).

БАНДА II ат. (итал. banda — топар). Опера ҳәм симфониялық оркестрге қосымша ансамбль сыпатында киритилген үплеп шертиўши сазлар оркестри.

БАНДАЖ ат. (фр. bandage — белбеў, байлам). 1. Мед. Ҳәмиледарлық ҳәм оннан кейинги дәўирде, операциядан алдын ямаса кейин қарын бослығын нормал ҳалатта услап турыў ҳәм де оны беккемлеў ушын таңып байланатуғын (кийилетуғын) арнаўлы қайыс, белбеў. 2. тех. Машина деталлары яки конструкцияларының тазалығын ҳәм де шыдамлылығын асырыў мақсетинде оларға кийгизилетуғын металл шеңбер.

БАНДЕРОЛЬ ат. (фр. bande — лента + role — орам). 1. Қағазға орап, почта арқалы жөнетилетуғын корреспонденция түри (баспа басылымлары: китап, журнал, газета, қолжазба, киширек буйым ҳәм т. б.). Бандероль жөнелтиў. Бандерольды ашыў. Мениң менен бирге болып атырған жигитке бандероль келди (Ж.Тәшенов). Есберген заказной бандероль етип, тап Сибирьден жиберипти-ә! (Ш.Сейтов). 2. Товар ушын акциз ҳәм бажы төленгенлигин дәлиллеўши, товардың үстине жабыстырып қойылатуғын қағаз.

БАНДИТ ат. (итал. bandito — қарақшы). Басқыншылық, урлық, геллекесерлик ҳәм т.б. жынайый ислер менен шуғылланыўшы қуралланған қарақшы. Бандитлер шайкасы. Қубла жағымызда бандит Хан Жөнейиттиң, Балабийдиң, Темирланның адамлары жасырынып қашып жүрген қалың тоғайлық бар, ... (А.Бегимов). ЧОНда жүрген кезде-ақ журт оны билди, оның тарпыўынан үш бандит өлди (И.Юсупов). Мылтық гезеп жән-жақтан бандитлер тур. Аш қасқырлар азығыны топлағанда (Ж.Аймурзаев).

БАНДИТИЗМ ат. Қуралланып жекке яки топарласқан болып басқыншылық ҳәм зорлаўшылық пенен шуғылланыў, бандитлик. Бул күнлери бандитизм күшейип кетти, ... (газетадан).

БАНДУРА ат. Украин халқының музыкалық әсбабы, инструменти. Бандура сеслери еле мениң есимде жанлайды, ... (Т.Г.Шевченко).

БАНК ат. I. (фр. Banque < итал. banco — алмастырыўшы дүкан, кресло). 1. Қаржылардың ўақтынша еркин жүргизилиўин тәмийинлеўши ҳәм ўақтынша кредит түринде пайдаланыў мүмкиншилигин жаратыўшы, сондай-ақ, кәрхана, мәкеме, шөлкемлер менен өз ара төлемлерди жүргизиўши ҳәм де жеке адамлар менен де мәмлекетте ақша айланысын қадағалаўшы, сондай-aq, жаңа ақшалардың шығыўын да тәмийинлеўши финанс мәкемеси. Банктиң Қарақалпақстан Республикасында 1 регионаллық ҳәм 3 район филиаллары бар (газетадан). ... оларды өндириў бойынша банклер, қарыздар кәрханалар, компания ҳәм ассоциациялар, аймақлардың басшылары биргеликте жумыс алып барыў зәрүрлиги атап өтилди (газетадан). 2. Карта, соқта ойынындағы кезекли карта, соқта таслап отырған, адамның қараўына жыйналған ақша. 3. Қумар ойынының бир түри.

БАНКА ат. (рус. Баня, банька — кишкене ыдыс). 1. Шийше, темир ямаса пластмассадан исленген цилиндр формасындағы ыдыс. Еки қолын артына қайырып, кишкене бир банканы услап тур (Ө.Айжанов). Сөйтип, бир консерва банканың түбин шурқ тесик елек көз қылып, мыс сым менен крайникке қатырып байлап еди... (Ш.Сейтов). 2. мед. Наўқастың кесел жерине, көбинесе арқасына қойылатуғын домалақ шийше. Бийтаптың жаўырына банка қойып, үстин жаўып болып, медсестра сыртқа шығып кетти (газетадан).

БАНКЕТ ат. (фр. Banquet — үлкен зыяпат; отырысыў). Бир адамның ямаса бир ўақыя мүнәсибетине арналып берилетуғын рәсмий зыяпат, отырыспа. Банкет бериў. Банкет залы. ... жақын күнлерде банкет шөлкемлестириледи. (газетадан). Еки адам болып келсе де, ол ушын елиў адамлық банкет залының есиги айқара ашық (М.Нызанов).

БАНКИР ат. (фр. banquier — орынлық; банк ийеси). Банк ийеси ямаса банктиң ири акционери, капиталист, банк хызметкери. Бурынлары айырым ири банкирлер болды, ... (газетадан). Қандай етип болса да банкирлердиң кеўлин алып, кредит алыўы керек еди (газетадан).

БАНКНОТ ат. (ингл. bank-note — банк белгиси). Пул айланысы орнына жүретуғын орайлық эмиссия банклери шығаратуғын процентсиз кредит билети. Ҳәзирги ўақытта қағаз ақшалардың тийкарғы түри. XII әсирге келип еки түрли банкнот айланысқа түседи: 10000 теңге ҳәм 700 теңгеге теңлестирилген. Бул пуллардың хызмет етиў мүддети де болған, ол 7 жыл (газетадан).

БАНКОМАТ ат. (банк + (авто)мат). Банкке қараслы болған автомат қурылма; банктиң өзинде, сондай-ақ, басқа да жерлерде (көше, метро, магазинлерде) орнатылады ҳәм банк клиентиниң оның өзине ғана берилген код бойынша нақ пул алыўға хызмет қылады.

БАНКРОТ ат. (нем. Bankrott < итал. bankorotto — сынған кресло). Қарызын төлеўге шамасы келмей қарыздар болып қалған кәрхана яки адам. Банкрот болыў. Қарыздарды банкрот деп табыў ҳәм сапластырыўға тийисли ис баслаў ҳаққында қарар (газетадан). ... жәмийетке қарата нызам ҳүжжетлеринде белгиленген тәртипте төлеў қәбилетсизлигин жоқ етиў яки банкрот деп жәриялаў тәртиби қолланылады (газетадан).

БАННЕР ат. Халық көп жыйналатуғын жәмийетлик орынларда орнатылатуғын сиясий, мәдений, руўхый-ағартыўшылық ҳәм үгит-нәсият, сондай-ақ, басқа да рекламалық характердеги үлкен размердеги көргизбе, стенд. ... өрт қәўпиниң алдын алыўға қаратылған плакат ҳәм баннерлер ислеп шығылып, көшелерге ҳәм адамлар көп жыйналатуғын орынларға қыстырылды (газетадан). ... бундай иллетке қарсы гүреске шақырыўшы плакатлар, баннерлер таярланып, халық көп жыйналатуғын орынларда, автомобиль, темир жол, ҳаўа транспорты бәндиргилеринде, шегара өтиў постларында орнатылмақта (газетадан).

БАНТ ат. (нем. Band — лента; түйин). Гүбелек тәризли, сулыў етип байланған лента. Класстағы қызлардың ҳәммеси де бант байлап келипти, ... (газетадан).

БАНТИК Кишкене бант. Нәзийра бантигин қолына алып, мектепке қарай жуўырып кетти (газетадан).

БАНТУ(ЛАР) (<bantu ba — ntu адамлар < ba көпл. сан. ntu — адам). этн. Орайлық ҳәм Қубла Африкада кең таралған тиллер топары. Банту тили.

БАП I ат. 1. Алда болатуғын жағдай, рет, жай. Аға-беглер нур жайнаған ол жүзи, Журт алдында мақул сөйлеген сөзи, Урыс майданында мыңға бир өзи, Батырлық бабында тәнҳа Әзберген (Бердақ). 2. Бир нәрсени ыңғайы менен, рети менен ислеў. Қәлпениң де маманы бар, Бабын таўып қус сала алмас (Н.Дәўқараев). ◊ Жумыс бабы, хызмет бабы — белгили бир жағдай менен, жай менен, ҳәдийсе менен, аўҳал менен. — Аўа, жумыс бабында барып қайтыўым керек (Ө.Хожаниязов). Себеби, бул аўылға хызмет бабында ямаса биреўге хат я газета алып бараман (Ө.Хожаниязов). Саўаш бабы — урысқа керекли карыў-жарақларды таярлаў, ҳәзирлеў, тайын етип қойыў. Мәрт жүрегин тербендирер уранлар, Ҳәзирлеңлер саўаш бабы затларды (И.Юсупов). Бабына келтириў — ыңғайына, жайына, орнына келтириў. Умытқаным жоқ оны да бабына әсте келтирдиң («Қырқ қыз»). Баплап сөйлеў — а) албырамай, асықпай, саспай, жайы менен, салмақ пенен сөйлеў; б) қатырыў, бежериў. Бир бапта — жай парахат, әсте-акырын, бир жүрис пенен жүриў, пәкизе, жақсы, кеўилдегидей. Қыз бир бапта, ырғатылып жүрсе, жигитлер «қызды көрип қалайық» деп жүрисин тезлетти (К.Султанов).

БАП II ат. Китаптың бир бөлими, диссертациялық жумыстың бир тараўы. Бул китапқа тийисли болған қалған бес бап негизинен қарақалпақлар тарийхына тийкарланып, бүгинги тарийх илиминиң жетискенликлери бойынша жазылды (К.Мәмбетов). Китаптың бул бабы жүдә қызық екен, ... (газетадан).

БАПЛАНЫЎ ф. Биреўден пәнт жеў, пушайман жеў. Батыр қызлар бапланып, Кийимниң шаңын қағады («Қырқ қыз»). Сол бир жағы нықталған соң, Ис жайласып бапланған соң. Мунда бираз тоқталған соң, Сөйлесермиз тағы жаслар (С.Мәжитов).

БАПЛАЎ ф. 1. Бағыў, күтиў, жағдайына келтириў. Арықларды бағыўға, Семизлерди баплаўға, Халқына беккем тапсырды («Қырқ қыз»). Жүйрик атын бапласын, Халқына уран тасласын («Алпамыс»). 2. Биреў алдында айыплы етиў, гүнакар етиў, дәкки бериў, кейиснама бергизиў, урысып кейиттириў. — Мине, енди өлдик! — депти, Ханға айтып баплаў ушын, Буны бирге алып кетти (Д.Қасымов). 3. Биреўге пәнт бериў, ҳәр түрли жол менен биреўди утыў, алдаў. Атпады да шаппады, Ҳийле менен баплады («Мәспатша»). Сөйтип, немецлердиң бағдарлап киятырған жерине бизлер бурын ҳийле жасап өзлерин бапладық (Ө.Хожаниязов). — Мен Атамуратты, Сержанды бапладым! (Т.Қайыпбергенов). ◊ Бабын табыў — күтимин билиў, ҳал-жағдайын билиў, аўҳалын билиў, ҳәр тәреплеме күтиў. Бабын таўып ҳәр гөректин (И.Юсупов).

БАПЛАЎШЫ ат. 1. Күтиўши, қараўшы, тәрбиялаўшы, бағыўшы. Бул бала ҳәр күни малларды баплаўшы еди, ... (С.Айний). 2. Пәнт бериўши, алдаўшы, утыўшы, ҳийле етиўши. Сәлийма түрли сөзлер менен ҳәмме қатынларды баплаўшы еди, ... (К.Султанов).

БАПЛЫ кел. Пәкизе, пинҳамы, жақсы, әндамлы. Пақсаның ылайы да жүдә баплы болып исленипти, ... (газетадан).

БАПТИЗМ ат. (грек. baptize — суў менен шоқынтыраман). Христиан динине киретуғын протестантизмниң бир сектасы.

БАПТИСТ Баптизм сектасының ўәкили, руўханый. Ересек жасында шоқындырылады ҳәм ширкеўдиң айырым догма ҳәм дәстүрлерин бийкарлайды... бизиң халқымызға қәўип салып турған «Иегова гүўалары», «Баптистлер» кусаған шөлкемлер христиан динин нықап еткен болыўы мүмкин ... (газетадан).

БАР I м.с. 1. Бир нәрсениң бар болыўы, барлығы, жоқ емеслиги. Қызы бардың назы бар (ққ.х.н.). Өзи менен фермада карыўлы бес ғана ҳаял бар (К.Султанов). Қайырылып кет ескен самал, Сениң маған керегиң бар (И.Юсупов). Бар тилек майданға шығар, Азғанасын усладым (Әжинияз). 2. аўыс. Бай, жетискен. Өмирден мол тәжирийбеси бар адам (Ө.Хожаниязов). Бардың иси пәрман менен, жоқтың иси әрман менен (ққ.х.н.). Онда бай көркем сөз, шебер исленген образлар, сюжетлер бар (Қ.Айымбетов). ◊ Бар ғой — а) бир нәрсениң ҳақыйқат бар екенлиги, дурыслығы, ыраслығы. Аўылда ҳаял алмаған да, ҳаялы өлген де адамлар бар ғой (Ж.Аймурзаев). Ырас бар ғой жубайым, Жүр ашылмай талайым (А.Бегимов). б) өкиниў, күйиниў, мақсет етиў, шәрт етиў, ўәде етиў, дәпиниў, умтылыў, гижиниў, — Қойшы, ондай сөзди айтсаң бар ғой, уят болады (Ө.Айжанов). — Нурзада енди бар ғой, сен оқы, оқыў пайдалы, енди бар ғой, дигирманнан қутыласаң (Т.Қайыпбергенов). Бары-жоғы — адамның ямаса бир нәрсениң бар я жок екени. Ҳәзир оның үйине домкомды жиберип, бары-жоғын билип изинен өзимиз барамыз (А.Бекимбетов). Әй балам, бул әдалатсыз заман, көзиңниң бары-жоғына қарамайды (Қ.Айымбетов). Өзинен мактанып, Бары-жоғын аңлатты («Қырқ қыз»). Бар бол — жумыс ислеп атырған адамға хармасын айтқанда оған қайтаратуғын жуўап. Харма деген халқа қуўат, Бар бол, деген белге мәдет (газетадан). — Азаматлар ҳарманлар! Бар болың! (К.Султанов). Бар болыў — дүньяға келиў, дүньяға шығыў, пайда болыў, көзге көриниў. Жок едим бар болдым камалға келдим, Әреби атлар минип дәўранлар сүрдим, Душпанлар жәбиринен кетермен болдым, Хош аман бол, бизден қалдың, Бозатаў! (Әжинияз).

БАР II м. с. Дүньядағы ҳәмме нәрселердин бәрин өз ишине алатуғын, қамтыйтуғын, барлық, гүлли, жәми. Ҳақ нийетли ерлериң бар, Табысларға қолы жеткен, Ғарры да болсақ шырағым, Бар күшти салдық тырбандық («Қырқ қыз»). Турмыстағы бар тилегим, кыялым, Өзиң менен иске асып келеди (Ш.Мәмбетмуратов). ◊ Бардай сезилиў — сондай, усаған, кусаған, бар сыяклы. Бара-бара усы сыпсыңның жаны бардай сезилди оған (Х.Сейтов). Бирақ, үндемеди, өкпеси бардай сезилди (Х.Сейтов). Бар-жоқлы — шамалы, ебиндей, азғана, ебин жорық, курттай. Бар-жоқлы иним абырайың аштың айын бәрекелла, жийениң қылдың (Өтеш). Аўылда-ақ бар жоқлы жумыс етпесем, Әрман менен дүньядан кеттим нәйлейин (Омар).

БАР III ф. 1. Кетиў, бет алыў, жөнеп кетиў, турмаў. Ҳақыйқатында ол келген күннен баслап-ақ жумысқа бар дегенди еситти оннан (газетадан). 2. Буйырыў, силтеў. Оқыўыңа өз ўақтында бар, — деди Айзада оған (газетадан). Жылқы көрмедиң бе? Бар! (К.Султанов). 3. Билер, шығар, солай емес не, несин сорайсаң. Неси бар апа, қолдан келмейтуғын жумыс жоқ (Ө.Хожанов). — Ол қандай ой? Ойдың да шеги бар емес пе? (Ж.Аймурзаев). Сүттей татыўлыққа уйытқы болған тағы бир жағдай бар (К.Султанов). ◊ Барын базар әйлеў — қолындағы бар нәрселери менен еплестириў, жайластырыў, ҳәрекет етиў. Жигит ағасы барын базар әйлеп (Қ.Ирманов). Барын бериў — үйдеги, қолдағы бар нәрселери менен жайластырыў, күтиў, бериў. Алғаның салланып барыны берсе, Мийман күтсе басқа иси болмаса (ққ.х.қ.). Бар шығар — мүмкин, итимал, керек, тийийс, мәгәр. Ҳақыйқат мүмкин билетуғынлар да бар шығар, бирақ олар ҳеш жерде әңгиме де етпейди (Т.Қайыпбергенов). Халық аўзынан жыйылған сөз болғанлықтан күтә наққа-нақ болмаған жерлер де бар шығар (Қ.Ирманов).

БАР IV ат. (ингл. bar — киши ресторан). 1. Киши ресторан, шарапхана. 2. Ҳәр түрли ишимликлер сақланатуғын шкаф яки сервант, винолар туратуғын шкафтың, серванттың бир бөлеги.

БАРАБАН ат. I Муз. Еки жағы жарғақ тери менен қапланған, иши қуўыс, цилиндр формасындағы қағып (урып) ойнайтуғын музыкалық инструмент, әспаб. Жақынлап келе бергенде мектеп балаларының барабан урған, сигнал шерткен оқыў жылының басланғандағы шадлы намалары Тилегенниң қулағына келди (Қ.Айымбетов). Оқыўшылар мектеп беттен, Дүсирлетип барабанды (И.Юсупов).

БАРАБАН ат. II тех. Цилиндр формасындағы ҳәр түрли машиналардың және механизмлердиң деталы, бөлеги. Машинаның барабаны сынып, жолда иркилди (К.Смамутов).

БАРАБАНШЫ ат. Барабанды қағып (урып) ойнаўшы адам. Бизлердиң изимизше барабаншы да келди, ... (газетадан).

БАРАБАР кел. 1. Бир нәрсениң екинши бир нәрсе менен бирдей, тең, қатар, теңлес, қатарлас, жубайлас, дәлме-дәл екенлиги. Жүрген жериң таўлар менен барабар, Жалғызларға шад ел болар енди шад («Қырқ қыз»). Бәрин туттық, төрт баспашы жарадар, Бизиң менен келе алмады барабар (И.Юсупов). Ал, мынаны душпан билсе, бул қупия сырды ашыў, өлим менен барабар (Ө.Айжанов). 2. аўыс. Әсте-ақырын, жай. Тәғдирге сирә шара жоқ, Жүк көтерер қара нар, Ҳаўлықпа достым барабар (Бердақ).

БАРА-БАРА тәк. р. Ўақыт өткен сайын, барған сайын, әсте-ақырын. Асқынладың бара-бара, Көзиң жерди көрместен. Үмитлендиң жүзи қара, Биллә, пара берместен. (Т.Жумамуратов). Айдос десе аўызындағысын жута алмай хызметине пәйик болған бий, ярым хан ағасының дәслеп есигинде отырғанын мәртебе билсе, бара-бара көкирек басып, төрине өрлейтуғын дәрежеге жетти (К.Султанов). Бара-бара Японияда оның шығармаларына болған қызығыўшылық артып, 1982-жылы «Тәбият пенен сәўбет» атамасындағы биринши көргизбесин өткерди (газетадан).

БАРАБАРЛЫҚ ат. 1. Бирдей, теңдей, қатар. Қандай да бир жумыс болмасын, барабарлық пенен алып барыў керек,... (газетадан). 2. мат. Бирдейлик, теңлик, уқсаслық. Өз ара тең болған еки бөлектен қуралатуғын алгебралық формула. Бул екеўиниң барабарлығын салыстырып көриў керек, — деди муғаллим (газетадан).

БАРАҚ ат. (итал. baracca — ылай, шалаш < barro — ылай). Ўақытша турыў ушын ағаштан жеңил-желпи қурылған үй, жай.

БАРБАРИС ат. бот. Майда, қышқылтым қызыл жийделери бар, тикенекли ағаш өсимлиги ҳәм оның мийўеси.

БАРБОЗЛАЎ ф. Көтермелеў, хошеметлеў. Директордың соншама барбозлап жибергенине Сержан аўызын ашып қалды (Т.Қайыпбергенов).

БАРГА ат. гөн.с. Ханның отыратуғын ордасы. Хан өзиниң күнделикли әдети бойынша баргасына келип отырды (ққ.х.е.).

БАРДАҚЛАЎ ф. Талтаңлаў, ғоддаслаў, шалжаңлаў. Тасладық гүллән кийимди, Мардан алып бардақлап, Әсте басып ардақлап, Жеттик қаза басына (ққ.поэз.ант.).

БАРДАМЛЫ кел. Қурғынлы, қуўатлы, бай, турмысы жақсы. Бирақ бардамлы жер деген бул аўылдағы усы үйдиң турмыс талқысына түсиўи, үй ишиниң әдеўир қалжырап қалыўы айта қалғандай көринди (Ө.Хожаниязов).

БАРДАС ат. Сымбат, тулға, турпат, геўде. Мәрт жигиттиң бардасы бар, Көңилинде бир зәрдеси бар, Биреўиниң балтасы бар, Мен пышағын берип келдим (Қ.Ирманов). Ақыл керек қошламаға, Бардас керек усламаға, Ойланбай ис басламаға, Жигит желли есер дәрқар (С.Мәжитов). Демлеў палаў ҳәм қантлы чай, Бердиң неше ат, тон сарпай, Дәўлетиң зыят Әмет бай, Көрсеттиң бардасты бүгин (Бердақ).

БАРДУР қ. бар I.

БАРЕЛЬЕФ ат. (фр. Bas relief — пәс рельеф). Бир нәрсениң тегис бетине шығыңқы етип түсирилген скульптуралық сүўрет, нағыс. Гипс барельеф. Келгенлердиң ҳәммеси исленген барельефке карап турды, ... (газетадан).

БАРЖА ат. (фр. Barge < лат. bara — жеңил кеме). Көл, дәрья ҳәм теңиз жағалаўларында буксир арқалы қозғалыўшы ямаса өзинше жүре алатуғын жүк тийелиўши кеме. Қайыпназар айдаған катерге ҳәм баржаға минип жайласып алдық (Т.Нәжимов). Баржаға жүклер салынды, Көшкилерин жыйнап алды (Ш.Артык). Уллы қурылыстың жүклерин тасып, Баржалардан зор кәрўанлар дүзеди (А.Бегимов).

БАРИЙ ат. (лат. barium < грек. barus — аўыр). Менделеев периодлық системасының II группасындағы сур реңли химиялық элемент, жумсақ металл. Барий гидроксид. Барий карбонат. Барий сульфат.

БАРИН (р. боярин, бояр < бай -«урыс», «гүрес» сөзинен яки түркий—бай ер, бай еркек). Өтмиште Россияда жоқары класс ўәкиллери, үлкен жер ийелериниң лаўазымы, лаўазым ийеси; ақсүйек.

БАРИТОН (ит. baritono < грек. barus — салмақлы, аўыр + tonos — даўыс) муз. 1. Еркек қосықшылар даўысының бас пенен тенор аралығындағы түри. 2. Усындай даўыста қосық айтыўшы қосықшы. 3. Трубадан бир октава төмен даўыс бериўши, мундштуклы, үплеп шертилетуғын саз әсбабы.

БАРКАС (голл. barkas) ат. Көп адам ҳәм жүклерди тасыўшы үлкен кеме. Әне үлкен баркастың машты көринди (К.Султанов). Асаў толқын үстинде, Алып ушар баркасың (Ш.Мәмбетмуратов).

БАРҚ: барқ урыў, барқ етиў ф. 1. Ҳәўижлениў, доланыў, ғайратланыў, хүжданланыў, талўас етиў. Сыңқ-сыңқ күлип гүмис киби аққан суў, Памирден барқ урып Аралға қуяр (Ж.Аймурзаев). Қушағында барқ урған мәңги сүйип қалғанман (Т.Сейтжанов). 2. Жағымсыз даўыс пенен бақырыў, қатты даўыс шығарыў, қышқырыў, турпайы сөйлеў, қатты сөйлеў. Жаббақларға барқ етип, даўысының барынша бақырды кемпир (Б.Кербабаев,).

БАРҚЫЛДАҚ кел. Тынбай көп сөйлейтуғын, қатты даўыс пенен сөйлейтуғын. Барқылдақ ҳаялдың бары жақсы (М.Нызанов).

БАРҚЫЛДАЎ ф. Қандай сөз болса да оны орынлы, орынсыз айта бериў, былшылдап сөйлей бериў. ... сен де барқылдап мийимди жедиң ғой (А.Бегимов).

БАРҚЫРАЎ ф. Қатты ири даўыс пенен сөйлеў, жағымсыз, жуўан даўыс пенен бақырыў. Шыйрақ келсе де, мәккар жасаўылдың барқыраған айбатынан тайсалақлай берди (К.Султанов). Барқырап жылағанда қарлығып шыққан даўысынан қоңсылары жыйналып қалды (Ж.Аймурзаев).

БАРҚЫРАЎЫҚ қ. бақыраўық.

БАРЛА: барлап басыў ф. 1. Абайлап жүриў, сақ болыў, өз-өзине бек болыў. Жәмийла аяғын барлап басып үйдиң қасына келди, ... (К.Султанов). 2. қ. барлаў.

БАРЛАСТЫРЫЎ барлаў фейилиниң өзлик дәрежеси. Аўылға келген Қулымбеттиң басқан адымын аңлып, ишинен: ақ кеўил бий екен, қайсы барымға да усы барар деп ойлаған пикирин және бир сырдың үстинде сынағысы келген бийди барластырып гәп баслады (К.Султанов).

БАРЛАСТЫРЫЎШЫ қ. барлаўшы.

БАРЛАЎ ф. 1. Бир ис-ҳәрекетти, ҳал жағдайды, аўҳалды, ҳәдийсени билиў, абайлаў, сезиў, сынаў. Тилеп бир топ атлының жүрисинен гүманланып, барлаў жүргизеди (Т.Есемуратов). Сөзди айтқанда барлап айтыў керек (Қ.Ирманов). Жолбарыстың қасына келди, барлап көрди («Мәспатша»). 2. Айлананы, дөгеректи байқап билиў, шолыў. Қәне барлап көрейин шырпың таўсылған жок па, көбирек жақ деп, ... (А.Бекимбетов). Абыл өликти қанарға тығып, аўызын буўып болып даланы барлап келиўге абайлап есиктен шықты (А.Бекимбетов). Күлкини еситкен соқыр еплеп барлап муның қасына келди, ҳал сорады (С.Мәжитов). 3. Оқыў орынларында оқушы яки студентлердиң сабаққа қатнасын барлаў.

БАРЛАЎШЫ ат. 1. Ис ҳәрекетти, ҳал-жағдайды, аўҳалды, ҳәдийсени байқап билиўши. Барлаўшылардан баспашылардың Назархан тәрепте екенлиги анықланды (газетадан). 2. Айлананы, дөгеректи байқаўшы, шолыўшы. Кегейлиниң берги жүзине барлаўшылар жиберген еди (С.Салиев).

БАРЛЫҒЫ қ. барлық.

БАРЛЫ-ЖОҚЛЫ кел. Қандай да болмасын заттың ямаса бир ҳәдийсениң барын, аз муғдарда екенин билдиреди, кеўилдегидей емес екенлигин де билдирип келеди. Тилегенди оқытқан ийшан да саўаты барлы-жоқлы екен, ... (Қ.Айымбетов). Үйде барлы-жоқлы дән де таўсылып киятыр (Ө.Хожаниязов). Ол барлы-жоқлы жемди гүтир-гүтир шайнай баслады (Ө.Хожаниязов).

БАРЛЫҚ I ал. Пүткил, түўел, ҳәмме, бәрше, жәми, гүлли. Акыры, барлық бәламаттың алды алыныўы зәрүр (Т.Қайыпбергенов). Барлық нәрселер туўралы пикирлесип алдық, деп ойлағанымда курдасым Мийрибан күтилмегенде сораў берип, мени ойландырып таслады (О.Нурымбетова). Барлық адам жертөлеге орналасып болды (Ж.Аймурзаев). Барлық өмири көз алдына елеследи (А.Әлиев).

БАРЛЫҚ II ат. Моллық, баршылық, молшылық. Барлықты ким жек көреди (ққ.х.н.)

БАРМАҚ ат. Қол ҳәм аяқтың бармақлары, саўсақлары. Балалар қолын жасырып, ойнаған ойындай қылып бир қолының бармағын екинши қолы менен қысып услап алып, «мине тақсыр», деп көрсетип атыр (Қ.Айымбетов). Ал кесте тиккенде он бармағы ойылған шебер, ... (А.Бегимов). ◊ Бес бармақ — қолдың ямаса аяқтың бес саўсағы. Оқыўшыларға қарап ҳүрмет пенен оң қолының бес бармағын қатаң услап, ... (А.Бекимбетов). Бердибай күле шырай менен қасына келип бес бармағын жазып қол көтерип сәлем берди, аман-түўел сорасты (С.Мәжитов). Суқ бармақ — қолдағы бес саўсақтың ортасындағы ең узыны. Бул нәрсе дәметкендей, қолындағы банкасын суқ бармағы менен шертип турды (Ө.Айжанов). Бармақ тислеў — өтип кеткен ҳәдийсеге өкиниў, ренжиў, пәнт жеў. Бул әдетиң менен өзиң бир күни бармағыңды тислейсең ғой өкинип (Т.Әбдимуратов). Тислеўли кетип бармағың, Ишинде кетип, әрманың (ққ.поэз.ант.).

БАРМАҚТАЙ кел. 1. Үлкен емес, кишкене, азғантай, қурттай. Бий сандығынан бармақтай Самарқанд тирийигин алып, үшке бөлди (К.Султанов). ... Дәўет кәлемин алып еки бармақ тай қағазға еки-үш түртти де үш мүйеш етип бүкледи, ... (Ә.Шамуратов). 2. Бармақ сыяқлы, усаған, яңлы. ◊ Торсыйысқан бармақтай — сулыў, домалақ бармақ сыяқлы. Торсыйысқан бармақтай, Гүз писирди жүзимди (Т.Сейтжанов). Бес бармағындай билиў — ҳәмме жағдайын билиў, майда-шүйделерин, уңқыл-шуңқылын билиў, бес саўсақтай билиў. Пирнияз аўыл хожалығын бес бармағындай етип биледи (Т.Нәжимов). Кимниң баласының я инисиниң, болмаса сүйиклисиниң қай жерде не кәр ислеп атырғанын бес бармағындай билип алдым (Ө.Хожанияzov).

БАРМАҚШЫ ф. Бир жаққа барыўға нийетлениў, барыўды мақсет етиў, таярлық көриў. Бир күни Ешамақ базарға бармақшы болады, ... (ққ.х.е.). .... қайыққа минип отырғанда қоңсы үйдиң баласы да бармақшы болып, қайыққа отырады (ққ.х.е.). Ол азан менен мектепке бармақшы, ... (С.Мәжитов).

БАРМАЎ ф. Нийетлеген, дийдилеген, бағдарлаған, барыўға тийисли жерге бара алмаў. Әмет оқыўға бармай қалған еди (Т.Қайыпбергенов). Бул турысым менен аўылға бармайман, — деп Лиза Арзыўды қушақлай түсти (Ж.Аймурзаев). Барса-келмес — барған жеринен қайтып келмеў, изине айланбаў, айланып келмеў. Сениң ушын басты тартпай кетейин, Жаман жаза барса-келмес сүргинге («Қырқ қыз»). Буның үстине туўған анамның өзим жоқта барса-келмес жолға кеткени есиме түсип, тула бойым лаплап, сай-сүйегимди сойды-аў! (Ө.Хожаниязов).

БАРМЕН ат. (ингл. barmen — бар ийеси; барда ислеўши). Бар ийеси, барда ислеўши, бар хызметшиси, буфетши.

БАРОГРАФ ат. (баро.. + грек. grapho-жазаман). Атмосфералық басымның өзгериўин өзи жазып алатуғын, регистрациялап турыўшы әсбап, прибор. Бул барографты иске түсириў керек, — деди директор (газетадан).

БАРОККО ат. (итал. barocco — әжайып, ҳайран қаларлық). XVI—XVIII әсирлердеги Батыс Европадағы аса әшекейли, сулыў архитектуралық ҳәм скульптуралық стиль.

БАРОМЕТР ат. (баро.. + грек. metreo — өлшеймен). Атмосфераның басымын өлшейтуғын әсбап. Мектеп лабораториясына барометр әкелинди (газетадан).

БАРОН ат. (фр. Baron < лат. baronis — аңқаў, жалланба әскер). Батыс Европадағы ақсүйек, аристократ. Графтан бир дәреже төменги дворянлық атақ ҳәм сондай атақты алған адам. Бундай баронға жетисиўге болады, ... (газетадан).

БАРОТЕРАПИЯ (баро.. + терапия). мед. Атмосфера басымын өзгертиў жолы менен емлеў усылы. Баротерапияда формасы ҳәм көлеми ҳәр қыйлы ыдыслар, камералардан пайдаланылады.

БАРРЕЛЬ (ингл. barrel — бочка, кишкене). АҚШ, Уллы Британия ҳәм басқа бир қатар мәмлекетлерде суйықлықлар ҳәм шашылатуғын затлардың 115 тен 164 литрге шекем болған сыйымлылық ҳәм көлем өлшем бирлиги.

БАРРИКАДА ат. (фр. barricade—тосық). Көшелердеги урысларда, сондай-ақ, көпир ҳәм таў жолларында таслар, тереклер, қум толтырылған қаплар ҳәм т.б. пайдаланып қорғаныў, қарсылық көрсетиў, тосқынлық жасаў, гүресиў. Буларға қарсы баррикада шөлкемлестирилди, ... (Д.Назбергенов).

БАРТЕР (ингл. barter — товар алмасыў). экон. Пул қаржыларысыз тиккелей товарға товар алмасыў. Бартер питими. Бартер усылы. Ең абзалы базар қатнасығының дәстүри бойынша бартер қылайық (И.Юсупов).

БАРХАН(ЛАР) ат. Сахра ҳәм шөллерде самал тәсири (күши) менен пайда болатуғын көшпели қум төбешиклер. Сахралардағы дюналардың бир жанбаўыры жатық, екиншиси тик болады. Бундай төбешиклер барханлар деп аталады. (География).

БАРХАТ ат. Жумсақ түкли етип исленген таўар, гезлеме, түги үстиңги бет жағына шығарылып, жипектен тоқылған, жүзи тығыз қырқылған материал. Столға жабылған қып-қызыл бархат скатерлер райкомның секретары отырған кабинеттеги тахта полға жақынлап турды (Т.Нәжимов).

БАРХАТТАЙ кел. Бархатқа усаған, мегзес, яңлы. Бархаттай кубылған кара топыраққа жас баладай аўнап-аўнап алсаң да (ққ.поэз.ант.).

БАРШИНА ат. Крепостнойлық право ўақтында дийқанлардың помещик жеринде ерксиз, ҳақысыз, босқа ислеген мийнети. Помещик жерлеринде дийқанлар баршинаға ислейтуғын еди, ... (Қ.Ирманов).

БАРШЫЛЫҚ ат. Көп, аз емес, бир талай, бир қанша, анағурлым. Алып қарасақ, аўылымызда ақыл-ойы ала бүйрек адамлар да баршылық екен (К.Смамутов). ... тис қаққанлардың арасында сөйтип пәнт жегенлери де, пәнт жегенлерди еситкенлери де баршылық (Ш.Сейтов). Соның ушын бунда жумбақ пикирлер менен анық фактлер де баршылық (Қ.Мәмбетов).

БАРЫ алм. Барлығы, ҳәммеси. Көз алдымнан өтип атыр жай халық, «Шайыр болсаң аянба» — деп барыңды (Т.Жумамуратов).

БАРЫ-ЖОҒЫ Ҳәммеси болып, барлығы болып, тек, тек ғана.

БАРЫЛДАЎ ф. Жағымсыз жуўан даўыс шығарыў, барқыраў, ... бала барылдап жылады (А.Бегимов).

БАРЫМТА ат. 1. Өшпенликтин салдарынан еки урыўлы елдин бир-биринен мал айдап әкетиўи, урыс, жәнжел. Басқа салған барымта, Алланың бундай жарлығын («Қырқ қиз»). 2. Турмысы бай, қурғын. «Барымта қырқ жылда қайтса», тез қайтады» — деген (А.Бегимов).

БАРЫНША р. Бар ықласы менен, барлық күш-қуўаты менен, жигери менен болғанынша, мүмкиншилигинше, қәлегенниңше. Хәр ким барынша ҳәр ким өзинше орын тапты (Ж.Аймурзаев). Ержан Айтымның үйинен шығыўы менен барынша адымын атып киятыр (С.Хожаниязов). Барынша жумсап ерликти, Өкпесинен шаншыўға («Қырқ қыз»).

БАРЫҢҚЫРАЎ ф. Жақынласыў, капталласыў, жанына таман барыў. Оның бет алдына барыңқырады, ... (А.Бегимов).

БАРЫС I 1. ат. зоол. Ирбис ямаса қар барысы. 2. Леопард. 3. Шығыс жыл санаў календарында (шығыс астрологиясында) үшінші мүшел жыл атамасы. — Быйыл барыс жылы ғой, шырағым, — деди ғарры (газетадан).

БАРЫС II ф. 1. Бет алыс, бағыт бағдар. Барысым аман да, келисим гүман. Хош қалыңыз меннен Саркоп қаласы («Қырқ қыз»). 2. Ис-ҳәрекеттиң жағдайы, аўҳалы. ...ҳәрекеттиң барысын суйылып алатуғын жағдайлар бар (Г.Есемуратов). ◊ Барыс-келис — а) қатнас жасаў. Оған мына шешен қарсы болып, ара суўысты, барыс-келисте туўарылды (Г.Изимбетов). Қатнасар қарындассыз ел жайында не сән бар, Барыс-келис қылмасаң, ағайинде не сән бар (И.Юсупов). б) бир жерге барыў ҳәм кайтыў. ...сеники қурыдан-қуры барыс-келис болды ғой! — Буннан не шығады (Ө.Айжанов).

БАРЫСЫЎ ф. 1. Еки адамның өз ара келиспеўшилиги, айтысыўы, тартысыўы, сөгисиўи, сөз алысыўы. Егер де келисим бермейтуғын болсаңлар я сизлер шығын ямаса мен шығаман дегенге шекем барысқан (Ж.Аймурзаev). 2. Қатнасыў, байланыс жасаў. 3. Бирге барыў, бирге жүриў, жолдас болыў. Қалаға шекем бирге барысты (Қ.Айымбетов). ◊ Барысып-келисиў — қатнасык жасаў, байланыс жасап отырыў. ... мына мәрдикарға алыў сапласқаннан соң өзлериниң барысып-келисип, биреў-биреўинде болса алыса берерсиз, ... (М.Дәрибаев).

БАРЫЎ ф. 1. Белгили бир жерге дейин келип жетиў. Хорезмниң елине Барған патша сенбисең («Ер Зийўар»). Сайеке менен барыўға, Бул да белин байлады («Қырқ қыз»). Барып көрсе ол бир дәўдиң қорғаны екен (ққ.х.е.). 2. Бир нәрсениң ямаса ҳәрекеттиң барысы. Бул сабақлық олардың системалы ис алып барыўына анағурлым жәрдем етти (Г.Есемуратов). Оның ислеп атырған жумысларының барысы менен танысты (Ө.Хожаниязов). Ҳәзирги турмысын тәрепке алсақ, Табысы дәрьядай тасып барады (К.Султанов). ◊ Барып көриў — көз бенен көриў. Өзиңиздики болса дейсең, Ана беглер барып көрсең (Өтеш ҳәм Омар). Барып келиў, барып қайтыў — бир жерге барып айланып келиў, қайтыў. Бизлер семьямыз бенен курортка барып келемиз. (Қ.Айымбетов). — Аўа, жумыс бабында барып қайтыўым керек (Ө.Хожаниязов). Барып турған — жоқары шыңына жеткен, барынша. Гитлер ҳеш кимниң дайысы ямаса жийени емес, ал ол барып турған адамхор фашист (Ө.Хожаниязов). ◊ Бардым-келдим — бир жерге барып ҳәм қайтып келиў, нәтийжесиз, жуўмақсыз, мәзи, қуры, кеўилсиз, босқа. Ойымды Мурат аға менен жеңгейдиң сөзлери бөлип жиберди, мен серсиз, бардым-келдим кеўилсиз тыңлап отырман (Ө.Хожаниязов). Барып-келиў — белгиленген жерге барып, қайтып келиў, айналып қайтыў. ...мал басына барып-келип жүрген, ...(А.Бекимбетов). Қарым-қатнастың барыў-келиў адамлар арасындағы өз ара байланыстың шәрты (Ө.Хожаниязов). 2. Турмысқа шығып, қайтып келиў. Барған сайын — улғайыў, күшейиў, зорайыў, ҳәўиж алыў, даўам етиў, созыў. Мырзабектиң даўысы барған сайын бәлентирек шыға берди (Ө.Айжанов). Ана сыйырлардан алынатуғын сүттиң мөлшери барған сайын жаңа усыл менен арттыра түсти (Ж.Сейтназаров). Барған соң — а) белгили бир жерге келгеннен кейинги ҳәм де барып жеткеннен кейинги ўақыт, бир ҳәдийсениң ямаса ўақыяның кейнинен болған ўақыт, кейинги ўақыт. — Қысынбаң! — Қалай қысынбайын, ағажан, мен сизиң алдыңыздан үйиме барған соң Садулланың апасына не айтаман (А.Бекимбетов). б) белгили бир муғдарға барыў, толыў, шығыў, келиў, жетиў. Жети жүзге барған соң, Жигит сондай мәрт болар (А.Бегимов). Барғанша — бир жерге ямаса бир орынға жеткенше, сол еки аралықтағы ўақыт. Не қылсын, ол барғанша ойлады (Т.Қайыпбергенов). Енди қайтып үйге барғанша патшаның қызы күйеўинен айырылып келипти деген атақты алғанша усы жигитти тәрбиялайын, кийиндирейин деген ойда болады (ққ.х.е.). Орынлап барыў — бир нәрсени кеўилдегидей бежериў, питкериў, орынлаў. Атамурат барлық тапсырмаларды кеўилдегидей орынлап барды (Т.Қайыпбергенов). Түсинип барыў — ҳәрекетти, жағдайды билиў, түсиниў. ...Өйткени, буған түсинип барды. (Г.Есемуратов). Шийеленисип барыў — ҳәдийсениң, ўақыяның былғасыўы, шатасыўы, шийеленисиўи. Излер бара-бара тоғайдың төрине қарай шийеленисип барды (Т.Қайыпбергенов). Бара бериў — әсте-ақырын жүрип барыў, қайта-қайта келе бериў. «Арзы оған қарап тура алмады, тезирек бар, мен бара берейин», — деп кете берди (С.Мәжитов). Мен ақырын бара бердим (Ж.Аймурзаев). Оған дегди менен көкиректи таслап, дегдиниң таяғын услап, сүзип бара берейик (А.Бекимбетов). Дәстүрге айланып барыў — бир нәрсениң, ҳәдийсениң, ўақыяның бир жаққа қарай бурылыўы, өзгериўи. Бул дәстүрге айланып баратыр: бир-биреўин критика етсе, тартысады, ... (Ө.Айжанов). Жарқ-журқ етип барыў — күле шырай бериў, кеўилли барыў, жағымпазлық етип барыў. Бир мәҳәлде қарасам, бир ҳаялдың капталындағы ҳаял менен жарқ-журқ етип баратырғанын көрдм, ... (А.Әлиев). Буйығып барыў — уйқы тартыў, мүлгиў. Отырған жеринде буйығып баратыр. (Ө.Айжанов). Илинисип барыў — улғайыў, күшейиў, мәселениң зорайыўы. Ўақыяның екеўи де жүдә илинисип баратыр (А.Бекимбетов). Таз кебине барыў — бурынғы ҳалына, қәддине келиў, түсиў. — Тағы таз кебиңе бардың ба? (К.Султанов). Барып турған өжет — қырсық, ҳәкис. Барып турған өжет болды (Т.Қайыпбергенов). Барып турған жаўыз — зулым, мийримсиз, қатал. Барып турған жаўызлық ғой (Ж.Аймурзаев).

БАРЬЕР ат. (фр. barriere—тосық). спорт. 1. Жуўырыў спорты, ат спортында ямаса цирк номерлеринде секирип өтиў ушын исленген тосық. Спортшы барьерден секирип өтти (газетадан). 2. Дийўал, тахта дийўал. 3. аўыс. Аралық, дистанция.

БАС ат I 1. Адамзат пенен ҳайўанаттың ең жоқарғы бөлеги, мүшеси, мийдиң орналасқан жери. Басың екеў болмай малың екеў болмайды (кк.х.н.) ... барлық топырақты басыма шаша берген екенмен (Ж.Аймурзаев). Ат басына күн туўса, аўызлығы менен суў ишер, ер басына күн туўса, етиги менен суў кешер (кк.х.н.). 2. Ҳәр түрли өсимликлердиң ағашлардың шөплердиң ең жоқарыдағы ушы, төбеси. ... жүйериниң баслары ат дорбадай (Т.Қайыпбергенов). «Мийўе питпес, дарақ басы төселген». Жанды қыйнап, тырыстырған тамырды, Сақлағайсаң менменшилик кеселден. (Т.Жумамуратов). Бийдайдың басы сарғайып, қармаққа айланды (газетадан). 3. Жайдың, үйдиң, тамның басы, ... басына жүйериниң шиңгиригин толтыра үйген жайға келип иркилди... (Т.Қайыпбергенов). Қуры там басында деп айтып атырман (Т.Қайыпбергенов). ... үлкенлердиң исин үйренгиси келгендей там басларына минип қарап турыпты (Т.Қайыпбергенов). 4. Таўдың, қырдың, мунараның ҳәм басқа да нәрселердиң төбеси, ең үсти, бийик жери, шыңы. Атын айтып аяўсыз, Шықты таўдың басына («Қырқ қыз»). Таў басында ойнар жайран, Жүзин көрип болдым ҳайран (И.Юсупов). 5. Бир нәрсениң басламасы, дәслепки ўақты. XIX әсирдиң басында Хийўа ханына қарсы көтерилис жасаған, ... (Қ.Айымбетов). Табыслардың басын баслаўдан-ақ дем алыўшылардың қол шаппатлаўлары гүркиреп жайдың төбесине тирелди (Т.Қайыпбергенов). Басын басласаң, аяғын өзим түсинемен ғой (Қ.Ирманов). 6. Бир нәрсениң айланасы, дөгереги. ... улыўма халық басына аўыр қайғы түсти, ... (Т.Қайыпбергенов). Жер басына жеткеннен соң, Туў тигилди қумға бийик (И.Юсупов). 7. Сан муғдары менен есапланғандағы дана, шама, муғдар. Көлик маллары 27928 бас (газетадан). 8. Атқаратуғын хызмети жағынан жоқары, басшы лаўазымда ислеўши. Жас ҳәм тәжирийбеге ие қәниге 1986-жылы тери кеселликлери диспансерине бас шыпакер лаўазымына тайынланды (газетадан). Бас есапшы менен кәсиплик аўқамның баслығы шығып кетти де, изинше жазыўшы Мухамедов кирип келди (М.Нызанов). Усы ўақытта бас инженер кирип келди де, екеўимиз үнсиз қалдық (К.Мәмбетов). Көбей, бәлким, бас редактордың дәллеклесетуғын жорасы болса керек (Ә.Карлыбаев). 9. Адамның жеке дара өзи, киси. Бирден келдик еки жасқа, Не саўдалар түсти басқа (Өтеш). 10. Тийкарғы, негизги. Мен өзим Алланың қас бендесимен, Өзиме жүргенниң бас бендесимен (Күнхожа). Жас болса да парийзат. Бул қызларға бас еди («Қырқ қыз»). 11. Балтаның, шөккиштиң тағы басқа да усы сыяқлы қурал-сайманлардың жүз бети, жағы, тийкарғы жери. Балтаның басын беккемлеп, сына қақты (Б.Бекниязова). 12. Таяқтың, баканның тағы басқа да усындай нәрселердиң жуўанлаў жағы, жумыр бети. ... арбашының қолындағы таяғының басы жарылып кетипти (Б.Бекниязова). 13. Көлдиң, дәрьяның, каналдың, таўдың, булақтың басланған жери, жоқарғы жағы, бети. Әмиўдәрьяның басы Памир таўдан басланады (Н.Дәўқараев). Аўыс. Басың екеў болмай малың екеў болмайды (кк.х.н.). ◊ Бас ҳәрип — Үлкен ҳәрип. Жазыўда ҳәр бир гәп бас ҳәрип пенен басланады. (Қарақалпақ тили сабақлығы). Жалаңбас — басында кийим жоқ, басына ҳеш нәрсе киймеген, бас кийимсиз. Шерип жалаң аяқ, жалаңбас булардың үстине кирип келди (Қ.Ирманов). Жалғыз бас — қара басы, жекке басы, жалғыз өзи, өзинен басқа ҳеш кими жоқ, қуры өзи. Жалғыз басым қалдым (Қ.Әўезов). Жумабай жалғыз баслы болды (К.Султанов). Бас аўырыў — а) Бастың аўырыўы, бастың айланыўы. Базылар бас аўырыўы, бас айланыўы ҳәм шаршаўды қан басымының асыўы ақыбетинде келип шығады деп есаплайды (газетадан). б) Биреўге қолайсызлық жаратыў, қарсы келиў. Басын сүйеў — жығылған адамға жәрдемши болыў, басын жоқары көтерип отырыў, демеў, жәрдемлесиў, көмеклесиў. Әри-бери Әўезовтың басын сүйеп, «шырағым, шырағым» деп атыр (Т.Қайыпбергенов). Басынан кешириў — өзиниң өмиринде бир қанша қыйыншылықларды басынан кешириў, ушыратыў. ... усыншама қыйыншылықты басынан кеширип жүр (Т.Қайыпбергенов). Бас кәде — басқа биреўлерге берилетуғын саўға, сыйлық, сарпай. Ҳәзирги бас кәде Айтбайды мәрдикарлықтан алып қалыў болсын, — деди жаўшының биреўи уры күшиктей жылмыңлап (М.Дәрибаев). Бас бармақ — биринши үлкен бармағы, саўсағы. Бас бармағын жағына таянып отырған кемпир бир қарап қойды (К.Султанов). — Өзимниң мынандай, — бас бармағын шошайтты да атын тепсинди (Ш.Сейтов). Бас қосыў — қатарға қосылыў, биригиў, уйымласыў, кенесиў, мәмлесиў, биргелесиў, шөлкемлесиў. Басымды қоссам қатарға, Жигитликтен миним жоқ (А.Дабылов). Бас қосқан жеримиз мақпал төсеп қойғандай көк-көнбек (Ө.Хожаниязов). Бас кетиў — өлиў, қурбан болыў. Үсти-үстине есикти аш, Ашпасаң кетер сизден бас! (Бердақ). Бас кийим — басқа кийилетуғын кийим. Басыңдағы кийимиңдей, Ығбалың шым қара еди (И.Юсупов). Басқа түсиў — қыйыншылыққа ушыраў, түрли қыйын-қыстаў жағдайға ушыраў, кезлесиў, дуўшар болыў. Басыма түсип тур қайғы қуяшы, Соны бузық бийперзенттиң уясы («Мәспатша»). Бас сүйек — адамзаттың ямаса ҳайўанаттың басының сүйеги. Бирақ, бас сүйегинен өтпеди де қулаққа қарап тайып кетти (С.Хожаниязов). Бас орамал — басқа тартылатуғын, орайтуғын кишкенелеў шаршы, орамал. Басыңда орамал желбирер ярым, Сен кетсең көзлерим телмирер ярым (кк.х.к.). Басына көтериў — а) Өз басынан асырып көтериў; б) Аса ҳүрметлеў, жүдә сыйлаў; в) шаўқым шығарыў, шуўласыў, тәртипсизлик қылыў. Олардың шүйкилдиси, атлардың киснескени әтирапты басына көтерди (газетадан). Бас тартыў — көнбеў, көнликпеў, биреўдиң усынысына бағынбаў, қайыл болмаў, қарсы болыў. Бирақ, гөне әдебий мийрасқа барқулла бас тартыўға, оннан дым пайдаланбасқа да болмайды (Қ.Ирманов). Бастан-аяк — бәри, барлығы, түўели менен, басынан аяғына дейин. Поэма бастан-аяк уллы социал әҳмийетке ие болған халықтың қымбатлы сөзлери менен толы (кк. әдебияты). Басына келиў — биреўдиң басындағы ўақыяның екинши биреўге өтиўи, келиўи. Күлме достыңа келер басыңа (кк.х.н.). Бас-аяғы — истиң басы ҳәм аяғы, бары-барынша. Ўәдесиниң жоқ аяғы я басы, «Бир ҳәптеде жети рет жумысы» (Б.Исмайлов). Бас болыў — бир нәрсеге басшылық етиў, басқарыў, меңгериў. Аўылда болған бас жигит, Сизиң аўыл қайда болар (кк.х.н.). Басын ораў — шаршы ямаса орамал менен ораў, тартыў, жамылыў.... оларды шыйырып басыма орадым. ... (Ж.Аймурзаев). Басына бүркениў — жамылыў, ораныў. ... Гүлим басына бүркенген кийимин ийнине түсирди (Т.Қайыпбергенов), Бас қайғы — Өз басының ўайымы, муңы, қайғысы. Бул қалған баспашылардың да саўлары өз басларының қайғыларын ойлап қашыў менен болды (газетадан). Бас тигиў — жолында пидә болыў, қайыл болыў, жолына қараў, қараслы болыў. Бас тигиппен Хан-Саяттың жолына, Көзи яшлы Сәрби ярым қал енди (кк.х.к.). Басына жетиў — опат болыў, қурбан болыў, қаза табыў, өлиў. Усы Қәмекбай өзиниң де, ғаррының да басына жетеди (Ж.Аймурзаев). Қызға алған малы жетти басына (С.Хожаниязов). Бастан кешириў — аўырманшылықты, қыйыншылықты, түрли ҳәдийселерди басынан кешириў, өткериў, көриў. Қандай ҳәдийселер басымыздан кешпеди дейсең (Ж.Аймурзаев). Талай тартысларды бастан кеширип, Мапазында турмыс уллы сынақтың (Ш.Мәмбетмуратов). — Кемпир гөззал еди, ғарры мәрт еди, Мерекелес болған талай жасынан. Екеўин де ашық оты өртеди, Әрман менен жаслық өткен басынан (Т.Жумамуратов). Бас себепши — бир нәрсеге тийкарғы себепши болыў, «Бегжап» қанлы ўақыясының бас себепшиси Турдықылыш ҳәм Қасым, ... (Т.Қайыпбергенов). Бас көтериў — а) жаўға қарсы шығыў, көтерилис баслаў. Шыдамай хорлық азапқа. Бас көтерди мийнеткеш (Х.Сейтов). б) басшы болыў, басшылық етиў, бас болыў. Усы аўылдың бас көтерген жигитлериниң бири ҳәм абырайлы батрачком ғой (Т.Қайыпбергенов). Бас қатырыў — бир нәрсе ҳакқында ойланыў, соның менен бәнт болыў. Жыллар бойы уйқысыз бас қатырдым. Талай таңды ой үстинде атырдым (Т.Сейтжанов). Бас ўазыйпа — тийкарғы, негизги жумыс, миннетли хызмети. Халыққа хызмет етиў — бул дәстанның геройларының бас ўазыйпасы (Қ.Мақсетов). Бас қаҳарман — ўақыяның баслы қаҳарманы. Бирақ бизиң бас қаҳарманымыз «бийқар сескенген» екен (М.Нызанов). Басқа бәле болыў — дәхмет болыў, қайғы болыў, мүшкил болыў, қыйыншылық болыў. Кәдимги артықмаш күш базда басыңа бәле болады (Ш.Сейтов). Басын алып кетиў — өз басын алып кетиў, қаңғырып кетиў, шығып кетиў. Ол базда жақсы-жаманды аңламай, өз басына кетип қалады (Ж.Аймурзаев). Бас сыйпаў — биреўдиң я өзиниң басынан сыйпаў. Бирақ сыр билдиргиси келмей, Олардың басын сыйпады (Ж.Абдраймов). Басы көкке жетиў — мурат-максетине жетиў, қуўаныў, бахытлы болыў, ойлағанына жетиў. Басы көкке жетеди (Х.Алимжан). Жаманлық жаўдың басына — душпанға жаман тилек тилеў. Жаманлық жаўдың басына (К.Султанов). Басынан кешириў — турмыстағы қыйыншылықты, аўырманлықты бастан кешириў, бастан өткериў. Көп қыйынлық кешип бастан, Жазға жеттим өлип қалмай (Б.Исмайылов). Бас алыў — геллесин алыў, басын кесиў, өльтириў, қурбан қылыў, басын шалыў. Хийўа ханы қасарып, Мал орнына бас алып, еки жақлап талады (К.Султанов). Жаўдың басы — душпанның алды бети, бас бети. Жаўдың басын кеспегенше, Ерликтиң қәдирин билмес (А.Дабылов). Баста турыў — ең алдында болыў, алдында турыў. Жас деген зор күш колхозда. Қай исте көрсең баста тур (Б.Қайыпназаров). Басын жалмаў — басына жетиў, өзиниң ислеген жаманлығы ушын өзи зыянда қалыў, өзи жәбирге ушыраў. — Ҳәй улым, халыққа ким жаманлық етсе, өз басын өзи жалмай береди (С.Хожаниязов). Бас ғуўлаў — басы мең-зен болыў, басы айланыў, мий айланыў. Тула бойым титиреп басым ғуўлап ес-ақылымнан айрылғандай болдым (А.Бекимбетов). Бас жарыў — а) егинниң дән салар алды, ҳәр түрли өсимликлердиң, гүллердиң ашылыўы дән салар алды. ... Колхоз жүйерилери жаңа гана бас жарып киятыр (газетадан). б) басын, геллесин урып бузыў, басын жарыў. Мынаў пәтиңнен, егер қапыға асылып кишкене бала турса, басын жарар едиң (Т.Қайыпбергенов). Ошақ басы — үйдиң иши, үйдеги ошақтың басы. ... ҳаял ошақтың басына бир дизерлеп отырды (Т.Қайыпбергенов). Бас теңгериў — өзи менен бирдей көриў, теңбе-тең қараў. Жалғыз күн болса да ханға султанға, басымды теңгерип көндирдим (А.Дабылов). Бастан асыў — жумыс көп болыў, молшылық. Әссалам ол, қазақтың астанасы, Келдим мен қуўанышым бастан асып, ... (И.Юсупов). Ат басындай — ири, үлкен, ең жақсы, уллы. Он ай қурсақ көтерди, ақ жарылқап күн туўды, ат басындай ул туўды («Алпамыс»). Озал бастан — ең дәслептен, әўелден, әййемнен. Бурыннан қарақалпақ ҳәм де өзбек, Озал бастан бир туўысқан (Х.Турымбетов). Усы бастан — тап ҳәзирден баслап. Комсомол шөлкеминиң барлық тапсырмаларын усы бастан орынлай билиў керек (Т.Қайыпбергенов). Истиң басы — а) исленип атырған жумыстың басы. ... бул күнлери истиң басында болмасаң болмайды (газетадан). б) бир жумыс пенен бәнт болыў, жумыстың ийеси болыў, машқул болыў. Мен я қап қолласыўға болмасам, я бир истиң басында болмасам, кимге дәркарман (Ө.Хожаниязов). Бас салыў — ҳеш нәрсесине қарамай, кеўлине келгенин ислеў. ... жумыс таслаған жумысшыларды бас салып ата берди (газетадан); Бастан шығарыў — ойдан шығарып жибериў, умытып кетиў. Ал, байлар заманы қайтадан болады деген сандырақты бастан шығарыў керек (Т.Қайыпбергенов). Бас ғамы — ҳәр кимниң өзиниң мақсети, тилеги, мүддәхәси, әрманы. Ақырында өз басының ғамын ойлады (Т.Қайыпбергенов). Басы байлаўлы — ийеси бар, ийели, адамы бар. Бирақ олардың биразы басы байлаўлы болды (К.Султанов). Басынан мийнет кетпеў — ҳәмме ўақыт мийнетке дус болыў, хизметте болыў, жумыс ислей бериў, тыным таппаў. Басынан мийнет кетпеген, Шекпени дизеге жетпеген (А.Дабылов). Сөз басы — кирисиў, сөйлей баслаў, кирисе баслаў. ... бир нәрсе ҳаққында сөз баслағысы келеди (Т.Қайыпбергенов). Гәп басы — сөйлеўге кирисиў, сөйлей баслаў, Гәптың басы ийне болады, ийнениң түби гийне болады (кк.х.н.). Бас мақала — газета, журналдың ең биринши мақаласы. Ербай газетаның бас мақаласын оқып жиберди (газетадан). Бас ийзеў — а) ийегин силтеп аманласыў, басын қыймылдатыў. Мен тек басымды ийзеп ҳүрмет етип, кеўлимди билдирип атырман (Ө.Хожаниязов). б) мақуллаў, бар нәрсеге келисим бериў. Басын ийзеп мақуллағандай болады (Ә.Шамуратов). Бас ийиў — мойынсыныў, көниў, көнлигиў. Тилимди алмай досларым. Хан алдына барғанман, Басымды ийип қолымды, Қаўсырып сәлем бергенмен (Бердақ). Ақбас — басынан ақ үпелек шығаратуғын өсимликтиң бир түри. Бир ўақытта тас төбеге тикленген гүңгирт булт гүздеги ақбастың үпелеклериндей жапырақланып жаўа баслады (Т.Қайыпбергенов). Бас шайқаў — бир нәрсеге өкиниш билдириў, өкиниў, азарланыў, қыйналыў. — Эй қосшым, — деди Серкебай басын шайқап, — қыйын болған екен (Т.Қайыпбергенов). Бас шулғыў — қуўаныш билдирип басын ийзеўи, ийек қағыўы. Сонда мазатланып, ескекшисине қарап басын шулғыды (К.Султанов). Бас байлаў — тақ турыў, қандай ис болса көнлигиў, қәўип-қәтерден бас тартпаў. Бас бәйги — сыйлық, мийнетиниң жеңиси, гүреске шыққан бас палүанға, топтан озған жүйрикке берилетуғын биринши байрақ. ... бас бәйгиге бир гилем алды (газетадан). Бас палүан — тойда, жыйында, мерекеде гүреске түсиўшилердиң ең таңлаўлысы, атақлысы. Бас урыў — биреўдиң алдына барып жығылып жалыныў, жалбарыныў. Хан алдына келип дийқан бас урып жалбарынды,... (кк.х.е.). Басы бос — ҳеш ким ийелик етпеген, ески үрп-әдет бойынша ержеткен қызды ямаса ери жоқ ҳаялды биреўге атастырмаған, басы ашық қыз ҳәм ҳаял. ... бул ҳаялдың ҳәзиринше басы бос, ... (Қ.Аралбаев). Бас-аяқ — истиң басы және де аяғы, барлық бары, жәми, барлығы болып. Бас-аяғы ғаррының берген кеңеси усы болды (Ө.Айжанов). Бас байрақ — ең жоқарғы саўға, сыйлық. Алпыс болды бас байрағы, Отыз болды салым ҳақы (Бердақ). Бас-басы — дара-дара, жеке-жеке, ҳәр қайсысы. ... «бас-басына, турымтай тусына» дегендей қаша баслады (Қ.Ирманов). Бас жалмаў — басын алыў, басын жутыў, басына жетиў. Мына пейилиң турғанда, Ақылсыз туўған достым-аў, Өз басыңды жалмарсаң (Бердақ). Бас-бүкил — ҳәммеси, жәми, бәри, барлығы, биротала. Аяғы бас-бүкил истен шыққан (Сейтов). Бас елши — бир елге жиберилген басшы адам, еки аўылдағы хәдийсени, ўақыяны келистириўши адам, басшы киси, басқарыўшы, елши. ... бас елши өзге болып аға жеңгесиниң рийзалығын алып келди (К.Султанов). Бас былғаў — шайқаў, қозғаў, шайқалыў. Тоғай шақырып бас былғаған, Жер бетине салып сая (И.Юсупов). Бас жип — ҳайўанаттың басына байланатуғын жип, арқан. ... сыйырдың бас жибине асылып Кулымбет бийдиң аўылына шубырып киятыр (К.Султанов). Бас айланыў — мийи мең-зең болыў, мийи айланыў, ... я мениң басым айланып, есимнен кетип турман ба деп, ... үним шықпай қалыппан (А.Бекимбетов). Бас қала — ең үлкени, орайы. Сәлем Ташкент, мехрибанлы бас қалам, Қарақалпақ баўырыңман әссалам (Т.Жумамуратов). Бас-көзге қарамаў — басына, көзине қарамай, бас салып урыў, сабаў, дуў-сыйына қарамаў. Хожайынлар басқа-көзге қарамаў, Қамшы үстине қамшы урып (Өтеш). Бас қонақ — қонақлардың ишиндеги ең жасы үлкени, қәдирли, сыйлы адамы, тийкарғы қонақ адам. Ол бираздан бери көбинше шайдың ўақтында үййниң бас қонағы еди (Р.Тагор). Бас қоспа — жыйналыс, мәжилис, бирлесиў, шөлкемлесиў, уйымласыў. «Саламат ана ҳәм бала жылы» мүнәсибети менен өткерилген бас қоспа мәжилис бир қатар ўазыйпаларды белгилеп берип, еле де тығыз ислесиўге тийкар жаратты (газетадан). Бас қосыў — биригиў, жәмлесиў, аўқамласыў. Еки жақсы бас қосса, Қыл өтпейди арадан (кк.х.н.). Бас қосысыў — қ. бас қосыў. 35 жыл бас қосқан адамына ойласпастан Темирхан ата бир күни колхоздың баслығына арза етти (Т.Қайыпбергенов). БАС II 1. муз. Еркеклердиң ең пәс, жуўан даўысы ҳәм сондай даўысқа ийе қосықшысы. 2. Музыкалық шығармалардағы ең пәс даўыс, партия. БАСА-БАС Ҳәр түрли машқаланың, жумыстың көп болыўы, басқа ислерге, нәрселерге қол тиймеў. Сол күни бир баса-бас болды дейсең, қоя бер енди (М.Нызанов). БАСАЛАЙ ат. Тарыны ҳәм шигинди кептирип, кепегин айырмастан тартып писирилген суйық быламық, жарма. Буннан нан да ислейди. Басалай ишип ашыды қуйық, Жаман ашлық болды быйыл (Бердақ). Ишкениң басалай быламық, Бул исиң қалай шерменде (Өтеш).

БАСКЕТБОЛ ат. (ингл. basket — себет, тор + balle — топ) спорт. Командалық спорт түри. Белгили бир бийикликтеги щитке орнатылған металл шеңберге жип тор бириктирилип, сол торға топ түсирип ойналатуғын ойын. Баскетбол майданы. Баскетбол ойнаў. Баскетбол спорт жарысы. Солай етип, универсиаданың аймақлық басқышындағы спорттың баскетбол түри бойынша бириншиликти қарақалпақстанлы студент-жаслар қолға киргизди (газетадан). 19—21-сентябрь күнлери баскетбол бойынша қызлар арасында Дене мәденияты факультетиниң бириншилиги болып өтти (газетадан).

БАСКЕТБОЛШЫ ат. Баскетбол ойыны менен шуғылланыўшы, баскетбол ойнаўшы. Барлық баскетболшыларды бир жерге жыйнады (газетадан). Баскетболшы қызларымыздың қолға киргизген табыслары айрықша болды (газетадан).

БАСҚА р. 1. Басқа, бөтен, өзге. Ана тилим, сен басқадан айырмам (И.Юсупов). Бий басқа табаққа қолайласты, ... (К.Султанов). 2. Басқа адам, өзге адам. Қәпелимде жин көринип басқа жигитиң, Зып берипсең, шыр-пыр болып қалды бийшара (Т.Жумамуратов). 3. Бөтен жақ, басқа жақ, тәреп, бағдар. Мийирхан, ... мениң не дейтуғынымды тез аңғарып, басқа жаққа бурды (Ө.Хожаниязов). ◊ Басқа шығыў — перзенттиң ата-ананың қолынан бөлек шығып кетиўи, өз алдына шаңырақ қурыўы. Өлимнен басқа — басқа нәрсениң ҳәммеси, барлығы, жәми. Өлимнен басқаның ертеси жақсы (кк.х.н.).

БАСҚАЛАНЫЎ ф. Өз алдына бөлек шығыў, бөлеклениў, бөлек шығарып жибериў. Оның ата-анасынан басқаланып кеткенине көп ўақытлар болды (Қ.Айымбетов).

БАСҚАЛАЎ ф. Бөтенлеў, усамаў. Киятырған адам сиз айтқаннан басқалаў көринеди (газетадан).

БАСҚАЛДАҚ ат. Кишкене дәрьяға, каналға, жапқа адамлардың жүрип өтиўи ушын исленген өткел, паяпыл. ... өлтирилген дәўиниң гәүдесин айырылған қос жилиги шор дәрьясына басқалдақ болып турған усайды (кк.х.е). Не бир қыйын жерлерде, Басқалдақсыз өтеди («Қырқ қыз»).

БАСҚАЛЫҚ ат. Жатлық, бөтенлик, өзгелик, бөтен биреўлик.

БАСҚАРМА ат. 1. Мәмлекетлик басқарыў системасындағы жоқары яки орта буўындағы ири шөлкем, орган. Өзбекстан Республикасы Президенти жанындағы Жойбарлаў басқармасы миллий агентлиги (газетадан). ... республикамыз ҳәм Өзбекстан мусылманлары басқармасы басшыларына терең миннетдаршылық билдирди (газетадан). 2. Мәкеме, кәрхана, жәмәәт басқарыўы. Сениң бул жерде басқармаға асылыўың жөнсиз,... (газетадан). ...Арзымызды айтар едик, көре ғойсак басқарманы (Т.Жумамуратов).

БАСҚАРЫЎ ат. 1. Мәмлекет тәрепинен басшылық етиўши орган. Бизнес ҳәм басқарыў жоқары мектеби бағдарламалары бойынша оқыў ушын талабанларды таңлап алыў критерияларын белгилеў (газетадан). 2. ф. Басшылық етиў, ел бийлеў, жетекши болыў. Билимли болып журт басқарады (Ө.Хожаниязов). Ел басқарған адамның жаны таза, иси минсиз болыўға тийисли, ... (Ө.Айжанов). Төремурат туў ўслап, нөкерди басқарса, Есенгелди елден қарыў-жарақ жыйнады (К.Султанов). 3. ф. Бир нәрсени жолға салыў, уйымластырыў, бириктириў, шөлкемлестириў. Оркестрди басқарып турған адам бул сөзге кеўил бөлмеди (Н.Островский). 4. Жансыз нәрселерди, техникаларды басқарып ҳәрекетке келтириў, меңгериў. Пахтаның тәғдири бизлердиң қолымызда, ҳәр ким өз тракторын шебер басқарыўы керек (К.Султанов). 5. Адамның өзин-өзи басқарыўы, қараслы болыўы, жетекши болыўы. Адамда қуўаныш пенен қайғыны, ренжиўди орайлық нерв системасы-бас мий басқарады (А.Бекимбетов).

БАСҚАРЫЎШЫ ат. Басшылық етиўши, шөлкемлестириўши, меңгериўши. Басқа аўылдан келген адамлар кишкене болса да той басқарыўшының қәтесин табыўға урынады (Н.Дәўқараев).

БАСҚАРЫЎШЫЛЫҚ ат. Шөлкемлестириўшилик, меңгериўшилик. Бунда Алтынгүл басқарыўшылық ўазыйпасын атқарар еди (газетадан).

БАСҚАША р. Өзгеше, басқа түрде, айрықша. Ҳәзир бул жерлерде тәбият көриниси дым басқаша (Қ.Айымбетов). Бул ўақыя басқаша болып шығайын деп тур (А.Бекимбетов).

БАСҚАШАРАҚ р. Өзгешерек, бөтенирек, басқарақ, айрықшарақ. ... Қыяс жыраўдың вариантында бул ўақыялар басқашарақ («Мәспатша»). ... бизге етежақ жәрдемиңиз азғантай басқашарақ болады (А.Бекимбетов).

БАСҚУР ат. Қара үйдиң ишинен айландырып орап қоятуғын, енли етип нағыслап тоқылған зат. Еки басқурдың ортасында мурынның қанындай қып-қызыл дизбе ўықлары бириктирип тур (С.Хожаниязов). Жүкти басқурдан асырып жыйнаған (Г.Изимбетов). ◊ Ақ басқур, қызыл басқур — басқурдың түрлери. Ендигиси қара үйдиң ақ басқуры қызылбасқурдың ериси (Б.Бекниязова). Оннан төмен ақбасқур, Оннан төмен қызыл басқур (С.Хожаниязов).

БАСҚЫ кел. 1. Ҳәзил-дәлкек, күлки, ҳәзиллесиў, дәлкеклесиў. Бири басқы таўып, бири күлисип, Басқының астына түсти олақлар (Ж.Аймурзаев). — Қарақалпақтың «ўаҳаҳасы», басқысы басын тасқа урғызбай жүрген, — деп тақыўаланады әкеси Ерназарға (Ш.Сейтов). 2. Ҳүжим, қысым, зорлық. Баярдың басқысына ушыраған адамлар қуў далаға қарап қаңғырды (Ж.Аймурзаев). ◊ Басқы табыў — жуўапкершиликке ушыраў, бир нәрседен кәўетерлениў, сескениў, ҳаўлығыў, өз басын алып қашыў. Әйне песин ўағында, Қалмақлар басқы табады, Айпарша үстем болады («Мәспатша»). Шыдамады, жаўыз зымырап қашты, Ойламаған жерден таптылар басқы (Ә.Шамуратов).

БАСҚЫЛАНЫЎ басқылаў фейилиниң өзлик дәрежеси. Олар желинген ҳәм басқыланған от-шөплерди жеўге мәжбүр болады (Қ.Ерманов). Жолдың үстинде басқыланып қалған қатты қар цементтей болып, күн батар алдындағы қуяштың нуры менен жарқырап кетти (Х.Сейтов).

БАСҚЫЛАСЫЎ басқылаў фейилиниң шериклик дәрежеси. Сәлемлесип, басқыласып аларсаң, Дүньяның кемлигин тез умытарсаң (И.Юсупов). Ырасында да, жигитлер бирин-бири басқыласып, ҳаяллар дәлкеклесип, жаңағы жаман аўыз салып кеткен салқынды жылытып та, умыттырып та баратыр (Ш.Сейтов).


БАСҚЫЛАЎ I ф. Бир нәрсени жент етип қатты басыў, женшиў. ... жамбасқа жумсақ деп сүйригин жапырып басқылай бережақсаң (К.Султанов). Суў көплеп етке жабысып, Басқылап турды бөгетти (Б.Қайыпназаров).

БАСҚЫЛАЎ II ф. Адамлардың бир-бири менен ҳәзиллесиўи, күлисиўи, ўаҳаҳаласыўы, шад болып отырыўы. Бир неше жас жигитлер ўақытлы-ўақытсыз топарласып, бирин-бири басқылап, шақалақласып күлисип, отырыспалар қурып жүриўди әдет еткен еди (Қ.Айымбетов). Бирин-бири басқылап ўаҳаҳаны салып, кең даланы басына көтерип киятыр (Н.Дәўқараев). Басқыласып күлки үсти-үстине, Кетти шағлап патефонның сести де (И.Юсупов).

БАСҚЫН ат. 1. Суўдың жүдә көп муғдарда болыўы, суўдың басып кетиўи, суў тасқыны. ... усы жылғы суў басқыны жақсы болмады (газетадан). 2. Бир нәрсениң көп болыўы, мол болыўы, зүрәәтли болыўы. Тайда туяк қалмай ҳәмме басқын балыққа жүрип кеткен соң, ... (К.Султанов).

БАСҚЫНШЫ ат. Өзге журтты зорлық пенен басып алыўшы, бастырып кириўши, бағындырыўшы, тараўшы, тонаўшы. Бармасқа душпан қоя ма, Басқыншы журтқа тоя ма (Қ.Ирманов). Тис-тырнағына шекем куралланған басқыншылар Москва қасында тумсығы ўйылғаннан кейин, Кавказға қарай топылып, Сталинградқа бағдар алды (Ғ.Сейтназаров).

БАСҚЫНШЫЛАР ат. Баспашылар, бағындырыўшылар, тонаўшылар, талаушылар. Сол мәҳәллери Хорезмниң елине монгол басқыншылары атланыс жасайды (кк.х.е.). Шет ел басқыншыларына ҳәм езиўшилерине қарсы гүресте қаҳарманлық тарийхы бар, ... (Қ.Айымбетов).

БАСҚЫНШЫЛЫҚ ат. Бағындырыўшылық, зорлық етиўшилик, басып алыўшылық, қаратып алыўшылық, баспашылық, тонаўшылық, талаушылық, биреўдиң жерине басып кириўшилик. Бул кандай басқыншылық? (Қ.Ирманов). Mana siz yuklagan oxirgi rasmdagi (390-bet) matn. Matnning imlosi va tinish belgilariga hech qanday o‘zgartirish kiritilmadi va abzaclarga bo‘lib chiqildi:

Басқыншылық ҳәрекетлер халыққа ҳайўанларша азап-ақырет бериў менен алып барылды (З.Насруллаева). Басқыншылық етиўге, Арысланнан қорқады («Қырқ қыз»).

БАСҚЫШ ат. 1. Төменнен жоқарыға минип түсиў ушын аяк салатуғын, басатуғын текше, миндирги. Жоқарғы полкаға шығатуғын зәңгиниң төменги басқышында еки жигит сөйлесип тур (Н.Дәўқараев). Баслық кеңсениң сыртқы есигиниң алдындағы басқышқа шықты (Ө.Хожаниязов). 2. Тарийхый, мәдений-руўхый, социаллық-экономикалық раўажланыўдың белгили бир дәрежеси, дәўири. Бул шайырлардың творчествосы арқалы қарақалпақ әдебияты жаңа басқышқа көтерилди (Б.Исмайлов). Пытыраңқы жарлы аўыллар турмыстың жаңа басқышына, колхозға кириўге жалпыламай бет бурған дәўир (Қ.Досанов). 3. Дәреже. Этап. ... бул команда район басқышында 1-орын, Республика басқышында 3-орынды ийелеўге миясар болды (газетадан). 4. Белгили бир тутас, ис-ҳәрекетти әмелге асырыўдың айырым-айырым дәўирлери. 5. биол. мед. Биологиялық раўажланыў дәўири.

БАСҚЫШЛЫ кел. Басқышы бар, минип түсетуғын, текшелери, миндиргилери бар. Шәрдәреге басқышлары арқалы көтерилдик (Қ.Айымбетов).

БАСҚЫШПА-БАСҚЫШ Белгили бир басқышларда, дәўирлерде, избе-из түрде. Экономиканың басқышпа-басқыш раўажланыўы. ... ғәрезсизлик жылларында меншиклестириў барысы Өзбекстанда избе-излик пенен басқышпа-басқыш әмелге асырыла баслады («Өзбекстан тарийхы»). ...жоқары оқыў орынларының материаллық-техникалық базасын басқышпа-басқыш беккемлеп барыў ... (газетадан). Аймақларымызда узак мүддетли, жеңилликли кредитлер бериў тийкарында көп қабатлы турак жайлар басқышпа-басқыш курылмакта (газетадан).

БАСЛАМА ат. Белгили бир нәрсениң, истиң басламасы, басы, ең дәслепки басланған ўағы. Женис тойы буның уллы басламасы (Г.Есемуратов). Басламаңызды шын жүректен қарсы аламан (А.Бекимбетов). Сол жумысты алып қолға, Бул тек истиң басламасы (И.Юсупов).

БАСЛАМАЎ ф. 1. Иске, сөзге ямаса бир нәрсеге кириспеў, ҳәрекетке келмеў, қол урмаў, сөйлемеў. Қызлардың сөз басламайтуғынын билген Шерип, ... (Қ.Ирманов). Исти бул жерден басламаў керек (Н.Островский). 2. Өсимликлердиң бас шығармаўы, басламағаны. Басламаған майса көк қамыс жапырақлары сытырласып сығасып тур (Т.Қайыпбергенов).

БАСЛАНҒЫШ кел. 1. Дәслепки, баслапқы. ... балалар басланғыш мектепте билим алады (газетадан). Таңлаўға ағзаларының саны жүзге ҳәм жүзден жоқары болған тараўға қараслы басланғыш шөлкемлер қатнасты (газетадан). Институт ҳаял-қызлар комитетиниң басланғыш шөлкеми жанындағы клуб, орай, дөгереклериниң таярлаған көргизбеси тамашагөйлерге инам етилди (газетадан). 2. Ең әпиўайы, элементар. Басланғыш физика.

БАСЛАНЫЎ баслаў фейилиниң өзгелик дәрежеси. Ал, қарақалпақ фольклорының көпшилигиниң «Ноғайлы елинде» — деп басланыўының негизи усыннан (К.Мәмбетов).

БАСЛАЎ ф. 1. Кирисиў, баслаў ... сабақ жаңа ғана басланып еди. олар да кирип келди (газетадан). Бәлки Шыңғысханның ақылгөй кеңесшилериниң бири болған Майқы бийден баслайды (К.Мәмбетов). 2. Изине ертиў, алда жүриў, басшылық етиў, жетекши болыў. Сәден ғарры балаларға жолды баслап, жабайы жигитликке алып келди (газетадан).

БАСЛАЎШЫ ат. 1. Кирисиўши, баслап жибериўши. Сабақты баслаўшы муғаллим де асығып-албырап класска кирип келди, ҳәмме орынларынан турып сәлем берди, ... (газетадан) 2. Изине ертиўши, алда жүриўши, басшылық етиўши, жетекши болыўшы. Тилеген қыз бенен жигитке жолды баслаўшы болып, аўылдан тоғайға қарай жүрип кетти (газетадан).

БАСЛАЎЫШ ат. 1. Дәслепки, баслапқы, басланғыш. Баслаўыш билим — келешекке жол (газетаdan). Баслаўыш класс муғаллимлериниң форумы (газетадан). 2. Линг. Грамматикадағы гәптин бас ағзасы. Гәптеги баслаўыш сөзлердиң астын бир сызып шығыўды муғаллим оқыўшыларға ескертти (газетадан).

БАСЛЫ кел. Негизги, тийкарғы. Баслы мәселе — халықтың денсаўлығын беккемлеў (газетадан). Тарийхшылар буның ең баслы себеби олардың саўашларда көп қырылғанлығы — деп биледи (К.Мәмбетов).

БАСЛЫҚ I ат. Белгили бир жоқары лаўазымда хызмет атқаратуғын басқарыўшы рәсмий адам. Бурынғы аўыл советтиң баслығы Төребай армияға кетип, орнына жездем баслық болып еди (Г.Изимбетов). Ҳүрметли баслық, депо қурылысының бирден питип қалыўы сизге қалай тәсир етти? (М.Нызанов).

БАСЛЫҚ II ат. Етиктиң қонышынан төменги жағындағы аяк кийимниң үсти бети. Солдаттың етигиниң баслығы да суў болып қалыпты. (газетадан).

БАСЛЫСЫ қ. баслы.

БАСМА (түрк.). Шаш бояўы, краска.

БАС МИЙ қ. мий.

БАСПА ат. Китап, газета, журналларды бастырып шығаратуғын жер, мәкеме. Быйылғы жылы баспадан мектеп оқыўшылары ушын оқыў сабақлықлары шығарылды (газетадан). Усы жылы «Билим» баспасы тәрепинен 86 атамадағы китап өнимлерин басып шығарыў режелестирилген (газетадан).

БАСПА-БАС р. Бир затты екинши бир затқа ҳеш нәрсесиз, үстемесиз, зыят нәрсе берместен алмастырыў. Мәтеке өз меншигиндеги атын колхоздың жылқы фермасына барып, баспа-бас алмастырып алды (газетадан).

БАСПАЙ ат. Тораңғылдың (жөнеўит ағаштың) ямаса жыңғылдың жинишке шыбықларынан дөңгелетип, еки басын ашық етип тоқылған зат. Балықшылар ҳәзир баспай менен балық аўлаўды баслады (газетадан).

БАСПАЙШЫ ат. Баспай тоқыйтуғын, ислейтуғын адам, киси. ... баспай тоқып отырған баспайшы да бизлер менен чай ишиўге келди (газетадан).

БАСПАҚ ат. Сыйырдың кишкене баласы, бузаў. Муратбай оқыўдан келиўден баспағына от әкелип салды (газетадан). Баспақты услап байлады, сыйырды сыртқа шығарып жиберди, соң атын ертледи (Ш.Сейтов).

БАСПАҚЛЫ кел. Баспағы бар, баспаққа ийе. Баспақлы сыйыр бердим (К.Смамутов).

БАСПАҚТАЙ кел. Баспаққа усаған, баспаққа тең, баспаққа мегзес. — Баланың даўысы шынжырға тасланып үрип турған минез-қулықы Базарбайдикинен де шатақ баспақтай нәхән ийт таманнан шықты (Ш.Сейтов).

БАСПАЛАЎ ф. 1. Аўырлаў, басымлаў. Арбадағы жүклер сәл баспалаў болып тур, ... (С.Мәжитов). 2. Зор келиў, басым келиў, пәтлирек келиў. ...сөзге келгенде Жумагүл Айжаннан баспалаў келди.... (газетадан).

БАСПАЛДАҚ ат. қ. БАСҚАЛДАҚ

БАСПАНА ат. Тиришилик ететуғын жер, жасайтуғын үй, жай. ... көлдеги балықшылар да ўақытша туратуғын болса да өзлерине жатып туратуғын бир қамыстан баспана ислеп алыпты (газетадан).

БАСПАНАЛАЎ ф. Қәўип-қәтерден сақланыў, жанын қорғаў. Командир солдатларға: — «Баспаналайтуғын жерди артиллерияның оғынан аман алып қалыўымыз керек», — деди (газетадан).

БАСПАНАЛЫ кел. Үй-жайлы, жасайтуғын, тиришилик ететуғын орын, жай. Жазы менен әйтеўир бир баспаналы болды ғой, ... (А.Бегимов).

БАСПАНАСЫЗ кел. Басында ылашығы жоқ, үйсиз, жайсыз. Бул жигит баспанасыз, қара басы жүрген бир зайыл .... (Қ.Айымбетов).

БАСПАСӨЗ ат. Ўақты-ўақты басылып шығарылатуғын газета-журналлардың улыўма жыйынтығы. Бул жөнинде баспасөзде де ўақты-ўақты жәрияланып барылды, ... (Ө.Айжанов).

БАСПАХАНА ат. Китап, журнал, газетаны машина менен басып шығаратуғын өндирис орны, мәкеме. Екеўи бирден баспаханада ислеп, олар ҳәзир жумысқа жүдә жақсы үйренисип кетти (газетадан).

БАСПАШЫ ат. Орта Азия ҳәм айырым Азия мәмлекетлеринде контрреволюция бандасының қатнасыўшысы. Талаўшы, басып алыўшы, душпан. Елес-қапаста баспашыларда келип аўылға араласты (Қ.Ирманов). Биреўлер оны дүньясына қызыққан баспашылар қара жерге гүмиран етти десе, екинши биреўлер өзиниң ислеген аўыр жынаятынан қорқып Парсыға я Гөне Үргенишке қашып кеткен деп шығарды (А.Бекимбетов).

БАСПАШЫЛЫҚ ат. Басып алыўшылық, талаўшылық, душпаншылық. Айырым адамлар баспашылық пенен шуғылланды (Қ.Аралбаев).

БАСПҮКИЛ Биротала. Жайлаў — үлкен бир магнит, мен соннан алыслаўдағы темир мыйық едимдағы, баспүкил тартып алмағаны менен басымды сол магнит аўытқыта беретуғын еди (Ш.Сейтов).

БАССЕЙН ат. (фр. bassin — ҳәўиз). 1. Суў жыйналып туратуғын жер, көлшилик, ҳәўиз. Жер ҳәм суў бассейнлеринен мақсетсиз пайдаланып атырған тәбийғый ҳәм жасалма суў бассейнлерин хатлаўдан өткериў (газетадан). 2. геогр. Бир көлге куйған барлық көп суўларды және оның куятуғынларын бириктирип турған аймақ. Волга дәрьясының бассейни ең ири бассейнлерден есапланады (газетадан). 3. геол. Жер асты байлықларының шығатуғын жери, орны, мәканы. Тас көмир бассейнинен көмир көплеп басқа жерлерге де кетип атыр (газетадан). 4. спорт. Жүзиў спорты ушын арнаўлы исленген жасалма суў ҳәўизи, бассейн майданшасы. Нөкис қаласындағы бассейнлерге оқыўшыларды алып барып, жүзиў бойынша да сабақлар өтилсе мақул болар еди (газетадан). Балалар спортын раўажландырыў қоры есабынан қалада баҳасы 4,7 млрд. сумлық 25х11 өлшемдеги ҳәўиз бенен бассейн ҳәм 18х30 өлшемдеги спорт зал қурылып, балаларымыздың спорт түрлери менен шуғылланыўына жақсы шараят жаратылды (газетадан).

БАССЫЗ кел. 1. Басы жок, бастан айырылған, жуда болған. Бассыз шабандоз (Майн Рид). 2. аўыс. Ақылы жок, ақылсыз, мийсиз. Ақылсыз бассыз, — деп кемпир сөйлениўи менен сыртқа шығып кетти (кк.х.е.). 3. аўыс. Әдепсиз, мәдениятсыз, бийәдеп. Барып турған әдепсиз, бассыз екенсең, усындай да ислерди ислермисең, — деп Мәтеке кирип келди (К.Султанов).

БАССЫЗЛЫҚ ат. Әдепсизлик, көргенсизлик, тәртипсизлик, бийәдеплилик. Сениң бул ислеген ислериңниң ҳәммеси бассызлық ғой, — деди де Дүйсен Елмуратқа ашыўланыўы менен үйден шығып, артына бурылып, қарамастан кетип қалды (газетадан).

БАС-СЫЙРАҚ ат. Ири ҳәм майда маллардың басы менен аяғы, малды сойғаннан кейин басы менен төрт аяғының бөлек алыныўы. Дүканда малдың бас-сыйрақлары бөлек сатылып тур екен, — деп Есжан ҳаялына айта келди (газетадан).

БАССЫНБАЎ ф. Мисе тутыў, адам есабына алыў. Ҳеш ўақытта өзиндей адамды бассынбаў керек, сыйлап билиў керек, — деп ғарры жолаўшыға өз нәсиятын айтты (кк.х.е.). сақ — Ҳеш ким бассынбайды. — Ақсақалдың даўысына қаталлық енди (Ш.Сейтов).

БАССЫНЫЎ ф. Менсинбеў, мисе тутпаў, адам есабына алмаў. Әлийди пәжмүрделеў көрип, оның менен сөйлескенде мазақлап, Дүйсен ҳәр түрли дәлкек сөзлерди айтып, оны бассынып отырды (газетадан). Сен ырасы менен-ақ мени судланады деп, усы гәплерди бассынып айтып отырсаң ғой, мә судланар! (Ш.Сейтов).

БАСТА қ. басында.

БАСТАН р. Әўелден, дәслептен, алдыннан, әдептен, әўел бастан, алды менен, алдын ала, алды бурын... Усыны бастан-ақ ислеў керек еди, — деп Сәлийма ашыўланыўы менен есикти тартып урып кетти (К.Султанов). ◊ Бастан-аяк — бир нәрсениң басынан аяғына шекемги аралық, басынан аяғына шекем. Болған ўақыяның ҳәммесин қалдырмастан, бастан-аяқ Мәтеке председательге баян етти (К.Султанов). Бастан кешириў — болған ўақыяны, ҳәдийсени өз турмысында көриў, өткериў. Сапар барлық қыйыншылықларды бастан кеширип келди (К.Султанов). Жетим де өзине боларлық қыйыншылықларды бастан өткердим, — деп баян етип отыр (Ж.Аймурзаев).

БАСТАҢҒЫ кел. Бир үйден ямаса бир аўылдан басқа жаққа биреўдиң қыдырып кеткенде, үйде ямаса аўылда қалғанлар жыйналысып, қыдырып кеткен адамның басы аўырмасын деген әдет бойынша сол қыдырып кеткен адамның үйиниң есабынан писирип жейтиўин аўқат, тамақ. ас. Ғарры қыдырып кетиўден қоңсы-қобалары жыйналысып келип, Мәрзия кемпирдиң үйинен бастаңғы етип аўқат жейтиўин еди (газетадан).

БАС ТОН кел. Турарлық, жетерлик, жеткиликли.... бул саған бас тон ғой, — деп Сәлийма Жәмийланың сөзин қуўатлап қойды (К.Султанов).

БАСТЫРМА ат. Төрт қапталы ашық туратуғын, үсти бастырылған балкон сыяклы адамлардың отыратуғын, жасайтуғын орны, жайы. Арқадағы бастырма беттен жат адамның қарлыққан сести шықты (А.Бекимбетов). Ағаш бастырмалардың да саны көп (Т.Қайыпбергенов).

БАСТЫРМАЛАТЫЎ ф. Бир нәрсени болдырыў ушын күш салыў, зорлаў, аўырманшылық түсиў, күшейиў. Мени көрип қасыма жуўырып келди, — Қармақларың қайда, балық услаўға барамыз ба? — деп бастырмалатып баратыр (К.Смамутов).

БАСТЫРМАЛАЎ ф. 1. Үсти-үстине дүбей бериў, қыстастырыў, тезлетиў. — Бир жуўап бермесеңиз болмайды, — деп қудалар да Назлы кемпирди бастырмалай берди (К.Султанов). 2. Бастырма соғыў, қурыў.

БАСТЫРМАЛЫ кел. Үсти бастырылған. Минип баратырғанымыз да үсти бастырмалы «портовой» машын (М.Нызанов).

БАСТЫРЫНЫҒЫЎ ф. Бастырынып уйқылап атырған адамның дем ала алмай туншығып шоршып ояныўы, түс көрип сөйлениўи, қорқып бақырыўы, анаў-мынаў нәрселерди айтып сандырақлаўы. Бастырынығып бақыра ояндым (Ж.Аймурзаев).

БАСТЫРЫНЫЎ ф. Көрпеге қаўсырылып, оралып жатыў, бүркенип жатыў. Қанша бастырынып жатса да уйқысы келмеди,... (А.Бегимов). Жийемурат ыссыда бастырынып жата алмай, жаңа оянған кисиге усады (Т.Қайыпбергенов). Анаў зәҳәринди иш те бастырынып жат! (Ш.Сейтов).

БАСТЫРЫЎ ф. 1. Бир нәрсениң үстин, жүзин бастырып қойыў, қаўсырыў, бүркеў, жабыў. Сол күни жер төлени бастырып алып, аўқатқа да тойдық (Ө.Айжанов). Қазанның қақпағы бастырыўлы қайнап, пуўы қазанның ернегинеи шығып тур (С.Хожаниязов). 2. Баспададан китап шығарыў. Баяты «гүл» булбүлди уйқастырып, шатпақлап өзгертпей-ақ үш бастырып шығарды (И.Юсупов). 3. Материалды машинкадан шығарыў. Капитан машинистка қыздың қасына келип мынадай мазмунлы приказды айтып турып бастырды (А.Бекимбетов). 4. Ҳужим жасаў. ... 1714-жылы Хийўаның ханы Ядгархан Арабия сапарына кеткен ўағында Араллы өзбеклериниң қуўатлаўы нәтийжесинде қарақалпақ ханы Ешим Мухаммедтиң Хийўаға бастырып киргени ҳаққында айтылады (К.Мәмбетов). ◊ Атқа бастырыў — аттың алдына салып айдаў, қуўыў, сабаў, урыў. Ғайратын қатаң тастырды, Өкшесин атқа бастырды, Суўпы-ийшанды айдады («Мәспатша»). ... атқа бастырып, желке шашыңды жулғысы келеди. ... (С.Хожаниязов). Шаңға бастырыў — шаңды бурқыратып өтиў, шаңда қалдырыў, озып кетиў. Усы Аршан озектиң жағасында той-мерекелер болғанда бай балалары үстимизден жорға сүрип өтип, шаңға бастырып өтетуғын еди (С.Хожаниязов). Мөрин бастырыў — белгили бир документти тастыйықлаў ушын мөрин қойдырыў, бастырыў. Бийге жиберип, мөрин бастырып, пүткиллей қатым етип алды (А.Бегимов). Аяғын бастырыў — кишкене балаларды, жанлы-жаныўарларды көтерип аяғын бастырыў, аўырыў адамның, жығылған адамның қолтығынан көтерип аяғын бастырыў, сүйеў. Жас бузаў тентиреклеп кетсе оны тикейтти де аяғын бастырып сүйеди (Ө.Айжанов). Мала бастырыў — айдалған жердиң ири кесеклерин майдалап тегислеў, егинниң үстин ўайранлап таслаў, жапырыў. Сөйтип доңызға мала бастырып, Дәўеке писейин деп турған жүўерисинен айырылды (Қ.Айымбетов).

БАСТЫРЫЎШЫ ат. Қандай да бир жумысты ислеўши, орынлаўшы, питкериўши адам. Музларды ойып, ойылған музлардың орнына балықларды текшелеп жыйнаўшы, бастырыўшыларды тайын етти (А.Бегимов).

БАСШЫ ат. Белгили бир орынға, жерге, мәкемеге басшылық етиўши, баслық, басқарыўшы, меңгериўши. Митинг басланды, басшылар сөз сөйледи (Қ.Айымбетов). ... ферма басшысының сөзин еситкен көпшилик силтидей бир тынып алды (Ж.Сейтназаров).

БАСШЫЛЫҚ ат. Жумыс алып барыўшылық, меңгериўшилик. Есенгелди сол күни ақшамы менен той жеп, күндизги қызығын баслаў ушын мерекеге басшылық етпеге шығып кетеди (Қ.Айымбетов). Фермаға жанлы басшылық керек (Ө.Айжанов).

БАСЫБАЙЛЫ кел. Өзиниң жеке басының ерки жоқ, биреўге ғәрезли, биреўге меншикленген, қараслы. Болыс өзиниң қарамағындағы мийнеткеш халықты өзиниң басыбайлы кулларындай етип жумсады ҳәм қысты (К.Ирманов).

БАСЫҚЛЫҚ кел. Салдаманлы, өзин басып алған. Бизлердиң ҳәр бир сораўларымызға терең ой ҳәм басықлық пенен жуўап бериўши инсан сәўлеленеди (газетадан).

БАСЫЛДЫРЫЎ ф. Жеңиў, айыў, басым болыў, күшлирек келиў. Басылдырып барлық Саркоп жигитин, Байрақларды жат ел алып кетипти («Қырқ қыз»). Кимсини дүпеңлеп, кимсини шаншып, Көп ләшкерди басылдырған Әзберген (Бердақ).


